key,fare_amount
2015-01-27 13:08:24.0000002,11.04
2015-01-27 13:08:24.0000003,11.03
2011-10-08 11:53:44.0000002,4.99
2012-12-01 21:12:12.0000002,9.02
2012-12-01 21:12:12.0000003,16.74
2012-12-01 21:12:12.0000005,11.01
2011-10-06 12:10:20.0000001,5.68
2011-10-06 12:10:20.0000003,51.28
2011-10-06 12:10:20.0000002,11.02
2014-02-18 15:22:20.0000002,7.23
2014-02-18 15:22:20.0000003,8.97
2014-02-18 15:22:20.0000001,19.32
2010-03-29 20:20:32.0000002,4.59
2010-03-29 20:20:32.0000001,7.28
2011-10-06 03:59:12.0000002,6.66
2011-10-06 03:59:12.0000001,10.83
2012-07-15 16:45:04.0000006,6.15
2012-07-15 16:45:04.0000002,10.76
2012-07-15 16:45:04.0000003,5.38
2012-07-15 16:45:04.0000004,5.45
2014-10-29 02:09:56.0000001,5.5
2014-06-14 13:39:00.00000010,9.58
2014-06-14 13:39:00.00000060,7.89
2014-06-14 13:39:00.00000087,9.05
2014-06-14 13:39:00.00000050,19.65
2014-06-14 13:39:00.0000003,8.21
2014-06-14 13:39:00.000000158,38.34
2014-06-14 13:39:00.00000015,25.95
2014-06-14 13:39:00.00000073,6.86
2014-06-14 13:39:00.00000077,17.33
2014-06-14 13:39:00.000000145,10.17
2014-06-14 13:39:00.00000079,5.98
2014-06-14 13:39:00.000000121,5.74
2014-06-14 13:39:00.00000021,12.97
2014-06-14 13:39:00.0000005,8.8
2014-06-14 13:39:00.000000165,7.25
2014-06-14 13:39:00.000000184,5.77
2014-06-14 13:39:00.00000059,6.64
2014-06-14 13:39:00.00000070,9.45
2014-06-14 13:39:00.00000068,4.91
2014-06-14 13:39:00.000000133,20.39
2014-06-14 13:39:00.000000128,12.12
2014-06-14 13:39:00.000000136,22.04
2014-06-14 13:39:00.00000017,12.63
2014-06-14 13:39:00.000000111,6.37
2014-06-14 13:39:00.000000115,12.23
2014-06-14 13:39:00.000000168,6.08
2014-06-14 13:39:00.00000031,7.23
2014-06-14 13:39:00.000000116,6.71
2014-06-14 13:39:00.00000051,5.26
2014-06-14 13:39:00.000000193,14.77
2014-06-14 13:39:00.000000132,15.02
2014-06-14 13:39:00.000000167,23.15
2014-06-14 13:39:00.00000044,6.77
2014-06-14 13:39:00.000000138,6.69
2014-06-14 13:39:00.00000066,15.7
2014-06-14 13:39:00.00000063,10.38
2014-06-14 13:39:00.000000154,13.69
2014-06-14 13:39:00.00000097,14.4
2014-06-14 13:39:00.00000067,14.27
2014-06-14 13:39:00.000000179,7.98
2014-06-14 13:39:00.00000092,12.34
2014-06-14 13:39:00.00000029,6.16
2014-06-14 13:39:00.000000177,6.16
2014-06-14 13:39:00.000000192,7.6
2014-06-14 13:39:00.000000181,6.81
2014-06-14 13:39:00.000000120,12.39
2014-06-14 13:39:00.0000008,5.73
2014-06-14 13:39:00.000000103,5.04
2014-06-14 13:39:00.00000049,17.48
2014-06-14 13:39:00.000000108,8.11
2014-06-14 13:39:00.00000072,5.85
2014-06-14 13:39:00.000000182,15.0
2014-06-14 13:39:00.00000061,6.62
2014-06-14 13:39:00.00000093,10.23
2014-06-14 13:39:00.000000170,14.95
2014-06-14 13:39:00.000000147,45.97
2014-06-14 13:39:00.000000140,6.04
2014-06-14 13:39:00.000000159,5.86
2014-06-14 13:39:00.00000012,5.5
2014-06-14 13:39:00.00000025,6.38
2014-06-14 13:39:00.000000156,7.12
2014-06-14 13:39:00.000000152,8.51
2014-06-14 13:39:00.000000129,10.51
2014-06-14 13:39:00.000000119,19.82
2014-06-14 13:39:00.000000118,6.24
2014-06-14 13:39:00.00000076,5.64
2014-06-14 13:39:00.000000135,7.51
2014-06-14 13:39:00.00000023,21.88
2014-06-14 13:39:00.00000082,10.42
2014-06-14 13:39:00.000000125,12.69
2014-06-14 13:39:00.00000075,10.33
2014-06-14 13:39:00.000000124,7.11
2014-06-14 13:39:00.000000172,7.5
2014-06-14 13:39:00.00000024,15.59
2014-06-14 13:39:00.000000169,15.34
2014-06-14 13:39:00.00000052,12.48
2014-06-14 13:39:00.000000161,14.86
2014-06-14 13:39:00.00000038,9.06
2014-06-14 13:39:00.00000035,13.08
2014-06-14 13:39:00.00000053,14.01
2014-06-14 13:39:00.000000183,6.78
2014-06-14 13:39:00.000000131,55.16
2014-06-14 13:39:00.000000180,8.44
2014-06-14 13:39:00.000000130,5.3
2014-06-14 13:39:00.00000032,5.04
2014-06-14 13:39:00.000000148,12.97
2014-06-14 13:39:00.0000007,10.65
2014-06-14 13:39:00.00000095,12.02
2014-06-14 13:39:00.000000144,38.29
2014-06-14 13:39:00.000000141,30.33
2014-06-14 13:39:00.000000162,20.34
2014-06-14 13:39:00.00000018,14.17
2014-06-14 13:39:00.00000054,10.0
2014-06-14 13:39:00.00000040,6.96
2014-06-14 13:39:00.00000096,7.27
2014-06-14 13:39:00.00000055,29.2
2014-06-14 13:39:00.000000109,10.3
2014-06-14 13:39:00.000000151,8.25
2014-06-14 13:39:00.00000016,11.98
2014-06-14 13:39:00.00000062,12.87
2014-06-14 13:39:00.000000191,5.65
2014-06-14 13:39:00.00000034,9.83
2014-06-14 13:39:00.000000160,8.2
2014-06-14 13:39:00.00000013,6.4
2014-06-14 13:39:00.000000188,5.79
2014-06-14 13:39:00.00000086,9.78
2014-06-14 13:39:00.000000185,12.85
2014-06-14 13:39:00.00000074,10.02
2014-06-14 13:39:00.00000022,18.83
2014-06-14 13:39:00.00000036,5.62
2014-06-14 13:39:00.000000126,5.27
2014-06-14 13:39:00.000000190,6.47
2014-06-14 13:39:00.00000042,6.7
2014-06-14 13:39:00.000000178,7.44
2014-06-14 13:39:00.000000163,6.17
2014-06-14 13:39:00.00000020,14.74
2014-06-14 13:39:00.00000098,7.98
2014-06-14 13:39:00.000000114,23.51
2014-06-14 13:39:00.00000045,9.49
2014-06-14 13:39:00.00000094,5.68
2014-06-14 13:39:00.000000146,11.65
2014-06-14 13:39:00.00000033,9.6
2014-06-14 13:39:00.000000143,5.4
2014-06-14 13:39:00.000000107,8.09
2014-06-14 13:39:00.00000048,9.52
2014-06-14 13:39:00.00000043,13.87
2014-06-14 13:39:00.000000123,9.66
2014-06-14 13:39:00.000000134,10.16
2014-06-14 13:39:00.000000142,6.67
2014-06-14 13:39:00.000000122,11.27
2014-06-14 13:39:00.000000176,10.64
2011-12-12 09:42:12.0000004,6.17
2011-12-12 09:42:12.0000002,4.69
2011-12-12 09:42:12.0000001,11.31
2011-12-12 09:42:12.0000003,5.96
2011-12-12 09:42:12.0000005,7.88
2013-06-27 00:20:40.0000001,19.76
2013-06-27 00:20:40.0000003,10.97
2009-02-20 13:34:16.0000001,7.93
2009-02-20 13:34:16.0000002,13.2
2009-02-20 13:34:16.0000003,7.62
2010-08-22 21:14:08.0000001,29.49
2010-08-22 21:14:08.0000005,17.28
2010-08-22 21:14:08.0000003,5.69
2010-08-22 21:14:08.0000002,7.36
2012-08-06 08:58:08.0000002,7.33
2012-08-06 08:58:08.0000001,22.5
2013-11-04 08:34:12.0000003,5.68
2013-11-04 08:34:12.0000001,10.84
2013-11-04 08:34:12.0000002,10.08
2011-06-24 20:34:48.0000002,7.47
2011-06-24 20:34:48.0000001,19.51
2011-03-28 20:38:36.0000003,5.57
2011-03-28 20:38:36.0000004,5.38
2011-03-28 20:38:36.0000002,7.61
2011-08-14 20:36:28.0000004,5.95
2011-08-14 20:36:28.0000001,6.16
2011-08-14 20:36:28.0000003,23.3
2011-08-14 20:36:28.0000002,7.43
2015-02-21 15:52:44.0000004,23.85
2015-02-21 15:52:44.0000003,11.03
2015-02-21 15:52:44.0000002,19.76
2015-02-21 15:52:44.0000001,11.1
2013-01-29 11:29:52.0000001,9.85
2014-09-12 19:03:48.0000001,11.35
2013-11-09 18:52:40.0000004,10.28
2013-11-09 18:52:40.0000002,13.56
2013-04-25 16:10:04.0000001,58.15
2013-04-25 16:10:04.0000002,9.2
2013-09-07 14:37:52.0000001,7.93
2013-09-07 14:37:52.0000002,11.11
2013-09-07 14:37:52.0000003,6.55
2011-05-21 13:16:20.0000004,5.45
2011-05-21 13:16:20.0000001,6.39
2011-05-21 13:16:20.0000003,8.76
2011-11-25 16:36:24.0000002,6.26
2011-11-25 16:36:24.0000001,11.68
2015-01-31 20:54:04.0000001,5.99
2010-11-01 23:31:28.0000002,5.97
2010-11-01 23:31:28.0000001,8.0
2010-11-01 23:31:28.0000003,9.56
2011-03-24 15:57:04.0000003,5.26
2011-03-24 15:57:04.0000001,8.47
2010-05-10 10:37:04.0000005,6.16
2010-05-10 10:37:04.0000002,6.33
2010-05-10 10:37:04.0000003,8.95
2010-05-10 10:37:04.0000006,7.65
2012-06-09 16:53:44.0000002,8.29
2012-08-22 22:39:20.0000003,18.9
2012-08-22 22:39:20.0000001,5.2
2012-12-23 02:29:16.0000001,15.34
2012-06-30 15:55:12.0000004,14.78
2012-06-30 15:55:12.0000002,6.25
2012-06-30 15:55:12.0000003,12.91
2012-06-30 15:55:12.0000001,6.08
2011-10-02 23:36:00.00000056,10.35
2011-10-02 23:36:00.00000086,13.42
2011-10-02 23:36:00.00000081,14.64
2011-10-02 23:36:00.0000009,5.34
2011-10-02 23:36:00.00000041,12.2
2011-10-02 23:36:00.00000091,5.21
2011-10-02 23:36:00.0000008,10.86
2011-10-02 23:36:00.00000015,25.28
2011-10-02 23:36:00.00000014,9.48
2011-10-02 23:36:00.00000047,7.63
2011-10-02 23:36:00.00000076,7.54
2011-10-02 23:36:00.00000011,7.37
2011-10-02 23:36:00.00000075,5.35
2011-10-02 23:36:00.00000035,6.73
2011-10-02 23:36:00.00000099,7.62
2011-10-02 23:36:00.00000062,7.78
2011-10-02 23:36:00.00000085,8.09
2011-10-02 23:36:00.00000043,16.69
2011-10-02 23:36:00.00000071,10.89
2011-10-02 23:36:00.00000023,5.23
2011-10-02 23:36:00.00000092,6.44
2011-10-02 23:36:00.00000037,9.52
2011-10-02 23:36:00.00000083,10.85
2011-10-02 23:36:00.00000054,11.58
2011-10-02 23:36:00.00000073,9.55
2011-10-02 23:36:00.0000005,7.91
2011-10-02 23:36:00.00000095,5.22
2011-10-02 23:36:00.00000088,6.94
2011-10-02 23:36:00.00000030,7.46
2011-10-02 23:36:00.0000007,11.85
2011-10-02 23:36:00.00000013,8.86
2011-10-02 23:36:00.00000065,25.1
2011-10-02 23:36:00.00000089,47.86
2011-10-02 23:36:00.00000096,7.86
2011-10-02 23:36:00.00000039,9.58
2011-10-02 23:36:00.00000038,25.44
2011-10-02 23:36:00.00000067,17.67
2011-10-02 23:36:00.00000077,11.47
2011-10-02 23:36:00.00000020,15.17
2011-10-02 23:36:00.00000063,15.17
2011-10-02 23:36:00.00000012,9.14
2011-10-02 23:36:00.00000058,15.94
2011-10-02 23:36:00.00000026,11.5
2011-10-02 23:36:00.00000074,20.95
2011-10-02 23:36:00.00000059,47.84
2011-10-02 23:36:00.00000090,14.16
2011-10-02 23:36:00.0000004,29.3
2011-10-02 23:36:00.0000003,15.24
2011-10-02 23:36:00.00000021,16.6
2011-10-02 23:36:00.00000097,7.93
2011-10-02 23:36:00.00000036,18.36
2011-10-02 23:36:00.00000024,21.32
2011-10-02 23:36:00.00000082,46.59
2011-10-02 23:36:00.000000100,7.65
2011-10-02 23:36:00.00000040,5.78
2011-10-02 23:36:00.00000022,5.72
2013-03-21 12:47:28.0000006,11.06
2013-03-21 12:47:28.0000008,12.68
2013-03-21 12:47:28.0000003,12.64
2013-03-21 12:47:28.0000005,8.0
2013-03-21 12:47:28.0000002,8.52
2013-06-07 03:02:56.0000002,17.74
2013-06-07 03:02:56.0000001,8.33
2010-09-05 22:31:32.0000002,26.97
2013-07-12 23:33:24.0000001,10.87
2009-12-03 02:32:08.0000001,19.71
2009-10-15 03:50:36.0000001,4.64
2011-09-25 22:36:32.0000002,22.07
2011-09-25 22:36:32.0000001,11.74
2015-06-08 20:02:56.0000001,12.48
2014-07-16 08:03:32.0000002,11.18
2014-07-16 08:03:32.0000001,11.02
2011-12-15 13:14:32.0000002,8.17
2011-12-15 13:14:32.0000001,6.03
2011-10-11 22:13:48.0000002,12.97
2011-10-11 22:13:48.0000005,8.08
2011-10-11 22:13:48.0000003,6.45
2013-09-14 16:53:20.0000001,8.27
2013-09-14 16:53:20.0000002,11.56
2014-02-06 09:09:56.0000004,5.54
2014-02-06 09:09:56.0000003,6.88
2014-02-06 09:09:56.0000001,5.1
2009-06-10 16:55:00.00000081,29.67
2009-06-10 16:55:00.00000029,5.1
2009-06-10 16:55:00.000000109,8.73
2009-06-10 16:55:00.00000098,46.03
2009-06-10 16:55:00.00000054,10.04
2009-06-10 16:55:00.00000021,32.45
2009-06-10 16:55:00.00000012,9.03
2009-06-10 16:55:00.00000033,5.87
2009-06-10 16:55:00.00000024,9.23
2009-06-10 16:55:00.00000099,11.54
2009-06-10 16:55:00.0000009,6.97
2009-06-10 16:55:00.000000158,7.0
2009-06-10 16:55:00.000000141,4.73
2009-06-10 16:55:00.00000093,7.16
2009-06-10 16:55:00.000000161,9.82
2009-06-10 16:55:00.00000088,5.5
2009-06-10 16:55:00.0000003,8.31
2009-06-10 16:55:00.00000018,5.94
2009-06-10 16:55:00.00000047,8.46
2009-06-10 16:55:00.000000154,10.93
2009-06-10 16:55:00.000000131,5.9
2009-06-10 16:55:00.00000046,12.88
2009-06-10 16:55:00.0000004,5.92
2009-06-10 16:55:00.000000107,5.58
2009-06-10 16:55:00.000000114,6.87
2009-06-10 16:55:00.000000117,7.94
2009-06-10 16:55:00.000000162,10.24
2009-06-10 16:55:00.00000049,10.98
2009-06-10 16:55:00.00000069,7.66
2009-06-10 16:55:00.000000111,8.16
2009-06-10 16:55:00.00000083,5.31
2009-06-10 16:55:00.000000166,67.15
2009-06-10 16:55:00.000000135,10.36
2009-06-10 16:55:00.00000044,31.35
2009-06-10 16:55:00.00000085,8.65
2009-06-10 16:55:00.000000115,5.77
2009-06-10 16:55:00.000000108,6.62
2009-06-10 16:55:00.00000034,6.7
2009-06-10 16:55:00.00000060,17.14
2009-06-10 16:55:00.000000120,5.33
2009-06-10 16:55:00.000000174,31.31
2009-06-10 16:55:00.0000007,6.97
2009-06-10 16:55:00.000000159,7.54
2009-06-10 16:55:00.000000171,22.72
2009-06-10 16:55:00.000000145,13.32
2009-06-10 16:55:00.00000074,7.96
2009-06-10 16:55:00.000000138,11.76
2009-06-10 16:55:00.00000048,4.94
2009-06-10 16:55:00.000000101,5.08
2009-06-10 16:55:00.000000153,5.41
2009-06-10 16:55:00.0000002,10.55
2009-06-10 16:55:00.00000037,8.98
2009-06-10 16:55:00.000000151,9.77
2009-06-10 16:55:00.000000127,27.53
2009-06-10 16:55:00.000000144,24.66
2009-06-10 16:55:00.000000165,12.49
2009-06-10 16:55:00.0000008,5.51
2009-06-10 16:55:00.000000122,7.4
2009-06-10 16:55:00.00000055,27.31
2009-06-10 16:55:00.00000079,5.67
2009-06-10 16:55:00.00000016,16.54
2009-06-10 16:55:00.000000160,18.17
2009-06-10 16:55:00.000000139,5.38
2009-06-10 16:55:00.00000075,5.04
2009-06-10 16:55:00.00000017,7.09
2009-06-10 16:55:00.00000070,6.02
2009-06-10 16:55:00.000000118,12.6
2009-06-10 16:55:00.00000066,12.86
2009-06-10 16:55:00.000000164,6.65
2009-06-10 16:55:00.000000100,10.32
2009-06-10 16:55:00.00000082,9.26
2009-06-10 16:55:00.00000090,12.81
2009-06-10 16:55:00.000000125,12.11
2009-06-10 16:55:00.000000149,6.1
2009-06-10 16:55:00.00000068,11.94
2009-06-10 16:55:00.00000039,5.89
2009-06-10 16:55:00.000000124,5.37
2009-06-10 16:55:00.00000053,7.16
2009-06-10 16:55:00.00000045,8.86
2009-06-10 16:55:00.000000102,5.92
2009-06-10 16:55:00.000000140,8.85
2009-06-10 16:55:00.000000148,7.35
2009-06-10 16:55:00.000000147,6.2
2009-06-10 16:55:00.00000097,8.02
2009-06-10 16:55:00.00000094,6.49
2009-06-10 16:55:00.00000078,8.56
2009-06-10 16:55:00.00000035,6.31
2009-06-10 16:55:00.00000072,9.02
2009-06-10 16:55:00.00000031,5.8
2009-06-10 16:55:00.00000056,8.49
2009-06-10 16:55:00.000000128,18.7
2009-06-10 16:55:00.00000057,6.29
2009-06-10 16:55:00.00000030,7.46
2009-06-10 16:55:00.00000043,12.41
2009-06-10 16:55:00.000000146,7.05
2009-06-10 16:55:00.00000010,8.79
2009-06-10 16:55:00.00000067,11.04
2009-06-10 16:55:00.000000119,4.95
2009-06-10 16:55:00.00000076,19.59
2009-06-10 16:55:00.00000025,6.2
2009-06-10 16:55:00.00000071,17.09
2009-06-10 16:55:00.000000143,9.24
2013-06-26 11:19:36.0000002,6.48
2014-09-05 10:02:48.0000004,5.17
2014-09-05 10:02:48.0000002,9.72
2014-09-05 10:02:48.0000001,38.32
2014-09-05 10:02:48.0000003,10.01
2012-09-19 12:31:40.0000001,9.53
2012-09-19 12:31:40.0000002,6.77
2009-03-22 04:31:40.0000002,19.64
2009-08-27 02:31:44.0000001,18.71
2009-05-02 20:11:32.0000001,9.69
2009-05-02 20:11:32.0000004,9.94
2011-02-20 02:31:16.0000002,7.46
2011-02-20 02:31:16.0000001,18.57
2011-06-24 12:03:00.00000010,6.24
2011-06-24 12:03:00.00000067,11.39
2011-06-24 12:03:00.00000071,10.96
2011-06-24 12:03:00.000000100,6.8
2011-06-24 12:03:00.000000145,5.67
2011-06-24 12:03:00.000000152,9.97
2011-06-24 12:03:00.00000026,11.71
2011-06-24 12:03:00.000000199,6.45
2011-06-24 12:03:00.000000195,5.44
2011-06-24 12:03:00.000000119,6.35
2011-06-24 12:03:00.00000086,5.49
2011-06-24 12:03:00.00000012,7.87
2011-06-24 12:03:00.00000097,23.03
2011-06-24 12:03:00.00000058,5.24
2011-06-24 12:03:00.000000176,5.38
2011-06-24 12:03:00.000000139,4.99
2011-06-24 12:03:00.00000048,7.61
2011-06-24 12:03:00.000000159,7.14
2011-06-24 12:03:00.00000079,5.31
2011-06-24 12:03:00.000000138,7.6
2011-06-24 12:03:00.000000135,11.86
2011-06-24 12:03:00.000000173,5.55
2011-06-24 12:03:00.000000162,11.86
2011-06-24 12:03:00.00000018,11.03
2011-06-24 12:03:00.000000136,6.09
2011-06-24 12:03:00.000000185,8.66
2011-06-24 12:03:00.00000069,7.04
2011-06-24 12:03:00.000000105,7.31
2011-06-24 12:03:00.000000180,6.65
2011-06-24 12:03:00.00000053,11.07
2011-06-24 12:03:00.000000142,7.0
2011-06-24 12:03:00.000000188,9.1
2011-06-24 12:03:00.00000089,5.43
2011-06-24 12:03:00.000000109,7.96
2011-06-24 12:03:00.00000074,6.64
2011-06-24 12:03:00.000000113,10.84
2011-06-24 12:03:00.00000044,6.06
2011-06-24 12:03:00.000000183,5.96
2011-06-24 12:03:00.00000047,5.93
2011-06-24 12:03:00.0000006,10.65
2011-06-24 12:03:00.0000005,9.07
2011-06-24 12:03:00.000000200,11.42
2011-06-24 12:03:00.000000127,7.79
2011-06-24 12:03:00.000000120,11.72
2011-06-24 12:03:00.000000133,6.29
2011-06-24 12:03:00.00000073,5.82
2011-06-24 12:03:00.000000101,4.77
2011-06-24 12:03:00.000000187,9.88
2011-06-24 12:03:00.000000122,8.52
2011-06-24 12:03:00.000000175,6.03
2011-06-24 12:03:00.000000154,10.01
2011-06-24 12:03:00.000000197,7.97
2011-06-24 12:03:00.00000017,7.76
2011-06-24 12:03:00.000000186,10.4
2011-06-24 12:03:00.00000020,9.78
2011-06-24 12:03:00.00000035,10.09
2011-06-24 12:03:00.000000193,7.74
2011-06-24 12:03:00.000000201,8.51
2011-06-24 12:03:00.00000054,24.09
2011-06-24 12:03:00.00000075,7.31
2011-06-24 12:03:00.000000114,7.88
2011-06-24 12:03:00.00000062,26.73
2011-06-24 12:03:00.00000055,25.73
2011-06-24 12:03:00.00000025,5.96
2011-06-24 12:03:00.00000022,5.8
2011-06-24 12:03:00.000000144,12.87
2011-06-24 12:03:00.000000177,6.36
2011-06-24 12:03:00.000000124,5.72
2011-06-24 12:03:00.00000094,5.28
2011-06-24 12:03:00.00000041,6.11
2011-06-24 12:03:00.000000141,6.75
2011-06-24 12:03:00.00000092,8.35
2011-06-24 12:03:00.000000189,16.84
2011-06-24 12:03:00.000000171,10.91
2011-06-24 12:03:00.000000157,6.28
2011-06-24 12:03:00.000000179,8.13
2011-06-24 12:03:00.000000107,11.35
2011-06-24 12:03:00.00000095,15.19
2011-06-24 12:03:00.00000076,8.93
2011-06-24 12:03:00.000000156,7.16
2011-06-24 12:03:00.000000111,31.44
2011-06-24 12:03:00.000000116,8.24
2011-06-24 12:03:00.00000033,8.59
2011-06-24 12:03:00.00000082,5.52
2011-06-24 12:03:00.00000078,5.59
2011-06-24 12:03:00.00000051,6.16
2011-06-24 12:03:00.000000143,11.58
2011-06-24 12:03:00.000000126,13.19
2011-06-24 12:03:00.00000088,8.93
2011-06-24 12:03:00.000000191,16.58
2011-06-24 12:03:00.00000063,14.06
2011-06-24 12:03:00.00000045,14.58
2011-06-24 12:03:00.00000060,7.05
2011-06-24 12:03:00.00000040,33.05
2011-06-24 12:03:00.00000057,9.01
2011-06-24 12:03:00.00000013,6.01
2011-06-24 12:03:00.00000068,32.78
2011-06-24 12:03:00.000000165,5.22
2011-06-24 12:03:00.00000056,5.73
2011-06-24 12:03:00.000000150,8.29
2011-06-24 12:03:00.00000052,5.62
2011-06-24 12:03:00.00000085,49.29
2011-06-24 12:03:00.000000190,7.52
2011-06-24 12:03:00.00000072,6.65
2011-06-24 12:03:00.000000137,6.05
2011-06-24 12:03:00.000000102,5.84
2011-06-24 12:03:00.000000106,8.33
2011-06-24 12:03:00.000000118,6.28
2011-06-24 12:03:00.00000046,12.63
2011-06-24 12:03:00.000000110,11.35
2011-06-24 12:03:00.000000181,6.08
2011-06-24 12:03:00.000000194,4.85
2011-06-24 12:03:00.00000061,6.49
2011-06-24 12:03:00.0000001,11.46
2011-06-24 12:03:00.00000087,9.37
2011-06-24 12:03:00.00000066,6.14
2011-06-24 12:03:00.000000146,6.85
2011-06-24 12:03:00.000000149,49.18
2011-06-24 12:03:00.00000038,11.54
2011-06-24 12:03:00.000000196,8.36
2011-06-24 12:03:00.00000093,9.06
2011-06-24 12:03:00.000000170,5.73
2011-06-24 12:03:00.000000168,9.24
2011-06-24 12:03:00.0000002,12.1
2011-06-24 12:03:00.00000042,12.84
2014-06-15 07:06:00.0000006,4.27
2014-06-15 07:06:00.00000037,9.84
2014-06-15 07:06:00.00000025,6.29
2014-06-15 07:06:00.0000008,10.77
2014-06-15 07:06:00.00000036,47.01
2014-06-15 07:06:00.00000042,23.33
2014-06-15 07:06:00.00000033,4.56
2014-06-15 07:06:00.00000013,4.84
2014-06-15 07:06:00.00000035,58.47
2014-06-15 07:06:00.00000030,8.41
2014-06-15 07:06:00.00000024,7.22
2014-06-15 07:06:00.00000031,10.39
2014-06-15 07:06:00.0000009,15.78
2014-06-15 07:06:00.00000039,57.68
2014-06-15 07:06:00.00000010,3.91
2014-06-15 07:06:00.00000019,15.04
2014-06-15 07:06:00.00000041,8.13
2014-06-15 07:06:00.00000028,17.99
2014-06-15 07:06:00.00000014,54.9
2014-06-15 07:06:00.0000003,13.86
2014-06-15 07:06:00.00000017,56.62
2014-06-15 07:06:00.00000015,16.09
2014-06-15 07:06:00.00000026,6.17
2014-06-15 07:06:00.0000002,12.9
2014-06-15 07:06:00.00000040,5.4
2014-06-15 07:06:00.00000016,5.66
2014-06-06 16:22:20.0000003,6.31
2014-06-06 16:22:20.0000002,8.71
2015-05-30 21:29:04.0000004,14.79
2015-05-30 21:29:04.0000007,19.46
2015-05-30 21:29:04.0000003,12.07
2015-05-30 21:29:04.0000001,8.57
2009-10-26 12:01:36.0000001,10.89
2009-10-26 12:01:36.0000002,8.84
2009-10-26 12:01:36.0000005,6.93
2009-10-26 12:01:36.0000003,7.57
2013-02-02 15:45:08.0000003,7.99
2013-02-02 15:45:08.0000001,8.44
2013-02-02 15:45:08.0000002,11.09
2015-04-15 06:47:04.0000001,8.33
2015-04-15 06:47:04.0000002,12.32
2010-12-14 23:27:36.0000001,5.29
2009-03-05 11:03:04.0000002,4.9
2009-03-05 11:03:04.0000001,13.29
2013-07-18 12:23:40.0000003,5.72
2013-07-18 12:23:40.0000002,7.22
2013-07-18 12:23:40.0000001,9.4
2014-04-14 13:48:32.0000004,8.85
2014-04-14 13:48:32.0000003,6.76
2014-08-18 05:33:08.0000001,10.19
2012-01-28 03:14:28.0000001,29.69
2009-09-14 02:19:00.00000014,10.63
2009-09-14 02:19:00.00000035,9.48
2009-09-14 02:19:00.00000040,7.02
2009-09-14 02:19:00.00000031,5.96
2009-09-14 02:19:00.0000003,5.8
2009-09-14 02:19:00.00000025,7.73
2009-09-14 02:19:00.0000008,7.25
2009-09-14 02:19:00.00000024,10.16
2009-09-14 02:19:00.00000021,9.67
2009-09-14 02:19:00.00000036,8.83
2009-09-14 02:19:00.0000009,45.32
2009-09-14 02:19:00.0000001,8.55
2009-09-14 02:19:00.00000018,5.72
2009-09-14 02:19:00.00000039,6.84
2009-09-14 02:19:00.0000002,13.62
2009-09-14 02:19:00.00000038,8.34
2009-09-14 02:19:00.00000020,18.33
2009-09-14 02:19:00.00000028,6.87
2009-09-14 02:19:00.00000026,20.62
2009-09-14 02:19:00.00000017,7.65
2009-09-14 02:19:00.00000030,8.3
2009-09-14 02:19:00.00000016,6.19
2009-09-14 02:19:00.0000006,5.95
2009-09-14 02:19:00.0000007,8.94
2011-08-14 14:17:28.0000003,8.17
2011-08-14 14:17:28.0000001,6.23
2011-08-14 14:17:28.0000004,7.19
2011-08-14 14:17:28.0000002,6.37
2011-08-14 14:17:28.0000005,13.04
2014-03-17 16:07:56.0000002,58.16
2010-11-03 21:09:56.0000002,5.74
2010-11-03 21:09:56.0000001,12.45
2012-12-11 23:37:08.0000002,9.51
2012-12-11 23:37:08.0000005,10.81
2012-12-11 23:37:08.0000004,7.02
2012-12-11 23:37:08.0000006,10.0
2012-12-11 23:37:08.0000003,5.86
2012-12-11 23:37:08.0000001,16.58
2015-06-24 14:19:52.0000001,14.47
2015-06-24 14:19:52.0000002,60.41
2015-06-24 14:19:52.0000004,9.77
2010-08-21 22:21:32.0000004,13.79
2011-02-19 10:20:28.0000003,4.46
2011-02-19 10:20:28.0000002,11.56
2011-02-19 10:20:28.0000001,5.53
2011-02-19 10:20:28.0000004,7.63
2011-10-02 22:31:44.0000004,10.92
2011-10-02 22:31:44.0000002,20.6
2011-10-02 22:31:44.0000003,17.53
2012-01-26 11:17:36.0000002,6.13
2012-05-06 23:37:24.0000002,20.55
2012-05-06 23:37:24.0000001,22.61
2013-06-12 20:03:36.0000001,7.65
2013-06-12 20:03:36.0000002,55.68
2015-02-27 14:15:52.0000003,97.15
2013-12-21 17:20:32.0000001,11.79
2009-06-29 08:09:40.0000002,10.47
2009-06-29 08:09:40.0000001,12.32
2014-09-14 17:22:12.0000002,7.03
2014-09-14 17:22:12.0000001,10.87
2014-09-14 17:22:12.0000003,15.72
2014-09-14 17:22:12.0000005,6.66
2014-08-20 14:37:56.0000001,17.06
2011-07-20 16:34:48.0000001,4.97
2011-07-20 16:34:48.0000003,6.02
2009-10-05 10:11:32.0000001,7.08
2009-10-05 10:11:32.0000002,15.17
2011-02-16 08:44:04.0000001,12.66
2011-02-16 08:44:04.0000007,8.68
2011-02-16 08:44:04.0000004,9.42
2011-02-16 08:44:04.0000003,5.34
2011-02-16 08:44:04.0000002,5.25
2011-02-16 08:44:04.0000006,19.04
2011-02-16 08:44:04.0000005,6.2
2009-01-01 11:04:24.0000002,5.51
2014-04-28 19:46:36.0000003,8.65
2012-11-11 20:35:40.0000001,45.49
2012-11-11 20:35:40.0000002,5.75
2011-06-01 07:37:00.000000171,8.65
2011-06-01 07:37:00.000000199,7.52
2011-06-01 07:37:00.00000032,5.52
2011-06-01 07:37:00.000000175,9.08
2011-06-01 07:37:00.00000095,5.29
2011-06-01 07:37:00.000000106,5.09
2011-06-01 07:37:00.00000090,10.77
2011-06-01 07:37:00.000000169,14.79
2011-06-01 07:37:00.0000007,5.47
2011-06-01 07:37:00.000000151,13.73
2011-06-01 07:37:00.000000101,4.96
2011-06-01 07:37:00.00000099,35.99
2011-06-01 07:37:00.00000084,5.1
2011-06-01 07:37:00.00000083,5.32
2011-06-01 07:37:00.00000043,6.21
2011-06-01 07:37:00.00000029,4.81
2011-06-01 07:37:00.000000132,18.93
2011-06-01 07:37:00.000000208,6.47
2011-06-01 07:37:00.000000221,6.08
2011-06-01 07:37:00.000000131,4.96
2011-06-01 07:37:00.000000220,6.36
2011-06-01 07:37:00.000000207,8.07
2011-06-01 07:37:00.000000205,4.76
2011-06-01 07:37:00.000000180,7.1
2011-06-01 07:37:00.000000103,9.85
2011-06-01 07:37:00.00000098,23.45
2011-06-01 07:37:00.000000189,6.5
2011-06-01 07:37:00.000000165,4.71
2011-06-01 07:37:00.000000184,30.77
2011-06-01 07:37:00.00000092,5.09
2011-06-01 07:37:00.00000020,8.94
2011-06-01 07:37:00.000000105,7.02
2011-06-01 07:37:00.00000088,9.23
2011-06-01 07:37:00.000000122,6.52
2011-06-01 07:37:00.000000219,12.67
2011-06-01 07:37:00.000000222,8.76
2011-06-01 07:37:00.00000049,8.37
2011-06-01 07:37:00.000000114,4.09
2011-06-01 07:37:00.000000181,6.11
2011-06-01 07:37:00.000000144,50.71
2011-06-01 07:37:00.000000155,8.27
2011-06-01 07:37:00.000000118,5.84
2011-06-01 07:37:00.000000142,5.77
2011-06-01 07:37:00.000000223,7.84
2011-06-01 07:37:00.00000057,6.01
2011-06-01 07:37:00.000000168,5.74
2011-06-01 07:37:00.000000226,6.99
2011-06-01 07:37:00.000000177,10.76
2011-06-01 07:37:00.000000185,30.25
2011-06-01 07:37:00.000000178,13.94
2011-06-01 07:37:00.000000140,8.37
2011-06-01 07:37:00.000000141,11.27
2011-06-01 07:37:00.00000045,8.4
2011-06-01 07:37:00.00000086,7.91
2011-06-01 07:37:00.000000145,6.32
2011-06-01 07:37:00.00000037,8.5
2011-06-01 07:37:00.00000094,6.67
2011-06-01 07:37:00.00000082,6.28
2011-06-01 07:37:00.000000179,9.89
2011-06-01 07:37:00.000000197,5.63
2011-06-01 07:37:00.000000154,11.75
2011-06-01 07:37:00.00000019,10.08
2011-06-01 07:37:00.00000075,6.04
2011-06-01 07:37:00.000000110,14.31
2011-06-01 07:37:00.00000078,5.44
2011-06-01 07:37:00.000000146,6.77
2011-06-01 07:37:00.000000143,9.84
2011-06-01 07:37:00.000000227,11.98
2011-06-01 07:37:00.00000070,4.67
2011-06-01 07:37:00.000000176,8.11
2011-06-01 07:37:00.000000217,8.1
2011-06-01 07:37:00.00000026,5.99
2011-06-01 07:37:00.000000209,7.62
2011-06-01 07:37:00.000000183,7.97
2011-06-01 07:37:00.000000210,6.02
2011-06-01 07:37:00.00000060,8.74
2011-06-01 07:37:00.000000174,6.11
2011-06-01 07:37:00.000000203,9.41
2011-06-01 07:37:00.000000139,6.53
2011-06-01 07:37:00.000000162,9.67
2011-06-01 07:37:00.000000125,6.92
2011-06-01 07:37:00.000000198,10.79
2011-06-01 07:37:00.00000055,12.62
2011-06-01 07:37:00.00000016,5.93
2011-06-01 07:37:00.00000027,7.39
2011-06-01 07:37:00.00000053,17.88
2011-06-01 07:37:00.000000201,27.2
2011-06-01 07:37:00.000000138,5.63
2011-06-01 07:37:00.00000077,4.49
2011-06-01 07:37:00.00000022,8.05
2011-06-01 07:37:00.000000182,11.39
2011-06-01 07:37:00.000000163,8.27
2011-06-01 07:37:00.000000204,9.6
2011-06-01 07:37:00.000000137,8.68
2011-06-01 07:37:00.000000152,7.83
2011-06-01 07:37:00.00000048,6.92
2011-06-01 07:37:00.00000025,8.72
2011-06-01 07:37:00.000000100,14.7
2011-06-01 07:37:00.00000015,5.51
2011-06-01 07:37:00.00000097,15.98
2011-06-01 07:37:00.000000127,8.9
2011-06-01 07:37:00.000000170,4.84
2011-06-01 07:37:00.00000091,14.08
2011-06-01 07:37:00.000000109,8.82
2011-06-01 07:37:00.00000028,9.03
2011-06-01 07:37:00.000000129,19.21
2011-06-01 07:37:00.000000158,5.05
2011-06-01 07:37:00.0000005,5.71
2011-06-01 07:37:00.00000034,9.08
2011-06-01 07:37:00.000000107,8.14
2011-06-01 07:37:00.00000036,5.0
2011-06-01 07:37:00.00000046,7.18
2011-06-01 07:37:00.000000108,5.05
2011-06-01 07:37:00.0000008,9.22
2011-06-01 07:37:00.000000212,6.2
2011-06-01 07:37:00.00000068,7.17
2011-06-01 07:37:00.00000065,4.94
2011-06-01 07:37:00.000000116,5.17
2011-06-01 07:37:00.000000196,7.75
2011-06-01 07:37:00.000000172,7.91
2011-06-01 07:37:00.00000059,12.68
2011-06-01 07:37:00.000000167,4.84
2011-06-01 07:37:00.00000058,6.44
2011-06-01 07:37:00.00000061,5.17
2011-06-01 07:37:00.000000156,14.25
2011-06-01 07:37:00.000000128,7.04
2011-06-01 07:37:00.00000079,5.12
2011-06-01 07:37:00.000000206,9.82
2011-06-01 07:37:00.00000069,6.08
2011-06-01 07:37:00.000000190,6.22
2011-06-01 07:37:00.000000112,4.97
2011-06-01 07:37:00.000000104,4.86
2011-06-01 07:37:00.000000194,5.3
2011-06-01 07:37:00.0000002,3.93
2011-06-01 07:37:00.00000044,5.45
2011-06-01 07:37:00.00000010,7.85
2011-06-01 07:37:00.000000157,17.41
2011-06-01 07:37:00.000000147,6.57
2011-06-01 07:37:00.000000120,5.29
2011-06-01 07:37:00.000000149,10.8
2011-06-01 07:37:00.000000119,9.64
2011-06-01 07:37:00.00000023,5.61
2011-06-01 07:37:00.00000017,10.74
2011-06-01 07:37:00.00000038,16.1
2011-06-01 07:37:00.000000113,9.31
2011-06-01 07:37:00.000000211,7.46
2011-06-01 07:37:00.00000051,8.16
2011-06-01 07:37:00.00000054,7.79
2011-06-01 07:37:00.000000186,8.94
2009-02-16 03:13:40.0000001,7.08
2010-08-27 18:45:00.000000234,5.92
2010-08-27 18:45:00.00000057,6.43
2010-08-27 18:45:00.00000039,13.04
2010-08-27 18:45:00.000000161,6.96
2010-08-27 18:45:00.000000220,9.81
2010-08-27 18:45:00.00000028,9.23
2010-08-27 18:45:00.00000014,15.49
2010-08-27 18:45:00.000000226,15.19
2010-08-27 18:45:00.000000175,6.26
2010-08-27 18:45:00.00000040,20.8
2010-08-27 18:45:00.000000144,15.06
2010-08-27 18:45:00.00000085,10.83
2010-08-27 18:45:00.000000194,23.14
2010-08-27 18:45:00.00000094,7.31
2010-08-27 18:45:00.000000141,15.78
2010-08-27 18:45:00.00000067,5.21
2010-08-27 18:45:00.000000231,5.7
2010-08-27 18:45:00.000000214,28.27
2010-08-27 18:45:00.00000037,15.93
2010-08-27 18:45:00.000000165,5.77
2010-08-27 18:45:00.000000158,21.42
2010-08-27 18:45:00.000000217,7.85
2010-08-27 18:45:00.00000090,14.32
2010-08-27 18:45:00.000000142,9.67
2010-08-27 18:45:00.0000004,6.99
2010-08-27 18:45:00.00000070,5.67
2010-08-27 18:45:00.000000202,7.77
2010-08-27 18:45:00.000000177,7.51
2010-08-27 18:45:00.00000084,11.97
2010-08-27 18:45:00.000000209,10.37
2010-08-27 18:45:00.000000184,35.77
2010-08-27 18:45:00.000000173,7.98
2010-08-27 18:45:00.00000029,6.32
2010-08-27 18:45:00.00000025,5.83
2010-08-27 18:45:00.00000012,5.4
2010-08-27 18:45:00.00000010,5.67
2010-08-27 18:45:00.000000136,8.85
2010-08-27 18:45:00.00000073,10.6
2010-08-27 18:45:00.000000124,6.12
2010-08-27 18:45:00.000000125,5.54
2010-08-27 18:45:00.000000169,5.69
2010-08-27 18:45:00.000000208,5.05
2010-08-27 18:45:00.000000152,5.6
2010-08-27 18:45:00.000000196,6.59
2010-08-27 18:45:00.0000005,12.59
2010-08-27 18:45:00.00000077,6.55
2010-08-27 18:45:00.000000123,8.22
2010-08-27 18:45:00.00000046,10.55
2010-08-27 18:45:00.00000033,6.38
2010-08-27 18:45:00.000000166,13.3
2010-08-27 18:45:00.000000190,5.88
2010-08-27 18:45:00.00000043,7.48
2010-08-27 18:45:00.00000081,5.39
2010-08-27 18:45:00.00000034,9.95
2010-08-27 18:45:00.00000089,19.66
2010-08-27 18:45:00.000000189,5.92
2010-08-27 18:45:00.00000078,8.55
2010-08-27 18:45:00.00000053,11.13
2010-08-27 18:45:00.000000188,7.23
2010-08-27 18:45:00.00000071,6.67
2010-08-27 18:45:00.00000097,17.73
2010-08-27 18:45:00.00000031,6.4
2010-08-27 18:45:00.000000101,12.49
2010-08-27 18:45:00.000000140,6.42
2010-08-27 18:45:00.00000054,30.12
2010-08-27 18:45:00.0000006,10.16
2010-08-27 18:45:00.00000011,8.34
2010-08-27 18:45:00.00000055,6.99
2010-08-27 18:45:00.000000160,10.63
2010-08-27 18:45:00.00000024,12.32
2010-08-27 18:45:00.000000106,6.51
2010-08-27 18:45:00.000000131,6.2
2010-08-27 18:45:00.00000087,12.9
2010-08-27 18:45:00.000000110,10.91
2010-08-27 18:45:00.000000197,13.72
2010-08-27 18:45:00.00000066,8.08
2010-08-27 18:45:00.000000205,10.37
2010-08-27 18:45:00.00000086,5.31
2010-08-27 18:45:00.000000207,8.43
2010-08-27 18:45:00.00000068,15.23
2010-08-27 18:45:00.00000050,6.45
2010-08-27 18:45:00.00000045,49.29
2010-08-27 18:45:00.00000093,5.2
2010-08-27 18:45:00.00000061,12.77
2010-08-27 18:45:00.00000022,6.2
2010-08-27 18:45:00.00000018,6.55
2010-08-27 18:45:00.000000192,8.87
2010-08-27 18:45:00.000000148,5.03
2010-08-27 18:45:00.000000195,5.04
2010-08-27 18:45:00.000000155,4.59
2010-08-27 18:45:00.000000129,8.3
2010-08-27 18:45:00.000000133,6.42
2010-08-27 18:45:00.00000063,11.08
2010-08-27 18:45:00.00000076,6.91
2010-08-27 18:45:00.000000204,13.46
2010-08-27 18:45:00.000000179,5.48
2010-08-27 18:45:00.000000219,22.21
2010-08-27 18:45:00.000000107,6.87
2010-08-27 18:45:00.000000153,8.99
2010-08-27 18:45:00.00000026,12.01
2010-08-27 18:45:00.000000198,6.87
2010-08-27 18:45:00.00000016,10.45
2010-08-27 18:45:00.00000060,7.28
2010-08-27 18:45:00.00000017,26.08
2010-08-27 18:45:00.000000109,14.19
2010-08-27 18:45:00.000000227,12.68
2010-08-27 18:45:00.000000181,5.21
2010-08-27 18:45:00.000000191,7.46
2010-08-27 18:45:00.000000228,5.72
2010-08-27 18:45:00.00000069,12.04
2010-08-27 18:45:00.000000113,10.7
2010-08-27 18:45:00.00000049,7.77
2010-08-27 18:45:00.000000103,6.15
2010-08-27 18:45:00.0000003,5.04
2010-08-27 18:45:00.0000008,7.95
2010-08-27 18:45:00.000000134,5.63
2010-08-27 18:45:00.000000183,22.57
2010-08-27 18:45:00.00000013,15.42
2010-08-27 18:45:00.000000235,5.82
2010-08-27 18:45:00.00000038,8.91
2010-08-27 18:45:00.00000030,18.03
2010-08-27 18:45:00.000000203,10.29
2010-08-27 18:45:00.000000182,9.6
2010-08-27 18:45:00.000000230,8.3
2010-08-27 18:45:00.00000065,7.68
2011-02-12 00:43:24.0000003,10.22
2011-02-12 00:43:24.0000001,5.35
2014-05-07 06:50:20.0000002,5.24
2014-05-07 06:50:20.0000001,8.41
2014-05-07 06:50:20.0000003,12.1
2011-04-27 20:59:24.0000002,9.74
2011-04-27 20:59:24.0000003,13.0
2011-04-27 20:59:24.0000004,5.13
2011-04-27 20:59:24.0000001,6.96
2011-04-27 20:59:24.0000005,6.18
2010-08-14 02:13:00.00000069,8.81
2010-08-14 02:13:00.00000049,8.42
2010-08-14 02:13:00.00000059,4.93
2010-08-14 02:13:00.00000075,16.4
2010-08-14 02:13:00.00000020,7.4
2010-08-14 02:13:00.000000102,14.76
2010-08-14 02:13:00.00000060,5.52
2010-08-14 02:13:00.00000033,17.91
2010-08-14 02:13:00.000000166,13.22
2010-08-14 02:13:00.000000111,7.75
2010-08-14 02:13:00.00000056,9.68
2010-08-14 02:13:00.00000044,9.27
2010-08-14 02:13:00.000000132,5.91
2010-08-14 02:13:00.00000073,4.54
2010-08-14 02:13:00.00000043,10.48
2010-08-14 02:13:00.00000085,11.34
2010-08-14 02:13:00.000000108,16.87
2010-08-14 02:13:00.00000028,12.82
2010-08-14 02:13:00.00000076,5.55
2010-08-14 02:13:00.00000066,31.27
2010-08-14 02:13:00.00000080,24.14
2010-08-14 02:13:00.000000149,9.19
2010-08-14 02:13:00.00000054,10.85
2010-08-14 02:13:00.000000130,11.1
2010-08-14 02:13:00.00000032,5.79
2010-08-14 02:13:00.000000158,6.95
2010-08-14 02:13:00.000000171,12.94
2010-08-14 02:13:00.00000092,5.33
2010-08-14 02:13:00.000000155,7.53
2010-08-14 02:13:00.000000116,5.71
2010-08-14 02:13:00.000000109,14.47
2010-08-14 02:13:00.00000030,8.48
2010-08-14 02:13:00.00000015,13.24
2010-08-14 02:13:00.000000133,6.18
2010-08-14 02:13:00.00000072,6.52
2010-08-14 02:13:00.00000052,12.28
2010-08-14 02:13:00.000000170,16.87
2010-08-14 02:13:00.0000007,5.85
2010-08-14 02:13:00.000000165,8.55
2010-08-14 02:13:00.00000026,13.12
2010-08-14 02:13:00.000000148,5.05
2010-08-14 02:13:00.00000034,11.76
2010-08-14 02:13:00.00000022,21.57
2010-08-14 02:13:00.000000100,5.21
2010-08-14 02:13:00.000000160,6.43
2010-08-14 02:13:00.0000009,18.1
2010-08-14 02:13:00.00000038,10.45
2010-08-14 02:13:00.0000001,9.34
2010-08-14 02:13:00.00000078,5.74
2010-08-14 02:13:00.000000134,9.15
2010-08-14 02:13:00.00000077,18.28
2010-08-14 02:13:00.000000168,7.46
2010-08-14 02:13:00.000000161,7.71
2010-08-14 02:13:00.000000122,7.13
2010-08-14 02:13:00.00000035,5.52
2010-08-14 02:13:00.000000110,7.62
2010-08-14 02:13:00.000000146,12.61
2010-08-14 02:13:00.00000010,12.27
2010-08-14 02:13:00.000000141,4.94
2010-08-14 02:13:00.00000087,18.14
2010-08-14 02:13:00.000000137,6.81
2010-08-14 02:13:00.00000064,7.03
2010-08-14 02:13:00.00000084,7.28
2010-08-14 02:13:00.000000139,11.78
2010-08-14 02:13:00.00000089,39.7
2010-08-14 02:13:00.000000140,46.23
2010-08-14 02:13:00.00000012,8.76
2010-08-14 02:13:00.00000025,6.12
2010-08-14 02:13:00.00000070,4.87
2010-08-14 02:13:00.0000004,11.77
2010-08-14 02:13:00.00000090,12.63
2010-08-14 02:13:00.000000101,14.02
2010-08-14 02:13:00.00000017,5.9
2010-08-14 02:13:00.00000055,6.21
2010-08-14 02:13:00.00000014,12.47
2010-08-14 02:13:00.000000142,13.77
2010-08-14 02:13:00.00000021,15.74
2010-08-14 02:13:00.00000047,15.53
2010-08-14 02:13:00.00000083,5.71
2010-08-14 02:13:00.000000162,6.67
2015-04-16 22:32:48.0000006,11.4
2015-04-16 22:32:48.0000001,4.64
2015-04-16 22:32:48.0000004,7.25
2015-04-16 22:32:48.0000002,16.36
2015-04-16 22:32:48.0000005,8.65
2013-03-15 11:57:04.0000002,7.4
2013-03-15 11:57:04.0000001,8.61
2014-11-16 08:47:12.0000002,13.8
2014-11-16 08:47:12.0000001,6.3
2013-02-20 16:10:28.0000001,7.67
2011-07-03 00:36:04.0000001,6.44
2014-03-25 23:47:00.00000074,6.46
2014-03-25 23:47:00.00000088,9.11
2014-03-25 23:47:00.000000100,7.11
2014-03-25 23:47:00.00000094,5.57
2014-03-25 23:47:00.00000059,10.88
2014-03-25 23:47:00.00000066,9.62
2014-03-25 23:47:00.00000016,4.96
2014-03-25 23:47:00.0000003,14.19
2014-03-25 23:47:00.00000080,5.28
2014-03-25 23:47:00.00000048,46.18
2014-03-25 23:47:00.00000058,10.19
2014-03-25 23:47:00.00000070,30.2
2014-03-25 23:47:00.00000046,13.09
2014-03-25 23:47:00.00000053,5.6
2014-03-25 23:47:00.00000029,6.22
2014-03-25 23:47:00.00000087,8.95
2014-03-25 23:47:00.000000126,9.46
2014-03-25 23:47:00.00000024,9.64
2014-03-25 23:47:00.0000007,14.36
2014-03-25 23:47:00.00000071,17.98
2014-03-25 23:47:00.0000008,8.28
2014-03-25 23:47:00.00000049,45.25
2014-03-25 23:47:00.00000090,24.06
2014-03-25 23:47:00.00000089,24.2
2014-03-25 23:47:00.000000117,4.7
2014-03-25 23:47:00.00000043,8.28
2014-03-25 23:47:00.00000032,7.84
2014-03-25 23:47:00.00000081,7.3
2014-03-25 23:47:00.00000023,5.98
2014-03-25 23:47:00.00000099,39.97
2014-03-25 23:47:00.00000077,4.86
2014-03-25 23:47:00.00000065,6.01
2014-03-25 23:47:00.000000111,16.32
2014-03-25 23:47:00.000000118,24.78
2014-03-25 23:47:00.00000038,10.93
2014-03-25 23:47:00.000000110,5.56
2014-03-25 23:47:00.00000014,14.25
2014-03-25 23:47:00.00000086,27.4
2014-03-25 23:47:00.00000097,6.96
2014-03-25 23:47:00.00000092,18.45
2014-03-25 23:47:00.000000140,12.9
2014-03-25 23:47:00.000000123,22.63
2014-03-25 23:47:00.000000131,4.86
2014-03-25 23:47:00.00000033,15.11
2014-03-25 23:47:00.00000015,6.43
2014-03-25 23:47:00.000000125,22.14
2014-03-25 23:47:00.00000061,22.81
2014-03-25 23:47:00.00000027,11.86
2014-03-25 23:47:00.000000101,28.55
2014-03-25 23:47:00.000000136,10.42
2014-03-25 23:47:00.000000133,4.51
2014-03-25 23:47:00.0000006,25.14
2014-03-25 23:47:00.00000047,10.98
2014-03-25 23:47:00.00000056,10.08
2014-03-25 23:47:00.0000001,4.55
2014-03-25 23:47:00.00000045,7.41
2014-03-25 23:47:00.00000073,7.34
2014-03-25 23:47:00.00000030,21.04
2014-03-25 23:47:00.00000010,28.26
2014-03-25 23:47:00.00000072,12.41
2014-03-25 23:47:00.0000009,15.44
2014-03-25 23:47:00.00000082,10.66
2014-03-25 23:47:00.00000017,6.78
2014-03-25 23:47:00.00000050,10.53
2014-03-25 23:47:00.000000121,7.69
2014-03-25 23:47:00.000000109,21.65
2014-03-25 23:47:00.00000018,5.16
2014-03-25 23:47:00.00000078,7.0
2014-03-25 23:47:00.00000025,4.54
2014-03-25 23:47:00.00000044,5.56
2014-03-25 23:47:00.0000005,5.1
2014-03-25 23:47:00.00000062,6.45
2014-03-25 23:47:00.000000130,42.74
2014-03-25 23:47:00.00000037,11.36
2014-03-25 23:47:00.000000114,12.43
2014-03-25 23:47:00.0000002,25.48
2014-03-25 23:47:00.000000103,30.49
2014-03-25 23:47:00.000000106,13.35
2014-03-25 23:47:00.00000095,10.59
2014-03-25 23:47:00.000000113,23.54
2014-03-25 23:47:00.0000004,18.15
2014-03-25 23:47:00.00000041,15.77
2014-03-25 23:47:00.00000079,17.09
2011-06-21 13:19:20.0000001,10.08
2011-06-21 13:19:20.0000003,7.21
2011-06-21 13:19:20.0000002,12.29
2013-01-02 20:53:44.0000001,5.39
2013-01-02 20:53:44.0000002,5.36
2009-10-07 08:16:24.0000001,11.47
2012-08-25 22:18:36.0000003,13.1
2012-08-25 22:18:36.0000004,11.27
2012-08-25 22:18:36.0000001,8.18
2012-08-25 22:18:36.0000002,9.21
2015-06-05 08:38:56.0000005,7.54
2015-06-05 08:38:56.0000007,10.05
2015-06-05 08:38:56.0000006,6.12
2015-06-05 08:38:56.0000004,25.1
2015-06-05 08:38:56.0000001,37.09
2015-06-05 08:38:56.0000002,16.99
2013-02-26 11:10:24.0000002,8.78
2013-02-26 11:10:24.0000001,38.85
2014-04-29 00:02:40.0000001,8.87
2014-04-29 00:02:40.0000002,16.11
2014-04-29 00:02:40.0000003,15.61
2010-08-06 20:27:12.0000002,12.61
2010-08-06 20:27:12.0000005,8.68
2010-08-06 20:27:12.0000004,5.36
2010-08-06 20:27:12.0000001,12.22
2012-06-07 00:25:40.0000001,7.18
2012-06-07 00:25:40.0000002,18.96
2011-09-24 07:42:32.0000001,5.95
2011-09-28 10:58:48.0000002,6.71
2011-09-28 10:58:48.0000001,5.7
2011-09-28 10:58:48.0000005,6.17
2011-09-28 10:58:48.0000004,13.55
2011-09-28 10:58:48.0000003,24.32
2011-09-28 10:58:48.0000006,12.76
2009-11-01 05:04:12.0000001,8.15
2009-11-01 05:04:12.0000002,14.69
2014-04-23 22:54:12.0000002,5.94
2014-04-23 22:54:12.0000001,25.78
2014-04-23 22:54:12.0000004,30.14
2014-04-23 22:54:12.0000003,11.63
2014-04-23 22:54:12.0000005,5.22
2014-04-23 22:54:12.0000006,10.55
2012-02-28 19:18:44.0000001,5.55
2012-02-28 19:18:44.0000002,8.84
2010-09-29 16:43:00.0000003,47.82
2010-09-29 16:43:00.000000143,6.25
2010-09-29 16:43:00.000000150,4.66
2010-09-29 16:43:00.00000077,6.37
2010-09-29 16:43:00.000000153,17.77
2010-09-29 16:43:00.00000048,5.22
2010-09-29 16:43:00.00000086,6.46
2010-09-29 16:43:00.000000108,11.89
2010-09-29 16:43:00.000000101,7.08
2010-09-29 16:43:00.000000132,7.69
2010-09-29 16:43:00.00000033,5.17
2010-09-29 16:43:00.00000055,5.81
2010-09-29 16:43:00.000000107,14.37
2010-09-29 16:43:00.000000147,5.08
2010-09-29 16:43:00.00000098,7.02
2010-09-29 16:43:00.00000053,8.43
2010-09-29 16:43:00.00000052,10.78
2010-09-29 16:43:00.00000085,7.41
2010-09-29 16:43:00.000000115,5.96
2010-09-29 16:43:00.000000133,5.07
2010-09-29 16:43:00.000000131,12.81
2010-09-29 16:43:00.00000031,15.17
2010-09-29 16:43:00.00000096,4.69
2010-09-29 16:43:00.000000120,6.94
2010-09-29 16:43:00.000000175,10.41
2010-09-29 16:43:00.00000072,10.42
2010-09-29 16:43:00.00000038,9.82
2010-09-29 16:43:00.00000043,10.5
2010-09-29 16:43:00.0000007,46.8
2010-09-29 16:43:00.000000111,9.56
2010-09-29 16:43:00.00000067,7.35
2010-09-29 16:43:00.00000065,9.11
2010-09-29 16:43:00.00000046,5.04
2010-09-29 16:43:00.00000075,12.62
2010-09-29 16:43:00.000000155,6.4
2010-09-29 16:43:00.00000087,49.15
2010-09-29 16:43:00.000000160,11.55
2010-09-29 16:43:00.00000060,8.46
2010-09-29 16:43:00.00000020,9.41
2010-09-29 16:43:00.00000091,8.78
2010-09-29 16:43:00.00000068,14.06
2010-09-29 16:43:00.000000165,9.87
2010-09-29 16:43:00.000000146,8.69
2010-09-29 16:43:00.000000169,8.65
2010-09-29 16:43:00.000000141,6.73
2010-09-29 16:43:00.00000018,8.25
2010-09-29 16:43:00.000000100,9.78
2010-09-29 16:43:00.000000163,19.66
2010-09-29 16:43:00.00000076,5.81
2010-09-29 16:43:00.00000027,34.21
2010-09-29 16:43:00.000000137,10.16
2010-09-29 16:43:00.00000021,7.23
2010-09-29 16:43:00.00000063,9.32
2010-09-29 16:43:00.00000058,9.91
2010-09-29 16:43:00.00000090,13.82
2010-09-29 16:43:00.00000066,11.45
2010-09-29 16:43:00.000000156,6.42
2010-09-29 16:43:00.000000104,6.32
2010-09-29 16:43:00.00000089,36.68
2010-09-29 16:43:00.00000029,38.76
2010-09-29 16:43:00.0000004,7.67
2010-09-29 16:43:00.00000051,11.62
2010-09-29 16:43:00.00000036,8.92
2010-09-29 16:43:00.000000158,8.55
2010-09-29 16:43:00.000000106,9.55
2010-09-29 16:43:00.00000047,7.2
2010-09-29 16:43:00.00000073,10.7
2010-09-29 16:43:00.00000024,8.28
2010-09-29 16:43:00.000000151,6.4
2010-09-29 16:43:00.000000134,5.23
2010-09-29 16:43:00.000000138,6.17
2010-09-29 16:43:00.000000125,8.57
2010-09-29 16:43:00.000000112,8.6
2010-09-29 16:43:00.0000006,6.26
2010-09-29 16:43:00.00000025,17.71
2010-09-29 16:43:00.0000008,6.69
2010-09-29 16:43:00.00000049,33.02
2010-09-29 16:43:00.000000173,8.11
2010-09-29 16:43:00.00000050,8.21
2010-09-29 16:43:00.00000035,5.8
2010-09-29 16:43:00.00000097,30.13
2010-09-29 16:43:00.00000054,7.93
2010-09-29 16:43:00.000000166,5.83
2010-09-29 16:43:00.0000005,7.68
2010-09-29 16:43:00.00000030,30.39
2010-09-29 16:43:00.000000102,11.18
2010-09-29 16:43:00.00000056,8.89
2010-09-29 16:43:00.000000103,6.67
2010-09-29 16:43:00.00000092,34.73
2010-09-29 16:43:00.00000079,7.47
2010-09-29 16:43:00.000000149,5.68
2010-09-29 16:43:00.000000123,5.17
2010-09-29 16:43:00.000000128,5.58
2010-09-29 16:43:00.000000121,6.87
2010-09-29 16:43:00.000000105,31.44
2010-09-29 16:43:00.00000026,8.37
2010-09-29 16:43:00.000000109,12.68
2010-09-29 16:43:00.000000124,4.71
2010-09-29 16:43:00.00000071,5.55
2010-09-29 16:43:00.00000061,19.78
2010-09-29 16:43:00.000000129,10.84
2010-09-29 16:43:00.00000095,5.77
2010-09-29 16:43:00.00000010,12.33
2010-09-29 16:43:00.00000081,10.09
2010-09-29 16:43:00.00000017,12.15
2010-09-29 16:43:00.00000028,10.96
2010-09-29 16:43:00.000000167,5.22
2010-09-29 16:43:00.00000082,14.34
2010-09-29 16:43:00.000000116,9.84
2010-09-29 16:43:00.000000127,34.98
2014-10-27 14:58:00.00000095,8.61
2014-10-27 14:58:00.000000118,14.38
2014-10-27 14:58:00.00000098,9.46
2014-10-27 14:58:00.000000108,13.52
2014-10-27 14:58:00.00000074,6.47
2014-10-27 14:58:00.00000079,14.91
2014-10-27 14:58:00.000000137,9.13
2014-10-27 14:58:00.0000001,13.36
2014-10-27 14:58:00.00000018,6.22
2014-10-27 14:58:00.000000142,7.8
2014-10-27 14:58:00.00000082,8.78
2014-10-27 14:58:00.0000008,22.08
2014-10-27 14:58:00.00000016,6.13
2014-10-27 14:58:00.000000117,7.41
2014-10-27 14:58:00.00000048,8.81
2014-10-27 14:58:00.00000075,6.96
2014-10-27 14:58:00.000000112,21.68
2014-10-27 14:58:00.00000029,6.4
2014-10-27 14:58:00.00000058,8.04
2014-10-27 14:58:00.00000053,15.13
2014-10-27 14:58:00.00000052,6.03
2014-10-27 14:58:00.00000071,13.31
2014-10-27 14:58:00.00000044,10.8
2014-10-27 14:58:00.000000120,8.5
2014-10-27 14:58:00.00000034,12.19
2014-10-27 14:58:00.000000105,7.04
2014-10-27 14:58:00.000000147,8.85
2014-10-27 14:58:00.00000030,8.38
2014-10-27 14:58:00.000000100,7.51
2014-10-27 14:58:00.00000086,7.99
2014-10-27 14:58:00.00000047,40.89
2014-10-27 14:58:00.000000107,35.02
2014-10-27 14:58:00.000000127,31.84
2014-10-27 14:58:00.000000119,5.3
2014-10-27 14:58:00.00000013,38.17
2014-10-27 14:58:00.00000076,40.91
2014-10-27 14:58:00.00000085,6.78
2014-10-27 14:58:00.00000038,12.21
2014-10-27 14:58:00.0000004,8.47
2014-10-27 14:58:00.00000037,34.08
2014-10-27 14:58:00.00000041,6.87
2014-10-27 14:58:00.000000141,7.47
2014-10-27 14:58:00.000000140,10.51
2014-10-27 14:58:00.00000042,9.34
2014-10-27 14:58:00.000000109,9.01
2014-10-27 14:58:00.00000077,13.16
2014-10-27 14:58:00.00000026,20.18
2014-10-27 14:58:00.000000151,6.49
2014-10-27 14:58:00.00000061,10.28
2014-10-27 14:58:00.000000114,17.45
2014-10-27 14:58:00.00000021,18.71
2014-10-27 14:58:00.00000063,6.72
2014-10-27 14:58:00.00000072,57.45
2014-10-27 14:58:00.000000131,9.09
2014-10-27 14:58:00.0000005,42.5
2014-10-27 14:58:00.000000110,6.44
2014-10-27 14:58:00.00000011,8.39
2014-10-27 14:58:00.00000064,7.06
2014-10-27 14:58:00.00000033,6.75
2014-10-27 14:58:00.00000091,5.97
2014-10-27 14:58:00.0000003,16.31
2014-10-27 14:58:00.00000096,6.05
2014-10-27 14:58:00.00000051,9.84
2014-10-27 14:58:00.00000020,8.79
2014-10-27 14:58:00.000000138,56.52
2014-10-27 14:58:00.0000002,21.77
2014-10-27 14:58:00.00000039,11.47
2014-10-27 14:58:00.00000073,9.96
2014-10-27 14:58:00.000000116,7.74
2014-10-27 14:58:00.00000049,8.81
2014-10-27 14:58:00.00000025,16.44
2014-10-27 14:58:00.000000133,5.49
2014-10-27 14:58:00.00000043,8.62
2014-10-27 14:58:00.00000055,5.89
2014-10-27 14:58:00.000000124,36.2
2014-10-27 14:58:00.00000083,11.37
2014-10-27 14:58:00.00000010,7.39
2014-10-27 14:58:00.000000126,5.64
2014-10-27 14:58:00.00000017,10.93
2014-10-27 14:58:00.000000139,13.05
2014-10-27 14:58:00.00000014,5.78
2014-10-27 14:58:00.00000045,7.99
2014-10-27 14:58:00.000000132,6.74
2014-10-27 14:58:00.00000080,43.7
2014-10-27 14:58:00.00000019,7.83
2014-10-27 14:58:00.000000102,13.86
2014-10-27 14:58:00.00000062,14.2
2014-10-27 14:58:00.000000122,44.7
2014-10-27 14:58:00.00000032,16.85
2014-10-27 14:58:00.00000015,10.93
2014-10-27 14:58:00.00000084,57.92
2014-10-27 14:58:00.000000134,7.56
2014-10-27 14:58:00.00000093,11.24
2014-10-27 14:58:00.00000068,6.51
2014-10-27 14:58:00.00000089,48.32
2014-10-27 14:58:00.00000027,56.58
2009-10-08 23:44:56.0000004,15.97
2009-10-08 23:44:56.0000001,11.27
2012-11-03 17:11:00.00000035,5.68
2012-11-03 17:11:00.000000107,9.42
2012-11-03 17:11:00.00000069,12.25
2012-11-03 17:11:00.000000116,14.12
2012-11-03 17:11:00.000000145,6.55
2012-11-03 17:11:00.00000097,6.54
2012-11-03 17:11:00.000000119,6.01
2012-11-03 17:11:00.000000134,5.83
2012-11-03 17:11:00.000000137,9.42
2012-11-03 17:11:00.00000010,18.82
2012-11-03 17:11:00.000000157,5.53
2012-11-03 17:11:00.000000121,20.94
2012-11-03 17:11:00.00000073,56.98
2012-11-03 17:11:00.00000062,10.13
2012-11-03 17:11:00.000000130,7.44
2012-11-03 17:11:00.000000141,10.06
2012-11-03 17:11:00.00000098,11.0
2012-11-03 17:11:00.00000066,9.05
2012-11-03 17:11:00.00000036,10.93
2012-11-03 17:11:00.00000026,5.75
2012-11-03 17:11:00.000000110,7.31
2012-11-03 17:11:00.00000021,7.0
2012-11-03 17:11:00.00000040,5.39
2012-11-03 17:11:00.00000087,14.28
2012-11-03 17:11:00.00000039,10.16
2012-11-03 17:11:00.00000033,13.4
2012-11-03 17:11:00.0000006,7.56
2012-11-03 17:11:00.00000025,17.69
2012-11-03 17:11:00.000000129,11.78
2012-11-03 17:11:00.000000153,14.04
2012-11-03 17:11:00.000000138,15.68
2012-11-03 17:11:00.000000143,5.65
2012-11-03 17:11:00.000000109,7.47
2012-11-03 17:11:00.00000042,14.45
2012-11-03 17:11:00.000000104,26.06
2012-11-03 17:11:00.0000005,7.81
2012-11-03 17:11:00.00000056,53.44
2012-11-03 17:11:00.00000045,5.58
2012-11-03 17:11:00.00000034,12.69
2012-11-03 17:11:00.000000120,11.15
2012-11-03 17:11:00.000000127,11.4
2012-11-03 17:11:00.00000022,5.83
2012-11-03 17:11:00.0000003,16.82
2012-11-03 17:11:00.00000084,8.45
2012-11-03 17:11:00.00000089,10.24
2012-11-03 17:11:00.00000041,13.39
2012-11-03 17:11:00.000000108,13.55
2012-11-03 17:11:00.000000158,8.38
2012-11-03 17:11:00.000000122,5.18
2012-11-03 17:11:00.000000111,23.19
2012-11-03 17:11:00.00000027,7.32
2012-11-03 17:11:00.0000008,6.07
2012-11-03 17:11:00.000000148,22.24
2012-11-03 17:11:00.000000144,39.66
2012-11-03 17:11:00.00000029,10.27
2012-11-03 17:11:00.00000049,8.14
2012-11-03 17:11:00.00000011,5.87
2012-11-03 17:11:00.00000094,18.28
2012-11-03 17:11:00.000000152,18.28
2012-11-03 17:11:00.00000051,9.89
2012-11-03 17:11:00.00000048,8.72
2012-11-03 17:11:00.00000043,9.56
2012-11-03 17:11:00.00000059,10.47
2012-11-03 17:11:00.00000019,7.94
2012-11-03 17:11:00.000000135,8.73
2012-11-03 17:11:00.00000017,11.37
2012-11-03 17:11:00.000000146,6.1
2012-11-03 17:11:00.00000068,12.23
2012-11-03 17:11:00.00000092,12.87
2012-11-03 17:11:00.0000002,22.43
2012-11-03 17:11:00.000000133,6.59
2012-11-03 17:11:00.00000038,16.31
2012-11-03 17:11:00.000000123,8.11
2012-11-03 17:11:00.00000015,5.9
2012-11-03 17:11:00.000000131,5.63
2012-11-03 17:11:00.000000112,5.56
2012-11-03 17:11:00.000000100,6.31
2012-11-03 17:11:00.00000095,18.84
2012-11-03 17:11:00.0000004,7.75
2012-11-03 17:11:00.00000047,16.36
2012-11-03 17:11:00.00000020,45.56
2012-11-03 17:11:00.000000156,18.03
2012-11-03 17:11:00.00000014,5.83
2012-11-03 17:11:00.000000139,10.27
2012-11-03 17:11:00.000000154,7.45
2012-11-03 17:11:00.000000151,7.56
2012-11-03 17:11:00.00000070,10.32
2012-11-03 17:11:00.00000023,10.83
2012-11-03 17:11:00.00000065,10.59
2012-11-03 17:11:00.00000018,9.48
2012-11-03 17:11:00.00000088,6.24
2012-11-03 17:11:00.000000140,14.53
2012-11-03 17:11:00.00000071,7.49
2009-05-07 13:58:32.0000003,7.02
2009-05-07 13:58:32.0000001,8.92
2011-12-25 21:26:32.0000001,5.5
2015-01-12 19:01:00.0000001,14.08
2015-01-12 19:01:00.0000003,5.83
2015-01-12 19:01:00.0000004,7.83
2015-01-12 19:01:00.0000002,6.61
2009-10-06 16:09:24.0000001,7.66
2009-10-06 16:09:24.0000003,8.18
2009-10-06 16:09:24.0000002,6.62
2009-05-06 01:49:12.0000003,27.84
2009-05-06 01:49:12.0000005,5.96
2009-05-06 01:49:12.0000001,12.28
2009-05-06 01:49:12.0000006,6.18
2014-10-07 11:20:56.0000002,43.87
2014-10-07 11:20:56.0000001,15.11
2014-10-07 11:20:56.0000003,7.66
2009-02-10 15:30:04.0000002,9.82
2009-02-10 15:30:04.0000001,10.6
2013-09-28 00:06:20.0000004,17.24
2013-09-28 00:06:20.0000001,19.12
2013-09-28 00:06:20.0000009,15.75
2013-09-28 00:06:20.0000008,11.92
2013-09-28 00:06:20.0000007,6.27
2013-09-28 00:06:20.0000006,12.36
2013-09-28 00:06:20.0000002,13.06
2013-07-18 08:25:04.0000001,8.33
2013-07-18 08:25:04.0000002,5.77
2013-07-18 08:25:04.0000003,8.13
2011-03-11 01:44:00.00000010,6.4
2011-03-11 01:44:00.00000070,6.92
2011-03-11 01:44:00.00000088,22.83
2011-03-11 01:44:00.00000063,14.41
2011-03-11 01:44:00.00000058,17.05
2011-03-11 01:44:00.00000086,17.41
2011-03-11 01:44:00.00000053,5.29
2011-03-11 01:44:00.00000094,11.15
2011-03-11 01:44:00.00000069,4.61
2011-03-11 01:44:00.00000061,16.34
2011-03-11 01:44:00.0000008,4.59
2011-03-11 01:44:00.0000002,13.89
2011-03-11 01:44:00.00000050,4.99
2011-03-11 01:44:00.00000068,9.08
2011-03-11 01:44:00.00000018,8.51
2011-03-11 01:44:00.00000079,14.72
2011-03-11 01:44:00.00000037,5.47
2011-03-11 01:44:00.00000015,8.37
2011-03-11 01:44:00.00000071,6.06
2011-03-11 01:44:00.00000054,14.25
2011-03-11 01:44:00.00000080,4.8
2011-03-11 01:44:00.00000078,8.52
2011-03-11 01:44:00.00000055,5.98
2011-03-11 01:44:00.00000026,19.98
2011-03-11 01:44:00.00000045,9.69
2011-03-11 01:44:00.00000013,6.05
2011-03-11 01:44:00.0000007,25.87
2011-03-11 01:44:00.00000024,4.74
2011-03-11 01:44:00.00000093,4.7
2011-03-11 01:44:00.00000089,7.18
2011-03-11 01:44:00.00000022,8.67
2011-03-11 01:44:00.00000020,4.48
2011-03-11 01:44:00.00000025,4.65
2011-03-11 01:44:00.00000090,21.03
2011-03-11 01:44:00.00000087,16.62
2011-03-11 01:44:00.00000017,9.55
2011-03-11 01:44:00.00000031,18.86
2011-03-11 01:44:00.00000048,12.85
2011-03-11 01:44:00.00000076,19.06
2011-03-11 01:44:00.00000012,15.23
2011-03-11 01:44:00.00000066,6.54
2011-03-11 01:44:00.0000001,6.46
2011-03-11 01:44:00.00000091,13.28
2011-03-11 01:44:00.00000043,9.05
2011-03-11 01:44:00.00000060,6.7
2011-03-11 01:44:00.00000049,10.0
2011-03-11 01:44:00.00000073,6.57
2011-03-11 01:44:00.0000004,13.48
2013-12-16 19:06:44.0000002,6.37
2013-12-18 03:49:24.0000001,8.63
2013-08-05 19:04:36.0000002,9.27
2013-08-05 19:04:36.0000001,8.16
2009-05-08 18:00:36.0000002,5.25
2013-01-27 00:09:12.0000002,12.1
2013-01-27 00:09:12.0000006,6.5
2013-01-27 00:09:12.0000009,8.61
2013-01-27 00:09:12.0000001,5.67
2013-01-27 00:09:12.0000004,9.09
2013-01-27 00:09:12.0000007,12.74
2013-01-27 00:09:12.0000005,7.15
2012-06-18 22:51:56.0000002,5.49
2012-06-18 22:51:56.0000001,4.62
2011-06-20 09:55:24.0000004,7.2
2011-06-20 09:55:24.0000003,5.83
2011-06-20 09:55:24.0000001,7.86
2011-06-20 09:55:24.0000002,4.96
2011-06-20 09:55:24.0000005,7.99
2015-02-22 09:48:32.0000002,7.43
2015-02-22 09:48:32.0000001,17.84
2015-02-22 09:48:32.0000003,23.15
2010-08-25 23:40:32.0000001,10.78
2012-01-07 11:21:56.0000002,12.73
2012-10-31 12:17:24.0000003,11.0
2012-10-31 12:17:24.0000001,5.92
2012-10-20 02:05:08.0000001,14.74
2012-10-20 02:05:08.0000002,5.42
2012-05-06 08:52:08.0000001,11.49
2014-10-11 15:11:24.0000002,6.77
2014-10-11 15:11:24.0000004,43.29
2014-10-11 15:11:24.0000005,15.17
2014-10-11 15:11:24.0000006,35.97
2014-10-11 15:11:24.0000001,7.63
2009-08-17 12:27:08.0000004,6.39
2009-08-17 12:27:08.0000001,19.66
2009-08-17 12:27:08.0000003,7.21
2011-10-28 07:45:04.0000001,16.16
2011-10-28 07:45:04.0000003,6.91
2011-10-28 07:45:04.0000002,4.99
2014-04-09 09:23:12.0000003,7.73
2014-04-09 09:23:12.0000005,7.6
2014-04-09 09:23:12.0000002,8.52
2014-04-09 09:23:12.0000001,11.22
2013-09-15 02:37:52.0000001,10.63
2013-09-15 02:37:52.0000003,10.19
2009-11-25 19:32:52.0000005,13.06
2009-11-25 19:32:52.0000002,10.91
2009-11-25 19:32:52.0000003,17.6
2014-05-30 00:09:16.0000002,12.38
2014-05-30 00:09:16.0000005,11.37
2014-05-30 00:09:16.0000003,5.94
2014-05-30 00:09:16.0000004,6.34
2014-05-30 00:09:16.0000001,11.02
2013-10-24 14:18:20.0000001,5.69
2013-10-24 14:18:20.0000002,6.94
2013-10-24 14:18:20.0000003,13.8
2014-06-07 22:07:12.0000002,16.72
2014-06-07 22:07:12.0000001,14.5
2013-01-07 17:08:32.0000003,7.43
2013-01-07 17:08:32.0000001,6.32
2010-08-11 00:12:08.0000001,6.26
2011-10-04 09:37:00.0000007,6.9
2011-10-04 09:37:00.00000092,7.23
2011-10-04 09:37:00.000000150,6.1
2011-10-04 09:37:00.00000010,5.58
2011-10-04 09:37:00.00000065,31.8
2011-10-04 09:37:00.000000151,5.86
2011-10-04 09:37:00.00000089,5.35
2011-10-04 09:37:00.000000120,7.37
2011-10-04 09:37:00.0000009,5.0
2011-10-04 09:37:00.000000110,5.85
2011-10-04 09:37:00.00000098,14.26
2011-10-04 09:37:00.00000011,5.74
2011-10-04 09:37:00.00000042,5.63
2011-10-04 09:37:00.00000024,6.97
2011-10-04 09:37:00.000000188,15.63
2011-10-04 09:37:00.00000071,10.4
2011-10-04 09:37:00.000000168,10.5
2011-10-04 09:37:00.000000159,9.54
2011-10-04 09:37:00.000000171,8.91
2011-10-04 09:37:00.000000129,6.41
2011-10-04 09:37:00.000000186,6.68
2011-10-04 09:37:00.000000123,13.04
2011-10-04 09:37:00.00000020,5.25
2011-10-04 09:37:00.00000033,7.24
2011-10-04 09:37:00.00000058,11.67
2011-10-04 09:37:00.00000068,8.55
2011-10-04 09:37:00.000000131,5.55
2011-10-04 09:37:00.000000178,33.0
2011-10-04 09:37:00.000000103,29.7
2011-10-04 09:37:00.00000026,9.01
2011-10-04 09:37:00.000000115,6.8
2011-10-04 09:37:00.00000059,32.46
2011-10-04 09:37:00.00000090,13.83
2011-10-04 09:37:00.00000063,6.73
2011-10-04 09:37:00.000000169,5.29
2011-10-04 09:37:00.00000066,8.24
2011-10-04 09:37:00.000000181,5.27
2011-10-04 09:37:00.00000018,6.27
2011-10-04 09:37:00.000000112,6.06
2011-10-04 09:37:00.00000094,9.3
2011-10-04 09:37:00.0000001,6.25
2011-10-04 09:37:00.000000139,11.47
2011-10-04 09:37:00.000000152,9.85
2011-10-04 09:37:00.000000187,4.51
2011-10-04 09:37:00.00000070,6.62
2011-10-04 09:37:00.00000050,5.37
2011-10-04 09:37:00.0000004,9.65
2011-10-04 09:37:00.000000153,11.8
2011-10-04 09:37:00.00000076,28.66
2011-10-04 09:37:00.00000079,32.95
2011-10-04 09:37:00.000000146,5.59
2011-10-04 09:37:00.000000192,7.72
2011-10-04 09:37:00.000000172,11.49
2011-10-04 09:37:00.000000154,6.45
2011-10-04 09:37:00.000000124,8.51
2011-10-04 09:37:00.000000142,5.8
2011-10-04 09:37:00.000000167,8.23
2011-10-04 09:37:00.00000048,10.78
2011-10-04 09:37:00.00000074,12.81
2011-10-04 09:37:00.000000193,6.4
2011-10-04 09:37:00.000000166,5.92
2011-10-04 09:37:00.000000147,5.14
2011-10-04 09:37:00.000000189,6.19
2011-10-04 09:37:00.0000008,5.41
2011-10-04 09:37:00.000000125,6.56
2011-10-04 09:37:00.00000051,5.68
2011-10-04 09:37:00.000000173,7.87
2011-10-04 09:37:00.00000096,11.57
2011-10-04 09:37:00.000000174,5.63
2011-10-04 09:37:00.000000130,8.77
2011-10-04 09:37:00.00000016,6.33
2011-10-04 09:37:00.000000145,6.74
2011-10-04 09:37:00.000000140,7.76
2011-10-04 09:37:00.00000040,29.92
2011-10-04 09:37:00.000000118,11.25
2011-10-04 09:37:00.00000081,6.73
2011-10-04 09:37:00.000000175,6.71
2011-10-04 09:37:00.00000072,10.88
2011-10-04 09:37:00.000000143,5.48
2011-10-04 09:37:00.000000104,5.04
2011-10-04 09:37:00.00000053,6.45
2011-10-04 09:37:00.00000084,6.18
2011-10-04 09:37:00.00000030,8.91
2011-10-04 09:37:00.000000100,4.86
2011-10-04 09:37:00.000000105,8.4
2011-10-04 09:37:00.00000041,5.63
2011-10-04 09:37:00.00000091,11.97
2011-10-04 09:37:00.00000078,6.62
2011-10-04 09:37:00.000000197,6.36
2011-10-04 09:37:00.000000119,8.15
2011-10-04 09:37:00.000000161,8.83
2011-10-04 09:37:00.00000039,5.43
2011-10-04 09:37:00.00000086,5.34
2011-10-04 09:37:00.000000195,9.84
2011-10-04 09:37:00.000000182,5.93
2011-10-04 09:37:00.000000133,5.75
2011-10-04 09:37:00.00000029,8.53
2011-10-04 09:37:00.000000144,6.04
2011-10-04 09:37:00.000000128,5.91
2011-10-04 09:37:00.00000027,8.42
2011-10-04 09:37:00.00000032,6.42
2011-10-04 09:37:00.00000073,10.52
2011-10-04 09:37:00.00000083,10.16
2011-10-04 09:37:00.00000021,5.63
2011-10-04 09:37:00.000000137,6.0
2011-10-04 09:37:00.00000087,49.84
2011-10-04 09:37:00.00000060,33.07
2011-10-04 09:37:00.000000138,6.87
2011-10-04 09:37:00.00000046,11.08
2011-10-04 09:37:00.00000075,6.47
2011-10-04 09:37:00.000000198,5.98
2011-10-04 09:37:00.000000121,10.94
2011-10-04 09:37:00.000000116,6.02
2011-10-04 09:37:00.000000117,5.89
2011-10-04 09:37:00.00000097,13.31
2011-10-04 09:37:00.00000012,6.01
2011-10-04 09:37:00.00000093,31.38
2011-10-04 09:37:00.000000101,5.32
2011-10-04 09:37:00.00000082,19.99
2011-10-04 09:37:00.000000126,5.98
2011-10-04 09:37:00.00000035,8.52
2011-10-04 09:37:00.000000127,14.98
2011-10-04 09:37:00.000000156,5.58
2014-04-29 08:15:56.0000002,6.42
2014-04-29 08:15:56.0000001,8.08
2012-10-23 14:15:04.0000003,16.82
2012-10-23 14:15:04.0000004,16.57
2012-10-23 14:15:04.0000001,8.04
2012-08-31 08:01:16.0000001,6.68
2012-10-18 21:06:20.0000003,12.93
2012-10-18 21:06:20.0000006,76.6
2012-10-18 21:06:20.0000002,8.84
2012-10-18 21:06:20.0000005,6.15
2012-10-18 21:06:20.0000004,10.4
2012-10-18 21:06:20.0000008,11.04
2012-10-18 21:06:20.00000010,8.4
2012-10-18 21:06:20.0000001,36.03
2014-02-26 04:36:28.0000001,15.27
2010-02-20 00:43:28.0000002,7.18
2010-02-20 00:43:28.0000004,19.75
2010-02-20 00:43:28.0000003,8.9
2010-02-20 00:43:28.0000001,11.43
2009-08-21 08:00:48.0000002,7.86
2009-08-21 08:00:48.0000001,7.04
2009-08-21 08:00:48.0000003,7.32
2014-12-24 03:00:00.00000034,7.43
2014-12-24 03:00:00.00000013,29.28
2014-12-24 03:00:00.0000001,17.64
2014-12-24 03:00:00.00000032,7.52
2014-12-24 03:00:00.0000006,4.94
2014-12-24 03:00:00.00000037,6.65
2014-12-24 03:00:00.00000012,11.78
2014-12-24 03:00:00.00000023,21.62
2014-12-24 03:00:00.00000041,5.83
2014-12-24 03:00:00.0000008,7.19
2014-12-24 03:00:00.00000024,13.48
2014-12-24 03:00:00.00000038,6.53
2014-12-24 03:00:00.0000009,6.52
2014-12-24 03:00:00.00000018,15.81
2014-12-24 03:00:00.00000011,25.82
2014-12-24 03:00:00.00000021,14.03
2014-12-24 03:00:00.00000030,7.8
2014-12-24 03:00:00.00000010,6.13
2014-12-24 03:00:00.0000004,9.94
2014-12-24 03:00:00.00000022,15.69
2014-12-24 03:00:00.00000028,6.95
2012-08-19 12:46:40.0000003,14.01
2012-08-19 12:46:40.0000002,5.19
2012-08-19 12:46:40.0000001,8.69
2013-12-02 17:53:24.0000003,12.18
2013-12-02 17:53:24.0000001,10.91
2013-12-02 17:53:24.0000002,11.63
2011-11-07 18:53:08.0000002,10.16
2011-11-07 18:53:08.0000001,14.75
2009-05-16 23:36:24.0000001,9.44
2009-05-16 23:36:24.0000002,5.74
2011-01-10 10:56:56.0000003,6.13
2011-01-10 10:56:56.0000002,31.72
2011-01-10 10:56:56.0000001,5.76
2010-10-07 10:54:20.0000002,7.36
2010-10-07 10:54:20.0000005,14.75
2010-10-07 10:54:20.0000001,6.05
2010-10-07 10:54:20.0000004,7.99
2011-02-21 20:11:08.0000001,8.06
2011-02-21 20:11:08.0000005,7.4
2011-02-21 20:11:08.0000002,9.85
2011-02-21 20:11:08.0000003,7.79
2011-02-21 20:11:08.0000004,37.39
2009-10-04 22:54:56.0000003,9.52
2015-04-11 20:31:32.0000007,6.05
2015-04-11 20:31:32.00000012,5.75
2015-04-11 20:31:32.0000003,37.61
2015-04-11 20:31:32.0000006,11.63
2015-04-11 20:31:32.0000002,23.01
2015-04-11 20:31:32.0000009,12.81
2015-04-11 20:31:32.00000010,5.74
2015-04-11 20:31:32.0000001,7.91
2012-04-02 02:53:24.0000001,12.9
2014-04-21 16:00:36.0000001,7.36
2014-04-21 16:00:36.0000003,6.15
2014-04-21 16:00:36.0000002,5.52
2012-03-22 21:11:36.0000006,16.84
2012-03-22 21:11:36.0000008,8.46
2012-03-22 21:11:36.0000005,11.64
2012-03-22 21:11:36.0000001,11.1
2012-03-22 21:11:36.0000004,4.7
2012-03-22 21:11:36.0000007,5.14
2012-03-22 21:11:36.0000002,8.36
2012-03-22 21:11:36.0000003,22.86
2011-04-08 00:57:44.0000001,5.09
2011-02-20 12:31:04.0000001,9.23
2011-02-20 12:31:04.0000003,4.35
2011-02-06 17:08:24.0000004,15.93
2011-02-06 17:08:24.0000002,6.82
2011-02-06 17:08:24.0000001,8.96
2013-01-01 22:04:56.0000001,8.6
2013-04-23 17:52:44.0000001,17.31
2013-04-23 17:52:44.0000002,7.06
2013-07-02 21:47:24.0000003,5.78
2013-07-02 21:47:24.0000002,17.38
2013-07-02 21:47:24.0000001,20.38
2010-01-01 13:19:40.0000002,17.43
2010-01-01 13:19:40.0000005,9.13
2010-01-01 13:19:40.0000001,9.56
2010-01-01 13:19:40.0000003,76.5
2013-04-26 20:41:16.0000001,8.44
2010-03-06 23:51:08.0000002,12.3
2010-03-06 23:51:08.0000001,7.4
2014-04-17 16:58:28.0000001,8.28
2014-04-17 16:58:28.0000002,12.47
2014-01-06 16:39:16.0000001,28.41
2015-02-12 05:37:56.0000002,6.44
2011-12-22 01:00:08.0000001,18.4
2011-12-22 01:00:08.0000002,6.34
2011-08-20 17:04:24.0000001,5.54
2011-06-30 13:07:36.0000001,5.31
2011-06-30 13:07:36.0000005,10.03
2011-06-30 13:07:36.0000002,6.24
2011-06-30 13:07:36.0000004,6.55
2011-06-30 13:07:36.0000003,8.48
2014-04-27 02:57:00.000000100,5.75
2014-04-27 02:57:00.000000130,6.84
2014-04-27 02:57:00.000000109,31.54
2014-04-27 02:57:00.00000096,20.28
2014-04-27 02:57:00.00000063,13.02
2014-04-27 02:57:00.000000177,5.85
2014-04-27 02:57:00.000000132,17.74
2014-04-27 02:57:00.000000170,17.86
2014-04-27 02:57:00.00000021,15.38
2014-04-27 02:57:00.000000136,11.98
2014-04-27 02:57:00.00000032,11.12
2014-04-27 02:57:00.000000107,6.21
2014-04-27 02:57:00.00000028,41.09
2014-04-27 02:57:00.00000026,17.9
2014-04-27 02:57:00.000000139,7.89
2014-04-27 02:57:00.00000015,22.86
2014-04-27 02:57:00.00000095,4.65
2014-04-27 02:57:00.000000105,26.32
2014-04-27 02:57:00.000000196,10.35
2014-04-27 02:57:00.0000001,4.87
2014-04-27 02:57:00.000000175,13.5
2014-04-27 02:57:00.000000188,17.67
2014-04-27 02:57:00.00000051,13.4
2014-04-27 02:57:00.00000055,7.72
2014-04-27 02:57:00.00000016,15.08
2014-04-27 02:57:00.000000169,8.08
2014-04-27 02:57:00.00000086,13.71
2014-04-27 02:57:00.000000148,16.31
2014-04-27 02:57:00.00000087,18.34
2014-04-27 02:57:00.00000027,17.66
2014-04-27 02:57:00.000000120,21.28
2014-04-27 02:57:00.00000068,5.02
2014-04-27 02:57:00.00000099,7.92
2014-04-27 02:57:00.000000193,9.65
2014-04-27 02:57:00.00000081,20.4
2014-04-27 02:57:00.000000135,24.42
2014-04-27 02:57:00.000000181,5.74
2014-04-27 02:57:00.00000020,5.69
2014-04-27 02:57:00.000000157,21.26
2014-04-27 02:57:00.00000079,21.48
2014-04-27 02:57:00.00000019,7.68
2014-04-27 02:57:00.000000126,15.4
2014-04-27 02:57:00.0000002,5.11
2014-04-27 02:57:00.00000062,9.64
2014-04-27 02:57:00.00000085,13.47
2014-04-27 02:57:00.00000014,16.17
2014-04-27 02:57:00.000000161,11.73
2014-04-27 02:57:00.00000084,16.42
2014-04-27 02:57:00.000000122,18.89
2014-04-27 02:57:00.000000111,7.93
2014-04-27 02:57:00.000000113,10.28
2014-04-27 02:57:00.00000071,10.1
2014-04-27 02:57:00.00000077,12.32
2014-04-27 02:57:00.000000134,46.37
2014-04-27 02:57:00.000000103,11.92
2014-04-27 02:57:00.000000102,14.26
2014-04-27 02:57:00.000000160,24.57
2014-04-27 02:57:00.00000042,6.3
2014-04-27 02:57:00.00000054,5.26
2014-04-27 02:57:00.00000049,14.84
2014-04-27 02:57:00.000000147,11.7
2014-04-27 02:57:00.00000045,10.43
2014-04-27 02:57:00.0000003,19.78
2014-04-27 02:57:00.000000182,8.13
2014-04-27 02:57:00.000000180,6.97
2014-04-27 02:57:00.00000038,22.75
2014-04-27 02:57:00.0000005,8.41
2014-04-27 02:57:00.000000108,4.74
2014-04-27 02:57:00.00000092,6.35
2014-04-27 02:57:00.000000192,7.32
2014-04-27 02:57:00.000000165,6.9
2014-04-27 02:57:00.000000115,10.77
2014-04-27 02:57:00.00000029,9.41
2014-04-27 02:57:00.00000050,6.27
2014-04-27 02:57:00.000000119,8.37
2014-04-27 02:57:00.00000011,17.47
2014-04-27 02:57:00.000000114,6.42
2014-04-27 02:57:00.000000190,14.26
2014-04-27 02:57:00.00000061,6.16
2014-04-27 02:57:00.00000098,11.59
2014-04-27 02:57:00.00000040,7.33
2014-04-27 02:57:00.000000117,19.19
2014-04-27 02:57:00.000000150,6.91
2014-04-27 02:57:00.00000035,8.05
2014-04-27 02:57:00.00000022,19.1
2014-04-27 02:57:00.000000146,8.06
2014-04-27 02:57:00.00000018,10.89
2014-04-27 02:57:00.00000041,13.12
2014-04-27 02:57:00.00000089,19.34
2014-04-27 02:57:00.00000088,9.05
2014-04-27 02:57:00.000000101,10.85
2014-04-27 02:57:00.00000058,25.2
2014-04-27 02:57:00.00000030,7.64
2014-04-27 02:57:00.000000156,13.67
2014-04-27 02:57:00.00000024,8.48
2014-04-27 02:57:00.000000163,7.1
2014-04-27 02:57:00.000000152,12.8
2014-04-27 02:57:00.00000037,6.68
2014-04-27 02:57:00.00000065,5.71
2014-04-27 02:57:00.0000006,28.04
2014-04-27 02:57:00.00000060,8.35
2014-04-27 02:57:00.000000110,7.1
2014-04-27 02:57:00.00000034,5.55
2014-04-27 02:57:00.000000149,26.34
2014-04-27 02:57:00.000000176,5.66
2014-04-27 02:57:00.000000184,6.4
2014-04-27 02:57:00.000000118,7.36
2014-04-27 02:57:00.000000186,13.99
2014-04-27 02:57:00.000000104,11.39
2014-04-27 02:57:00.00000080,25.98
2014-04-27 02:57:00.000000121,8.62
2014-04-27 02:57:00.00000093,6.85
2014-04-27 02:57:00.00000056,10.7
2014-04-27 02:57:00.00000044,15.52
2014-04-27 02:57:00.00000048,7.73
2014-04-27 02:57:00.00000059,15.72
2014-04-27 02:57:00.000000194,20.59
2014-04-27 02:57:00.000000185,23.02
2014-04-27 02:57:00.000000125,17.26
2014-04-27 02:57:00.00000046,12.4
2014-04-27 02:57:00.00000070,19.9
2014-04-27 02:57:00.000000133,14.79
2011-01-18 10:26:40.0000003,4.92
2011-01-18 10:26:40.0000002,8.33
2012-04-20 07:57:20.0000001,9.64
2012-04-20 07:57:20.0000004,4.59
2012-04-20 07:57:20.0000003,6.59
2012-04-20 07:57:20.0000002,4.39
2011-12-13 22:00:00.00000071,12.83
2011-12-13 22:00:00.000000178,5.46
2011-12-13 22:00:00.00000016,7.31
2011-12-13 22:00:00.000000127,6.81
2011-12-13 22:00:00.00000065,5.19
2011-12-13 22:00:00.000000227,5.05
2011-12-13 22:00:00.000000257,6.24
2011-12-13 22:00:00.000000238,8.4
2011-12-13 22:00:00.0000008,7.67
2011-12-13 22:00:00.000000252,5.81
2011-12-13 22:00:00.000000204,12.79
2011-12-13 22:00:00.000000120,8.62
2011-12-13 22:00:00.000000175,5.08
2011-12-13 22:00:00.00000010,11.93
2011-12-13 22:00:00.00000048,6.04
2011-12-13 22:00:00.000000189,4.76
2011-12-13 22:00:00.00000011,5.09
2011-12-13 22:00:00.000000247,7.83
2011-12-13 22:00:00.000000261,4.77
2011-12-13 22:00:00.0000004,12.19
2011-12-13 22:00:00.00000014,11.84
2011-12-13 22:00:00.000000151,37.09
2011-12-13 22:00:00.00000025,6.68
2011-12-13 22:00:00.00000039,9.14
2011-12-13 22:00:00.000000179,7.41
2011-12-13 22:00:00.000000137,11.74
2011-12-13 22:00:00.00000091,16.09
2011-12-13 22:00:00.000000109,5.65
2011-12-13 22:00:00.000000174,7.81
2011-12-13 22:00:00.000000225,16.43
2011-12-13 22:00:00.000000207,5.74
2011-12-13 22:00:00.000000269,25.1
2011-12-13 22:00:00.000000234,7.21
2011-12-13 22:00:00.00000017,6.75
2011-12-13 22:00:00.00000046,6.28
2011-12-13 22:00:00.00000057,13.11
2011-12-13 22:00:00.000000105,8.07
2011-12-13 22:00:00.000000114,15.06
2011-12-13 22:00:00.00000030,5.03
2011-12-13 22:00:00.000000100,5.64
2011-12-13 22:00:00.00000088,16.48
2011-12-13 22:00:00.000000242,7.08
2011-12-13 22:00:00.000000113,6.77
2011-12-13 22:00:00.000000157,11.07
2011-12-13 22:00:00.000000177,11.58
2011-12-13 22:00:00.000000169,8.54
2011-12-13 22:00:00.000000123,5.33
2011-12-13 22:00:00.000000182,31.9
2011-12-13 22:00:00.000000129,6.74
2011-12-13 22:00:00.000000136,54.85
2011-12-13 22:00:00.000000187,5.14
2011-12-13 22:00:00.000000218,8.21
2011-12-13 22:00:00.000000167,29.16
2011-12-13 22:00:00.000000192,12.79
2011-12-13 22:00:00.00000024,6.35
2011-12-13 22:00:00.00000093,10.41
2011-12-13 22:00:00.000000260,4.99
2011-12-13 22:00:00.00000038,4.53
2011-12-13 22:00:00.000000208,7.09
2011-12-13 22:00:00.000000210,5.98
2011-12-13 22:00:00.000000181,6.9
2011-12-13 22:00:00.000000111,10.06
2011-12-13 22:00:00.000000161,16.41
2011-12-13 22:00:00.000000209,6.31
2011-12-13 22:00:00.00000029,7.25
2011-12-13 22:00:00.00000067,4.98
2011-12-13 22:00:00.000000202,4.96
2011-12-13 22:00:00.000000245,9.52
2011-12-13 22:00:00.000000206,9.27
2011-12-13 22:00:00.0000003,5.85
2011-12-13 22:00:00.00000060,14.81
2011-12-13 22:00:00.00000053,4.78
2011-12-13 22:00:00.000000201,7.59
2011-12-13 22:00:00.000000212,10.27
2011-12-13 22:00:00.000000235,16.36
2011-12-13 22:00:00.000000170,26.71
2011-12-13 22:00:00.000000253,4.95
2011-12-13 22:00:00.000000172,17.97
2011-12-13 22:00:00.00000086,4.67
2011-12-13 22:00:00.000000223,48.05
2011-12-13 22:00:00.0000009,10.08
2011-12-13 22:00:00.00000031,12.31
2011-12-13 22:00:00.000000243,9.83
2011-12-13 22:00:00.000000133,10.76
2011-12-13 22:00:00.000000199,8.65
2011-12-13 22:00:00.000000104,23.98
2011-12-13 22:00:00.00000023,49.17
2011-12-13 22:00:00.00000075,35.53
2011-12-13 22:00:00.000000217,5.2
2011-12-13 22:00:00.000000220,8.41
2011-12-13 22:00:00.000000211,4.89
2011-12-13 22:00:00.000000150,8.08
2011-12-13 22:00:00.00000020,4.91
2011-12-13 22:00:00.000000254,5.59
2011-12-13 22:00:00.000000183,7.97
2011-12-13 22:00:00.000000166,12.36
2011-12-13 22:00:00.00000063,6.87
2011-12-13 22:00:00.000000124,5.24
2011-12-13 22:00:00.000000219,9.03
2011-12-13 22:00:00.00000099,15.83
2011-12-13 22:00:00.00000041,6.25
2011-12-13 22:00:00.00000080,10.85
2011-12-13 22:00:00.000000216,24.41
2011-12-13 22:00:00.000000240,4.45
2011-12-13 22:00:00.000000153,6.66
2011-12-13 22:00:00.00000068,5.24
2011-12-13 22:00:00.000000263,11.01
2011-12-13 22:00:00.00000061,13.66
2011-12-13 22:00:00.000000162,5.6
2011-12-13 22:00:00.00000045,6.12
2011-12-13 22:00:00.000000193,10.27
2011-12-13 22:00:00.000000112,30.6
2011-12-13 22:00:00.000000165,5.63
2011-12-13 22:00:00.000000255,12.59
2011-12-13 22:00:00.000000106,31.01
2011-12-13 22:00:00.000000125,13.26
2011-12-13 22:00:00.000000250,8.2
2011-12-13 22:00:00.0000006,6.11
2011-12-13 22:00:00.00000090,5.58
2011-12-13 22:00:00.00000055,5.11
2011-12-13 22:00:00.000000188,10.49
2011-12-13 22:00:00.000000259,13.01
2011-12-13 22:00:00.000000142,15.73
2011-12-13 22:00:00.000000155,6.07
2011-12-13 22:00:00.00000082,5.75
2011-12-13 22:00:00.00000069,8.32
2011-12-13 22:00:00.00000097,12.82
2011-12-13 22:00:00.000000107,30.51
2011-12-13 22:00:00.000000126,6.42
2011-12-13 22:00:00.00000012,8.97
2011-12-13 22:00:00.000000158,6.38
2011-12-13 22:00:00.000000196,7.3
2011-12-13 22:00:00.000000132,26.39
2011-12-13 22:00:00.000000244,5.11
2011-12-13 22:00:00.000000268,8.53
2011-12-13 22:00:00.00000064,4.74
2011-12-13 22:00:00.000000159,12.9
2011-12-13 22:00:00.000000163,22.77
2011-12-13 22:00:00.000000232,17.29
2011-12-13 22:00:00.0000007,6.08
2011-12-13 22:00:00.00000054,4.75
2011-12-13 22:00:00.000000230,16.34
2011-12-13 22:00:00.000000256,7.12
2011-12-13 22:00:00.000000146,6.61
2011-12-13 22:00:00.000000265,9.83
2011-12-13 22:00:00.00000076,6.14
2011-12-13 22:00:00.00000062,18.49
2011-12-13 22:00:00.00000032,5.83
2011-12-13 22:00:00.000000213,4.46
2011-12-13 22:00:00.00000083,15.04
2011-12-13 22:00:00.00000026,11.53
2011-12-13 22:00:00.000000239,12.38
2011-12-13 22:00:00.000000233,10.15
2011-12-13 22:00:00.00000089,6.59
2011-12-13 22:00:00.000000267,7.73
2011-12-13 22:00:00.000000176,8.02
2011-12-13 22:00:00.000000139,5.42
2011-12-13 22:00:00.00000027,5.42
2011-12-13 22:00:00.00000042,9.41
2011-12-13 22:00:00.000000241,14.12
2011-12-13 22:00:00.000000222,8.21
2012-03-12 09:50:24.0000001,6.63
2012-03-12 09:50:24.0000003,5.56
2012-03-12 09:50:24.0000002,5.01
2014-05-13 07:33:52.0000006,6.35
2014-05-13 07:33:52.0000004,6.66
2014-05-13 07:33:52.0000001,10.81
2014-05-13 07:33:52.0000002,5.94
2014-05-13 07:33:52.0000003,13.64
2011-06-30 09:37:08.0000002,9.59
2011-06-30 09:37:08.0000003,4.95
2012-09-18 17:13:40.0000002,7.22
2012-09-18 17:13:40.0000001,6.48
2011-06-07 12:11:56.0000004,19.05
2011-06-07 12:11:56.0000001,12.37
2011-06-07 12:11:56.0000003,30.03
2011-06-07 12:11:56.0000002,5.28
2011-06-07 12:11:56.0000005,6.97
2010-05-21 23:04:44.0000002,19.38
2010-05-21 23:04:44.0000001,14.29
2009-01-28 16:36:28.0000002,7.06
2009-01-28 16:36:28.0000003,49.98
2009-01-28 16:36:28.0000005,7.12
2009-01-28 16:36:28.0000006,9.02
2009-01-28 16:36:28.0000001,6.33
2012-03-12 02:58:56.0000001,22.25
2010-07-21 22:06:12.0000005,8.1
2010-07-21 22:06:12.0000003,6.23
2010-07-21 22:06:12.0000001,24.53
2010-07-21 22:06:12.0000002,10.5
2009-04-12 16:00:56.0000001,12.13
2013-05-24 13:37:32.0000001,7.76
2011-07-29 20:50:36.0000001,12.5
2011-07-29 20:50:36.0000003,23.86
2011-07-29 20:50:36.0000002,4.95
2014-03-05 21:07:12.0000003,14.26
2014-03-05 21:07:12.0000004,7.65
2009-11-28 15:07:24.0000004,47.96
2009-11-28 15:07:24.0000001,13.11
2009-11-28 15:07:24.0000003,4.88
2015-04-11 14:16:12.0000003,7.74
2015-04-11 14:16:12.00000010,5.69
2015-04-11 14:16:12.00000011,6.93
2015-04-11 14:16:12.0000001,8.38
2015-04-11 14:16:12.0000002,7.95
2015-04-11 14:16:12.0000006,56.98
2015-04-11 14:16:12.0000007,6.04
2015-04-11 14:16:12.0000008,10.16
2014-11-15 10:57:20.0000002,4.96
2014-11-15 10:57:20.0000001,7.77
2010-07-31 15:47:28.0000001,5.13
2014-05-12 20:56:48.0000005,6.22
2014-05-12 20:56:48.0000001,7.85
2014-05-12 20:56:48.0000004,5.3
2014-05-12 20:56:48.0000003,7.77
2014-05-12 20:56:48.0000002,11.42
2014-01-16 06:00:48.0000001,12.8
2014-04-23 11:18:40.0000003,10.94
2014-04-23 11:18:40.0000002,7.71
2014-04-23 11:18:40.0000001,9.44
2011-09-22 04:49:56.0000001,30.48
2011-10-28 07:35:52.0000003,6.0
2011-10-28 07:35:52.0000002,12.18
2011-10-28 07:35:52.0000001,6.17
2015-05-10 19:54:00.0000001,9.4
2015-05-10 19:54:00.0000003,7.42
2015-05-10 19:54:00.0000005,11.61
2015-05-10 19:54:00.0000004,11.88
2011-03-28 23:18:48.0000001,10.27
2014-08-26 01:31:04.0000001,27.39
2015-02-26 15:55:48.0000004,13.84
2015-02-26 15:55:48.0000003,9.74
2015-02-26 15:55:48.0000002,7.1
2013-11-22 15:36:36.0000002,5.36
2010-02-13 11:03:04.0000002,5.42
2010-02-13 11:03:04.0000001,5.07
2010-02-13 11:03:04.0000004,5.61
2010-02-13 11:03:04.0000003,6.03
2011-06-26 18:48:08.0000004,8.27
2011-06-26 18:48:08.0000005,17.99
2011-06-26 18:48:08.0000002,5.84
2011-06-26 18:48:08.0000001,7.53
2010-10-14 23:48:56.0000001,5.4
2010-10-14 23:48:56.0000002,45.92
2010-10-14 23:48:56.0000003,12.07
2010-10-14 23:48:56.0000004,6.57
2011-01-22 07:48:28.0000001,8.46
2011-10-17 18:49:20.0000003,15.89
2011-10-17 18:49:20.0000002,7.73
2011-10-17 18:49:20.0000005,9.46
2009-03-24 16:39:12.0000002,9.34
2009-03-24 16:39:12.0000004,7.96
2009-03-24 16:39:12.0000003,10.67
2009-03-24 16:39:12.0000001,6.7
2014-07-21 18:19:00.000000102,8.12
2014-07-21 18:19:00.000000106,10.31
2014-07-21 18:19:00.000000107,6.01
2014-07-21 18:19:00.00000094,34.88
2014-07-21 18:19:00.000000161,8.11
2014-07-21 18:19:00.000000129,17.97
2014-07-21 18:19:00.00000083,5.12
2014-07-21 18:19:00.000000163,15.07
2014-07-21 18:19:00.000000117,10.26
2014-07-21 18:19:00.00000028,6.08
2014-07-21 18:19:00.00000089,14.45
2014-07-21 18:19:00.000000130,6.54
2014-07-21 18:19:00.000000105,8.05
2014-07-21 18:19:00.000000123,17.38
2014-07-21 18:19:00.000000103,56.03
2014-07-21 18:19:00.000000227,5.38
2014-07-21 18:19:00.000000189,8.97
2014-07-21 18:19:00.000000168,10.39
2014-07-21 18:19:00.000000173,11.7
2014-07-21 18:19:00.000000128,14.64
2014-07-21 18:19:00.000000143,27.91
2014-07-21 18:19:00.00000018,22.25
2014-07-21 18:19:00.00000049,10.86
2014-07-21 18:19:00.00000022,7.41
2014-07-21 18:19:00.000000200,6.31
2014-07-21 18:19:00.000000193,10.15
2014-07-21 18:19:00.000000231,6.73
2014-07-21 18:19:00.000000202,11.32
2014-07-21 18:19:00.00000092,35.97
2014-07-21 18:19:00.000000148,6.1
2014-07-21 18:19:00.00000057,4.87
2014-07-21 18:19:00.00000074,6.43
2014-07-21 18:19:00.000000183,13.04
2014-07-21 18:19:00.000000221,15.8
2014-07-21 18:19:00.00000078,7.73
2014-07-21 18:19:00.00000058,6.33
2014-07-21 18:19:00.000000214,6.49
2014-07-21 18:19:00.000000122,10.24
2014-07-21 18:19:00.000000137,5.63
2014-07-21 18:19:00.00000027,7.2
2014-07-21 18:19:00.00000047,20.66
2014-07-21 18:19:00.00000061,10.98
2014-07-21 18:19:00.000000196,8.9
2014-07-21 18:19:00.000000125,15.58
2014-07-21 18:19:00.000000126,18.33
2014-07-21 18:19:00.000000145,5.46
2014-07-21 18:19:00.00000080,13.35
2014-07-21 18:19:00.00000055,8.05
2014-07-21 18:19:00.00000066,10.22
2014-07-21 18:19:00.000000111,5.49
2014-07-21 18:19:00.00000042,7.4
2014-07-21 18:19:00.000000215,5.67
2014-07-21 18:19:00.00000043,27.93
2014-07-21 18:19:00.000000119,19.23
2014-07-21 18:19:00.000000115,13.19
2014-07-21 18:19:00.0000009,11.13
2014-07-21 18:19:00.00000075,11.41
2014-07-21 18:19:00.000000118,6.18
2014-07-21 18:19:00.00000038,20.79
2014-07-21 18:19:00.000000124,9.81
2014-07-21 18:19:00.000000242,7.13
2014-07-21 18:19:00.00000019,6.69
2014-07-21 18:19:00.00000056,14.61
2014-07-21 18:19:00.000000239,6.59
2014-07-21 18:19:00.000000101,9.14
2014-07-21 18:19:00.000000216,42.74
2014-07-21 18:19:00.000000198,6.0
2014-07-21 18:19:00.000000174,36.78
2014-07-21 18:19:00.00000070,6.8
2014-07-21 18:19:00.0000004,11.59
2014-07-21 18:19:00.000000135,6.33
2014-07-21 18:19:00.000000165,8.36
2014-07-21 18:19:00.00000010,13.29
2014-07-21 18:19:00.000000211,7.88
2014-07-21 18:19:00.000000190,7.91
2014-07-21 18:19:00.00000021,5.74
2014-07-21 18:19:00.000000204,6.57
2014-07-21 18:19:00.000000112,6.48
2014-07-21 18:19:00.000000169,23.06
2014-07-21 18:19:00.000000226,8.48
2014-07-21 18:19:00.000000109,5.85
2014-07-21 18:19:00.000000113,23.76
2014-07-21 18:19:00.000000127,18.94
2014-07-21 18:19:00.000000182,12.51
2014-07-21 18:19:00.00000036,8.97
2014-07-21 18:19:00.000000220,6.11
2014-07-21 18:19:00.000000121,7.47
2014-07-21 18:19:00.00000050,11.79
2014-07-21 18:19:00.000000178,5.95
2014-07-21 18:19:00.000000166,7.64
2014-07-21 18:19:00.000000224,7.63
2014-07-21 18:19:00.000000134,5.97
2014-07-21 18:19:00.000000195,16.54
2014-07-21 18:19:00.00000015,39.87
2014-07-21 18:19:00.0000005,53.04
2014-07-21 18:19:00.000000120,15.58
2014-07-21 18:19:00.000000133,6.85
2014-07-21 18:19:00.00000044,7.65
2014-07-21 18:19:00.000000233,7.64
2014-07-21 18:19:00.00000063,13.25
2014-07-21 18:19:00.000000167,9.38
2014-07-21 18:19:00.000000208,9.06
2014-07-21 18:19:00.00000030,9.92
2014-07-21 18:19:00.00000098,6.56
2014-07-21 18:19:00.000000179,8.16
2014-07-21 18:19:00.000000219,5.56
2014-07-21 18:19:00.0000006,6.64
2014-07-21 18:19:00.0000008,15.74
2014-07-21 18:19:00.00000031,23.42
2014-07-21 18:19:00.000000225,5.49
2014-07-21 18:19:00.000000235,9.05
2014-07-21 18:19:00.000000104,10.23
2014-07-21 18:19:00.00000011,5.06
2014-07-21 18:19:00.00000026,5.66
2014-07-21 18:19:00.000000228,8.0
2014-07-21 18:19:00.000000154,8.52
2014-07-21 18:19:00.000000240,6.31
2014-07-21 18:19:00.00000069,8.4
2014-07-21 18:19:00.000000210,10.08
2014-07-21 18:19:00.00000097,25.65
2014-07-21 18:19:00.000000136,7.0
2014-07-21 18:19:00.000000150,12.37
2014-07-21 18:19:00.00000060,5.12
2014-07-21 18:19:00.00000073,6.78
2014-07-21 18:19:00.000000177,20.02
2014-07-21 18:19:00.000000222,8.24
2014-07-21 18:19:00.0000003,18.65
2014-07-21 18:19:00.00000012,4.98
2014-07-21 18:19:00.000000139,6.18
2014-07-21 18:19:00.000000194,9.79
2014-07-21 18:19:00.00000014,10.29
2014-07-21 18:19:00.00000051,6.83
2014-07-21 18:19:00.000000218,4.94
2014-07-21 18:19:00.000000181,5.92
2014-07-21 18:19:00.000000114,14.15
2014-07-21 18:19:00.00000072,8.68
2014-07-21 18:19:00.000000213,7.16
2014-07-21 18:19:00.00000064,6.56
2012-12-07 16:13:08.0000001,16.19
2011-06-13 09:55:04.0000005,10.02
2011-06-13 09:55:04.0000004,5.86
2011-06-13 09:55:04.0000001,9.03
2014-12-27 22:31:56.0000002,12.92
2014-11-24 09:50:20.0000001,6.2
2014-11-24 09:50:20.0000002,18.99
2015-02-17 12:29:52.0000003,7.11
2015-02-17 12:29:52.0000002,10.37
2015-02-17 12:29:52.0000004,15.76
2015-02-17 12:29:52.0000001,6.27
2010-02-21 21:57:20.0000001,5.23
2010-02-21 21:57:20.0000002,4.55
2010-09-20 16:48:00.000000101,12.38
2010-09-20 16:48:00.000000140,5.73
2010-09-20 16:48:00.00000052,6.71
2010-09-20 16:48:00.00000038,11.16
2010-09-20 16:48:00.000000135,7.16
2010-09-20 16:48:00.000000145,8.78
2010-09-20 16:48:00.00000090,10.48
2010-09-20 16:48:00.00000088,32.74
2010-09-20 16:48:00.000000161,15.91
2010-09-20 16:48:00.000000160,7.26
2010-09-20 16:48:00.00000012,6.61
2010-09-20 16:48:00.00000028,50.76
2010-09-20 16:48:00.000000117,22.57
2010-09-20 16:48:00.00000018,5.41
2010-09-20 16:48:00.00000059,7.3
2010-09-20 16:48:00.00000061,4.91
2010-09-20 16:48:00.00000037,6.56
2010-09-20 16:48:00.000000133,12.12
2010-09-20 16:48:00.000000141,11.71
2010-09-20 16:48:00.000000113,30.64
2010-09-20 16:48:00.00000067,16.92
2010-09-20 16:48:00.00000066,25.23
2010-09-20 16:48:00.000000128,11.68
2010-09-20 16:48:00.000000109,10.94
2010-09-20 16:48:00.000000167,29.26
2010-09-20 16:48:00.00000065,5.49
2010-09-20 16:48:00.000000157,39.92
2010-09-20 16:48:00.00000045,12.4
2010-09-20 16:48:00.00000054,8.92
2010-09-20 16:48:00.00000076,5.61
2010-09-20 16:48:00.000000125,14.97
2010-09-20 16:48:00.00000031,15.36
2010-09-20 16:48:00.000000105,5.63
2010-09-20 16:48:00.00000017,9.35
2010-09-20 16:48:00.000000127,5.48
2010-09-20 16:48:00.000000149,47.15
2010-09-20 16:48:00.00000039,24.88
2010-09-20 16:48:00.00000095,39.66
2010-09-20 16:48:00.00000062,8.52
2010-09-20 16:48:00.00000029,9.76
2010-09-20 16:48:00.000000155,29.1
2010-09-20 16:48:00.000000123,7.15
2010-09-20 16:48:00.00000020,9.81
2010-09-20 16:48:00.0000003,9.95
2010-09-20 16:48:00.000000102,5.43
2010-09-20 16:48:00.00000096,9.72
2010-09-20 16:48:00.00000087,8.86
2010-09-20 16:48:00.00000063,28.36
2010-09-20 16:48:00.00000078,10.48
2010-09-20 16:48:00.00000049,5.81
2010-09-20 16:48:00.000000115,11.2
2010-09-20 16:48:00.00000080,10.36
2010-09-20 16:48:00.00000046,16.97
2010-09-20 16:48:00.00000048,8.29
2010-09-20 16:48:00.00000033,28.07
2010-09-20 16:48:00.000000136,5.81
2010-09-20 16:48:00.00000032,16.61
2010-09-20 16:48:00.00000082,15.04
2010-09-20 16:48:00.00000091,11.65
2010-09-20 16:48:00.00000051,31.94
2010-09-20 16:48:00.000000107,9.06
2010-09-20 16:48:00.000000150,6.32
2010-09-20 16:48:00.00000070,6.87
2010-09-20 16:48:00.000000165,28.61
2010-09-20 16:48:00.00000097,31.2
2010-09-20 16:48:00.00000075,6.9
2010-09-20 16:48:00.000000164,13.35
2010-09-20 16:48:00.000000162,5.75
2010-09-20 16:48:00.00000026,6.34
2010-09-20 16:48:00.000000126,10.04
2010-09-20 16:48:00.00000077,13.4
2010-09-20 16:48:00.000000138,5.26
2010-09-20 16:48:00.000000118,18.17
2010-09-20 16:48:00.00000011,12.31
2010-09-20 16:48:00.00000073,17.54
2010-09-20 16:48:00.000000120,9.87
2010-09-20 16:48:00.00000034,28.12
2010-09-20 16:48:00.00000057,10.11
2010-09-20 16:48:00.00000044,15.16
2010-09-20 16:48:00.00000079,25.93
2010-09-20 16:48:00.00000013,13.02
2010-09-20 16:48:00.00000060,6.92
2010-09-20 16:48:00.00000098,20.65
2010-09-20 16:48:00.00000022,5.63
2010-09-20 16:48:00.00000043,12.77
2010-09-20 16:48:00.000000130,5.11
2010-09-20 16:48:00.00000094,13.36
2010-09-20 16:48:00.000000153,10.69
2010-09-20 16:48:00.0000009,15.69
2010-09-20 16:48:00.000000119,7.95
2010-09-20 16:48:00.00000089,5.91
2010-09-20 16:48:00.00000053,13.11
2010-09-20 16:48:00.00000014,11.63
2010-09-20 16:48:00.00000093,15.24
2010-09-20 16:48:00.000000144,6.75
2010-09-20 16:48:00.00000030,18.8
2010-09-20 16:48:00.000000147,27.63
2010-09-20 16:48:00.000000108,17.63
2010-09-20 16:48:00.00000064,7.97
2010-09-20 16:48:00.00000010,11.15
2010-09-20 16:48:00.00000042,10.86
2012-04-01 22:22:28.0000001,5.35
2012-03-05 09:19:32.0000001,6.4
2012-03-05 09:19:32.0000002,6.0
2012-03-05 09:19:32.0000005,9.74
2012-03-05 09:19:32.0000003,11.84
2012-03-05 09:19:32.0000004,5.63
2012-08-20 14:47:36.0000003,6.82
2012-08-20 14:47:36.0000004,52.74
2011-12-01 01:36:08.0000002,5.25
2013-06-21 11:33:28.0000002,7.66
2013-06-21 11:33:28.0000004,7.74
2013-06-21 11:33:28.0000001,6.36
2013-06-21 11:33:28.0000003,16.86
2013-04-10 11:33:28.0000001,17.72
2013-04-10 11:33:28.0000002,12.56
2014-03-29 14:59:28.0000003,5.19
2014-03-29 14:59:28.0000002,7.99
2010-04-05 06:01:24.0000001,6.61
2014-12-01 00:12:44.0000001,28.44
2012-08-01 18:54:24.0000001,10.15
2012-08-01 18:54:24.0000002,7.12
2012-08-01 18:54:24.0000003,6.74
2013-07-13 18:28:20.0000005,9.05
2013-07-13 18:28:20.0000001,5.96
2013-07-13 18:28:20.0000002,9.0
2013-07-13 18:28:20.0000004,8.04
2014-03-06 04:23:32.0000001,10.72
2014-10-07 19:04:08.0000002,11.69
2014-10-07 19:04:08.0000005,10.41
2014-10-07 19:04:08.0000006,6.46
2014-10-07 19:04:08.0000004,6.36
2013-08-21 09:32:24.0000002,13.99
2013-08-21 09:32:24.0000004,13.16
2013-08-21 09:32:24.0000003,8.53
2015-01-26 07:13:44.0000006,8.97
2015-01-26 07:13:44.0000002,9.9
2015-01-26 07:13:44.0000004,8.69
2015-01-26 07:13:44.0000003,13.45
2009-03-16 09:55:24.0000003,7.0
2009-03-16 09:55:24.0000005,6.1
2009-03-16 09:55:24.0000004,9.2
2009-03-16 09:55:24.0000006,6.94
2009-03-16 09:55:24.0000002,4.85
2011-03-06 21:01:00.000000150,5.57
2011-03-06 21:01:00.00000026,4.29
2011-03-06 21:01:00.000000148,6.68
2011-03-06 21:01:00.00000088,5.49
2011-03-06 21:01:00.00000098,4.98
2011-03-06 21:01:00.00000054,12.4
2011-03-06 21:01:00.000000101,10.17
2011-03-06 21:01:00.000000175,7.55
2011-03-06 21:01:00.00000029,10.08
2011-03-06 21:01:00.000000106,6.03
2011-03-06 21:01:00.00000099,5.67
2011-03-06 21:01:00.000000158,9.03
2011-03-06 21:01:00.000000130,7.03
2011-03-06 21:01:00.00000027,5.17
2011-03-06 21:01:00.00000032,23.32
2011-03-06 21:01:00.000000111,13.81
2011-03-06 21:01:00.00000024,13.23
2011-03-06 21:01:00.000000118,9.68
2011-03-06 21:01:00.00000016,7.82
2011-03-06 21:01:00.00000066,10.59
2011-03-06 21:01:00.000000133,12.2
2011-03-06 21:01:00.00000070,5.32
2011-03-06 21:01:00.000000104,5.84
2011-03-06 21:01:00.00000076,8.2
2011-03-06 21:01:00.000000141,6.64
2011-03-06 21:01:00.000000145,5.44
2011-03-06 21:01:00.000000143,7.22
2011-03-06 21:01:00.00000092,5.37
2011-03-06 21:01:00.00000080,5.54
2011-03-06 21:01:00.00000015,25.07
2011-03-06 21:01:00.000000153,18.56
2011-03-06 21:01:00.00000093,10.99
2011-03-06 21:01:00.000000162,30.81
2011-03-06 21:01:00.00000062,7.37
2011-03-06 21:01:00.000000129,17.07
2011-03-06 21:01:00.000000107,20.5
2011-03-06 21:01:00.00000045,5.36
2011-03-06 21:01:00.000000115,12.65
2011-03-06 21:01:00.0000002,4.77
2011-03-06 21:01:00.00000044,9.07
2011-03-06 21:01:00.000000167,6.59
2011-03-06 21:01:00.000000169,4.83
2011-03-06 21:01:00.00000067,48.57
2011-03-06 21:01:00.0000007,6.92
2011-03-06 21:01:00.000000135,46.9
2011-03-06 21:01:00.000000128,11.92
2011-03-06 21:01:00.0000004,6.58
2011-03-06 21:01:00.00000010,8.76
2011-03-06 21:01:00.000000151,11.98
2011-03-06 21:01:00.00000055,11.05
2011-03-06 21:01:00.00000095,7.62
2011-03-06 21:01:00.000000102,9.33
2011-03-06 21:01:00.00000034,8.84
2011-03-06 21:01:00.000000108,4.86
2011-03-06 21:01:00.00000012,4.65
2011-03-06 21:01:00.00000085,4.95
2011-03-06 21:01:00.0000001,11.8
2011-03-06 21:01:00.00000035,5.34
2011-03-06 21:01:00.00000097,13.72
2011-03-06 21:01:00.000000105,6.65
2011-03-06 21:01:00.00000020,11.4
2011-03-06 21:01:00.000000114,4.79
2011-03-06 21:01:00.00000038,4.38
2011-03-06 21:01:00.0000006,9.41
2011-03-06 21:01:00.00000086,7.94
2011-03-06 21:01:00.00000049,6.77
2011-03-06 21:01:00.000000147,6.82
2011-03-06 21:01:00.00000040,4.79
2011-03-06 21:01:00.00000064,6.03
2011-03-06 21:01:00.00000061,12.41
2011-03-06 21:01:00.0000005,4.89
2011-03-06 21:01:00.0000009,6.7
2011-03-06 21:01:00.00000042,4.69
2011-03-06 21:01:00.00000022,25.82
2011-03-06 21:01:00.00000021,18.48
2011-03-06 21:01:00.00000094,6.02
2011-03-06 21:01:00.000000156,8.64
2011-03-06 21:01:00.00000072,6.19
2011-03-06 21:01:00.00000031,13.47
2011-03-06 21:01:00.00000089,5.77
2011-03-06 21:01:00.00000023,12.78
2011-03-06 21:01:00.00000046,5.03
2011-03-06 21:01:00.00000087,6.44
2011-03-06 21:01:00.00000053,12.97
2011-03-06 21:01:00.0000008,4.53
2011-03-06 21:01:00.000000157,5.01
2011-03-06 21:01:00.00000077,13.41
2011-03-06 21:01:00.00000073,10.37
2011-03-06 21:01:00.00000047,5.22
2011-03-06 21:01:00.000000172,6.77
2011-03-06 21:01:00.00000084,9.77
2011-03-06 21:01:00.000000122,7.06
2011-03-06 21:01:00.000000154,17.62
2011-03-06 21:01:00.000000136,10.28
2011-03-06 21:01:00.00000075,4.88
2011-03-06 21:01:00.00000014,5.15
2009-09-04 20:52:28.0000002,5.45
2009-09-04 20:52:28.0000003,6.69
2009-09-04 20:52:28.0000004,5.64
2009-09-04 20:52:28.0000001,5.0
2013-09-25 05:52:12.0000002,12.7
2013-09-25 05:52:12.0000001,35.14
2010-04-16 10:32:24.0000002,6.87
2010-04-16 10:32:24.0000001,31.31
2011-10-12 07:24:40.0000001,9.04
2011-10-12 07:24:40.0000003,8.6
2011-10-12 07:24:40.0000002,23.2
2010-06-13 13:34:56.0000001,7.26
2011-11-20 02:39:04.0000002,19.46
2011-11-20 02:39:04.0000001,4.93
2010-12-13 06:42:16.0000002,4.79
2010-12-13 06:42:16.0000001,11.2
2009-11-24 08:58:48.0000003,7.72
2009-11-24 08:58:48.0000001,4.81
2009-11-24 08:58:48.0000006,2.5
2009-11-24 08:58:48.0000002,8.58
2009-11-24 08:58:48.0000005,6.83
2009-11-24 08:58:48.0000007,8.12
2014-09-22 07:14:16.0000002,17.65
2011-05-30 09:32:56.0000001,6.1
2012-09-21 05:41:36.0000001,5.84
2010-11-22 19:30:04.0000002,9.06
2010-11-22 19:30:04.0000001,10.67
2010-10-05 02:09:00.0000005,6.27
2010-10-05 02:09:00.0000006,20.34
2010-10-05 02:09:00.0000007,12.23
2010-10-05 02:09:00.00000018,22.56
2010-10-05 02:09:00.00000011,19.76
2010-10-05 02:09:00.00000023,11.1
2010-10-05 02:09:00.00000012,9.47
2010-10-05 02:09:00.00000022,5.91
2010-10-05 02:09:00.00000013,19.08
2010-10-05 02:09:00.0000003,20.89
2010-10-05 02:09:00.00000010,5.97
2010-10-05 02:09:00.0000001,7.81
2010-10-05 02:09:00.00000021,5.77
2010-10-05 02:09:00.0000008,12.85
2010-10-05 02:09:00.00000027,5.87
2010-10-05 02:09:00.0000002,17.15
2010-10-05 02:09:00.00000015,5.25
2014-08-23 16:30:24.0000002,9.05
2014-08-23 16:30:24.0000001,7.46
2012-03-15 08:17:36.0000001,8.96
2012-03-15 08:17:36.0000002,4.05
2012-03-15 08:17:36.0000005,17.66
2012-03-15 08:17:36.0000004,17.65
2012-03-15 08:17:36.0000003,4.78
2013-10-04 02:53:20.0000001,6.9
2013-10-04 02:53:20.0000002,6.26
2009-03-28 15:09:20.0000001,8.68
2009-03-28 15:09:20.0000003,20.09
2009-03-28 15:09:20.0000002,20.24
2012-01-25 22:43:44.0000003,11.74
2012-01-25 22:43:44.0000004,7.55
2012-01-25 22:43:44.0000002,5.39
2012-01-25 22:43:44.0000001,15.04
2011-07-21 07:51:32.0000002,5.52
2011-07-21 07:51:32.0000003,11.18
2011-07-21 07:51:32.0000001,5.99
2010-12-01 22:04:52.0000001,6.93
2013-06-23 02:54:32.0000003,8.1
2013-06-23 02:54:32.0000002,6.58
2014-03-24 22:36:24.0000004,8.82
2014-03-24 22:36:24.0000002,9.05
2014-03-24 22:36:24.0000001,4.79
2014-03-24 22:36:24.0000003,7.16
2013-09-13 01:54:20.0000001,6.85
2013-10-14 18:30:36.0000003,15.47
2013-10-14 18:30:36.0000002,8.04
2013-10-14 18:30:36.0000004,15.43
2013-10-14 18:30:36.0000001,5.84
2013-11-18 15:07:28.0000006,9.7
2013-11-18 15:07:28.0000004,55.99
2013-11-18 15:07:28.0000001,6.21
2013-11-18 15:07:28.0000005,7.37
2013-11-18 15:07:28.0000002,7.71
2011-02-20 23:35:12.0000001,6.86
2011-02-20 23:35:12.0000004,9.91
2011-02-20 23:35:12.0000005,20.47
2011-02-20 23:35:12.0000003,12.31
2011-02-20 23:35:12.0000002,13.5
2010-02-06 19:59:16.0000001,11.62
2012-03-10 02:36:04.0000003,7.18
2012-03-10 02:36:04.0000002,12.01
2012-03-10 02:36:04.0000001,5.65
2014-04-13 17:35:52.0000002,6.62
2010-04-04 21:59:56.0000002,7.63
2010-04-04 21:59:56.0000001,14.52
2010-04-04 21:59:56.0000003,11.23
2010-04-04 21:59:56.0000004,6.01
2013-03-23 04:51:12.0000001,17.53
2010-06-29 00:22:24.0000002,49.63
2010-06-29 00:22:24.0000001,5.62
2011-10-17 12:37:56.0000002,5.17
2011-10-17 12:37:56.0000001,6.61
2012-01-30 19:07:52.0000003,9.87
2012-01-30 19:07:52.0000002,6.75
2012-01-30 19:07:52.0000004,9.22
2012-01-30 19:07:52.0000001,5.37
2012-01-30 19:07:52.0000005,10.26
2011-05-30 01:44:40.0000001,8.64
2011-05-30 01:44:40.0000002,6.51
2011-02-08 01:04:08.0000001,8.07
2012-05-23 16:25:16.0000002,6.69
2011-09-20 18:02:28.0000001,6.53
2009-10-08 10:04:36.0000001,26.47
2009-10-08 10:04:36.0000003,10.5
2009-10-08 10:04:36.0000002,25.33
2010-07-02 22:03:04.0000002,12.62
2010-07-02 22:03:04.0000001,8.48
2012-05-03 14:11:36.0000002,6.26
2012-05-03 14:11:36.0000005,10.11
2012-05-03 14:11:36.0000004,31.14
2012-05-03 14:11:36.0000003,16.21
2012-05-03 14:11:36.0000001,5.57
2013-04-04 16:31:56.0000001,15.12
2013-04-04 16:31:56.0000002,7.93
2009-12-02 15:59:56.0000001,30.47
2009-12-02 15:59:56.0000002,6.42
2010-01-03 02:03:40.0000002,6.83
2010-01-03 02:03:40.0000003,6.19
2011-08-21 10:54:24.0000003,7.97
2011-08-21 10:54:24.0000002,74.4
2011-08-21 10:54:24.0000001,13.73
2011-01-30 14:38:24.0000003,6.02
2011-01-30 14:38:24.0000002,14.04
2011-04-16 21:23:16.0000004,17.03
2011-04-16 21:23:16.0000002,10.63
2011-04-16 21:23:16.0000006,5.38
2013-10-05 19:51:04.0000006,7.46
2013-10-05 19:51:04.0000005,15.16
2013-10-05 19:51:04.0000003,18.36
2013-10-05 19:51:04.0000002,16.0
2014-10-31 08:17:44.0000002,8.42
2014-10-31 08:17:44.0000004,7.56
2014-10-31 08:17:44.0000005,8.12
2014-10-31 08:17:44.0000001,8.85
2014-10-31 08:17:44.0000003,19.67
2009-05-31 21:24:56.0000001,13.74
2014-06-04 01:50:40.0000001,12.75
2009-07-14 17:59:12.0000001,5.3
2009-07-14 17:59:12.0000003,6.36
2012-12-05 16:33:52.0000002,18.84
2012-12-05 16:33:52.0000001,42.36
2009-12-18 12:37:04.0000005,7.52
2009-12-18 12:37:04.0000001,10.53
2009-12-18 12:37:04.0000006,11.62
2009-12-18 12:37:04.0000004,8.63
2009-12-18 12:37:04.0000007,10.98
2009-12-18 12:37:04.0000002,10.49
2012-11-21 15:12:48.0000001,7.38
2011-05-03 07:01:40.0000001,13.99
2011-05-03 07:01:40.0000002,5.06
2011-05-03 07:01:40.0000003,5.93
2010-09-21 06:27:32.0000002,21.44
2010-09-21 06:27:32.0000001,8.7
2011-10-07 22:08:20.0000003,5.68
2011-10-07 22:08:20.0000006,10.4
2009-02-08 08:48:20.0000001,5.12
2013-09-24 21:16:40.0000006,10.14
2013-09-24 21:16:40.0000003,9.64
2013-09-24 21:16:40.0000001,13.49
2013-09-24 21:16:40.0000007,15.95
2013-09-24 21:16:40.0000002,14.69
2013-09-24 21:16:40.0000004,12.05
2012-03-14 19:10:48.0000005,12.5
2012-03-14 19:10:48.0000008,4.88
2012-03-14 19:10:48.0000002,11.43
2012-03-14 19:10:48.0000004,5.93
2012-03-14 19:10:48.0000001,6.34
2012-03-14 19:10:48.0000009,7.43
2012-03-14 19:10:48.0000006,12.06
2009-11-12 11:01:20.0000001,6.42
2009-11-12 11:01:20.0000002,5.34
2009-06-21 04:28:48.0000002,16.22
2009-06-21 04:28:48.0000003,13.53
2014-01-25 12:36:52.0000002,10.87
2014-01-25 12:36:52.0000001,9.99
2012-12-27 13:23:48.0000001,11.25
2011-06-28 16:09:44.0000001,5.5
2010-12-01 08:35:20.0000001,10.01
2012-11-19 12:40:40.0000005,7.09
2012-11-19 12:40:40.0000001,7.4
2012-11-19 12:40:40.0000002,8.28
2012-11-19 12:40:40.0000003,13.82
2012-11-19 12:40:40.0000004,47.42
2009-07-13 17:58:04.0000001,9.91
2009-07-13 17:58:04.0000003,6.58
2009-07-13 17:58:04.0000002,8.35
2011-06-25 11:42:36.0000003,4.99
2011-06-25 11:42:36.0000002,26.2
2012-01-26 07:33:00.000000128,12.2
2012-01-26 07:33:00.00000032,8.88
2012-01-26 07:33:00.000000163,6.25
2012-01-26 07:33:00.000000155,7.11
2012-01-26 07:33:00.000000153,8.38
2012-01-26 07:33:00.00000049,5.84
2012-01-26 07:33:00.00000095,4.88
2012-01-26 07:33:00.000000158,15.89
2012-01-26 07:33:00.00000050,6.84
2012-01-26 07:33:00.00000015,6.7
2012-01-26 07:33:00.00000062,9.5
2012-01-26 07:33:00.00000037,17.5
2012-01-26 07:33:00.00000069,13.08
2012-01-26 07:33:00.000000142,5.18
2012-01-26 07:33:00.000000150,4.66
2012-01-26 07:33:00.000000147,8.51
2012-01-26 07:33:00.000000125,7.84
2012-01-26 07:33:00.000000124,30.22
2012-01-26 07:33:00.000000129,5.72
2012-01-26 07:33:00.00000033,10.48
2012-01-26 07:33:00.0000004,34.5
2012-01-26 07:33:00.00000029,9.68
2012-01-26 07:33:00.000000113,5.77
2012-01-26 07:33:00.00000017,12.49
2012-01-26 07:33:00.00000067,9.86
2012-01-26 07:33:00.000000141,28.33
2012-01-26 07:33:00.00000036,14.11
2012-01-26 07:33:00.000000162,20.07
2012-01-26 07:33:00.000000118,10.57
2012-01-26 07:33:00.000000154,24.33
2012-01-26 07:33:00.000000143,10.15
2012-01-26 07:33:00.00000083,8.07
2012-01-26 07:33:00.000000191,6.57
2012-01-26 07:33:00.000000140,10.87
2012-01-26 07:33:00.00000086,5.11
2012-01-26 07:33:00.0000002,8.95
2012-01-26 07:33:00.000000170,6.81
2012-01-26 07:33:00.00000010,6.54
2012-01-26 07:33:00.00000053,6.79
2012-01-26 07:33:00.000000102,11.84
2012-01-26 07:33:00.00000055,5.86
2012-01-26 07:33:00.0000007,9.44
2012-01-26 07:33:00.00000013,5.52
2012-01-26 07:33:00.000000165,31.85
2012-01-26 07:33:00.00000026,5.06
2012-01-26 07:33:00.000000137,5.79
2012-01-26 07:33:00.00000048,10.6
2012-01-26 07:33:00.00000059,10.33
2012-01-26 07:33:00.000000132,8.01
2012-01-26 07:33:00.00000096,14.42
2012-01-26 07:33:00.000000190,5.15
2012-01-26 07:33:00.000000156,7.86
2012-01-26 07:33:00.00000075,8.94
2012-01-26 07:33:00.00000084,5.89
2012-01-26 07:33:00.0000006,5.19
2012-01-26 07:33:00.00000021,7.22
2012-01-26 07:33:00.0000001,13.99
2012-01-26 07:33:00.0000005,4.63
2012-01-26 07:33:00.00000034,5.08
2012-01-26 07:33:00.000000117,4.57
2012-01-26 07:33:00.000000106,11.35
2012-01-26 07:33:00.00000077,9.24
2012-01-26 07:33:00.00000045,5.54
2012-01-26 07:33:00.000000116,12.07
2012-01-26 07:33:00.0000009,23.93
2012-01-26 07:33:00.000000146,5.18
2012-01-26 07:33:00.00000027,21.72
2012-01-26 07:33:00.000000127,6.64
2012-01-26 07:33:00.000000172,5.52
2012-01-26 07:33:00.00000074,4.25
2012-01-26 07:33:00.00000014,21.78
2012-01-26 07:33:00.000000108,8.21
2012-01-26 07:33:00.000000109,15.58
2012-01-26 07:33:00.000000152,6.38
2012-01-26 07:33:00.00000047,5.75
2012-01-26 07:33:00.000000192,10.65
2012-01-26 07:33:00.00000054,5.71
2012-01-26 07:33:00.000000185,4.82
2012-01-26 07:33:00.000000187,8.19
2012-01-26 07:33:00.00000060,10.3
2012-01-26 07:33:00.000000130,8.03
2012-01-26 07:33:00.00000046,10.78
2012-01-26 07:33:00.000000182,7.1
2012-01-26 07:33:00.000000177,13.01
2012-01-26 07:33:00.000000135,26.96
2012-01-26 07:33:00.00000063,5.43
2012-01-26 07:33:00.00000079,6.94
2012-01-26 07:33:00.000000169,9.45
2012-01-26 07:33:00.00000094,9.12
2012-01-26 07:33:00.000000176,12.01
2012-01-26 07:33:00.00000061,4.98
2012-01-26 07:33:00.000000188,5.03
2012-01-26 07:33:00.000000174,13.4
2012-01-26 07:33:00.000000126,6.65
2012-01-26 07:33:00.000000139,31.89
2012-01-26 07:33:00.000000184,4.83
2012-01-26 07:33:00.000000107,5.21
2012-01-26 07:33:00.00000038,4.95
2012-01-26 07:33:00.000000134,4.69
2012-01-26 07:33:00.00000058,20.26
2012-01-26 07:33:00.00000078,5.27
2012-01-26 07:33:00.00000019,4.36
2012-01-26 07:33:00.000000111,8.13
2012-01-26 07:33:00.000000178,19.63
2012-01-26 07:33:00.0000003,9.35
2012-01-26 07:33:00.00000052,15.68
2012-01-26 07:33:00.00000040,12.2
2012-01-26 07:33:00.000000148,10.73
2012-01-26 07:33:00.00000066,13.13
2012-01-26 07:33:00.00000041,5.07
2012-01-26 07:33:00.00000070,9.84
2012-01-26 07:33:00.000000157,30.31
2012-01-26 07:33:00.000000179,8.38
2012-01-26 07:33:00.000000112,16.91
2012-01-26 07:33:00.00000073,6.28
2012-01-26 07:33:00.000000138,18.25
2012-01-26 07:33:00.00000092,12.37
2012-01-26 07:33:00.000000164,16.89
2012-01-26 07:33:00.000000123,5.41
2012-01-26 07:33:00.00000043,4.88
2012-01-26 07:33:00.00000093,4.89
2012-01-26 07:33:00.00000016,30.99
2012-01-26 07:33:00.000000144,8.31
2012-01-26 07:33:00.00000042,6.45
2012-01-26 07:33:00.00000011,8.99
2012-01-26 07:33:00.00000035,10.5
2012-01-26 07:33:00.00000098,4.84
2012-01-26 07:33:00.000000149,20.37
2012-01-26 07:33:00.000000110,4.42
2012-01-26 07:33:00.000000159,10.41
2015-03-20 23:34:40.0000007,7.23
2015-03-20 23:34:40.0000002,24.56
2015-03-20 23:34:40.0000006,4.98
2013-12-14 03:20:48.0000001,29.3
2013-12-14 03:20:48.0000002,5.61
2014-04-14 07:03:52.0000001,8.12
2014-04-14 07:03:52.0000002,14.3
2015-05-21 07:08:08.0000002,8.65
2011-08-30 16:48:24.0000003,8.24
2011-08-30 16:48:24.0000002,11.43
2011-08-30 16:48:24.0000001,7.23
2010-12-09 07:29:00.000000189,5.9
2010-12-09 07:29:00.00000027,18.22
2010-12-09 07:29:00.000000184,11.61
2010-12-09 07:29:00.00000030,5.02
2010-12-09 07:29:00.00000011,5.03
2010-12-09 07:29:00.00000065,7.96
2010-12-09 07:29:00.00000063,7.78
2010-12-09 07:29:00.000000133,15.47
2010-12-09 07:29:00.00000054,7.47
2010-12-09 07:29:00.00000021,13.12
2010-12-09 07:29:00.000000162,5.9
2010-12-09 07:29:00.000000144,9.59
2010-12-09 07:29:00.000000116,9.61
2010-12-09 07:29:00.000000142,4.82
2010-12-09 07:29:00.000000113,11.12
2010-12-09 07:29:00.000000105,6.48
2010-12-09 07:29:00.00000047,5.61
2010-12-09 07:29:00.0000008,6.39
2010-12-09 07:29:00.00000099,4.81
2010-12-09 07:29:00.00000048,5.9
2010-12-09 07:29:00.00000076,12.13
2010-12-09 07:29:00.000000174,16.66
2010-12-09 07:29:00.000000130,21.48
2010-12-09 07:29:00.000000177,8.74
2010-12-09 07:29:00.00000088,6.96
2010-12-09 07:29:00.00000091,7.34
2010-12-09 07:29:00.00000072,5.4
2010-12-09 07:29:00.00000014,10.61
2010-12-09 07:29:00.000000157,6.81
2010-12-09 07:29:00.000000109,6.25
2010-12-09 07:29:00.00000016,7.61
2010-12-09 07:29:00.00000023,6.19
2010-12-09 07:29:00.000000118,8.52
2010-12-09 07:29:00.00000017,7.07
2010-12-09 07:29:00.00000032,9.38
2010-12-09 07:29:00.000000188,9.72
2010-12-09 07:29:00.00000040,7.01
2010-12-09 07:29:00.00000037,9.27
2010-12-09 07:29:00.000000128,8.79
2010-12-09 07:29:00.00000057,7.29
2010-12-09 07:29:00.000000125,9.67
2010-12-09 07:29:00.000000159,7.97
2010-12-09 07:29:00.00000018,5.95
2010-12-09 07:29:00.000000107,5.94
2010-12-09 07:29:00.00000051,16.43
2010-12-09 07:29:00.00000042,9.63
2010-12-09 07:29:00.00000059,7.87
2010-12-09 07:29:00.00000075,5.81
2010-12-09 07:29:00.00000035,8.46
2010-12-09 07:29:00.00000029,7.38
2010-12-09 07:29:00.00000045,8.45
2010-12-09 07:29:00.00000055,5.79
2010-12-09 07:29:00.000000140,10.43
2010-12-09 07:29:00.00000060,9.64
2010-12-09 07:29:00.000000185,11.03
2010-12-09 07:29:00.000000120,5.44
2010-12-09 07:29:00.000000104,6.25
2010-12-09 07:29:00.000000191,6.31
2010-12-09 07:29:00.000000106,6.1
2010-12-09 07:29:00.00000039,6.4
2010-12-09 07:29:00.000000132,4.9
2010-12-09 07:29:00.00000019,7.5
2010-12-09 07:29:00.000000166,6.21
2010-12-09 07:29:00.000000111,7.17
2010-12-09 07:29:00.00000013,6.07
2010-12-09 07:29:00.000000138,6.16
2010-12-09 07:29:00.00000085,28.69
2010-12-09 07:29:00.000000169,5.52
2010-12-09 07:29:00.000000153,13.88
2010-12-09 07:29:00.00000033,48.65
2010-12-09 07:29:00.000000173,10.18
2010-12-09 07:29:00.00000077,5.76
2010-12-09 07:29:00.000000190,5.57
2010-12-09 07:29:00.000000137,4.94
2010-12-09 07:29:00.0000009,8.73
2010-12-09 07:29:00.000000155,9.41
2010-12-09 07:29:00.0000004,18.25
2010-12-09 07:29:00.000000119,5.92
2010-12-09 07:29:00.000000100,7.99
2010-12-09 07:29:00.00000024,5.77
2010-12-09 07:29:00.00000096,13.94
2010-12-09 07:29:00.000000170,8.22
2010-12-09 07:29:00.000000131,6.05
2010-12-09 07:29:00.00000022,12.46
2010-12-09 07:29:00.00000053,8.45
2010-12-09 07:29:00.000000165,70.56
2010-12-09 07:29:00.000000114,9.47
2010-12-09 07:29:00.00000074,9.07
2010-12-09 07:29:00.00000070,7.32
2010-12-09 07:29:00.000000167,5.28
2010-12-09 07:29:00.000000110,5.45
2010-12-09 07:29:00.00000020,12.4
2010-12-09 07:29:00.000000147,9.55
2010-12-09 07:29:00.000000178,29.39
2010-12-09 07:29:00.000000146,7.82
2010-12-09 07:29:00.000000103,8.03
2010-12-09 07:29:00.000000149,10.34
2010-12-09 07:29:00.000000182,11.31
2010-12-09 07:29:00.000000124,9.66
2010-12-09 07:29:00.000000154,10.69
2010-12-09 07:29:00.000000117,7.33
2010-12-09 07:29:00.00000034,10.9
2010-12-09 07:29:00.00000084,10.8
2010-12-09 07:29:00.00000064,7.88
2010-12-09 07:29:00.000000126,14.46
2010-12-09 07:29:00.00000082,8.6
2010-12-09 07:29:00.00000092,11.08
2010-12-09 07:29:00.00000087,5.37
2010-12-09 07:29:00.00000095,21.67
2010-12-09 07:29:00.000000101,9.75
2010-12-09 07:29:00.000000122,7.73
2010-12-09 07:29:00.000000160,7.64
2010-12-09 07:29:00.000000175,8.25
2010-12-09 07:29:00.00000043,8.5
2010-12-09 07:29:00.00000061,12.47
2010-12-09 07:29:00.000000179,5.13
2010-12-09 07:29:00.00000049,8.68
2010-12-09 07:29:00.000000172,46.11
2010-12-09 07:29:00.000000192,9.13
2010-12-09 07:29:00.000000194,5.43
2010-12-09 07:29:00.00000052,9.64
2010-12-09 07:29:00.00000058,6.51
2010-12-09 07:29:00.00000010,8.02
2010-12-09 07:29:00.000000108,6.41
2010-12-09 07:29:00.000000129,9.25
2010-12-09 07:29:00.000000163,8.56
2010-12-09 07:29:00.000000161,9.71
2010-12-09 07:29:00.000000187,7.56
2010-12-09 07:29:00.000000158,7.69
2010-12-09 07:29:00.000000121,11.62
2010-12-09 07:29:00.000000176,5.16
2011-09-25 13:01:20.0000005,7.55
2011-09-25 13:01:20.0000001,7.11
2011-09-25 13:01:20.0000004,9.31
2011-09-25 13:01:20.0000006,15.1
2011-09-25 13:01:20.0000003,5.06
2012-09-08 04:35:16.0000001,23.98
2012-05-08 03:50:00.00000011,22.41
2012-05-08 03:50:00.0000002,5.1
2012-05-08 03:50:00.0000008,18.6
2012-05-08 03:50:00.0000007,7.27
2012-05-08 03:50:00.00000015,16.77
2012-05-08 03:50:00.00000016,6.34
2012-05-08 03:50:00.0000003,6.4
2012-05-08 03:50:00.00000014,4.84
2012-05-08 03:50:00.0000004,15.55
2010-10-06 21:23:24.0000003,5.86
2010-10-06 21:23:24.0000001,7.89
2010-10-06 21:23:24.0000005,10.88
2010-10-06 21:23:24.0000002,6.46
2010-10-06 21:23:24.0000004,7.36
2014-05-17 02:47:12.0000002,12.12
2009-07-31 07:30:56.0000002,5.08
2009-07-31 07:30:56.0000001,4.65
2012-03-06 07:33:04.0000002,9.22
2009-01-29 22:15:48.0000001,11.13
2013-03-17 12:44:04.0000001,6.6
2014-06-18 09:23:32.0000001,21.48
2011-09-21 13:15:36.0000004,8.15
2011-09-21 13:15:36.0000003,6.98
2011-09-21 13:15:36.0000001,8.58
2011-09-21 13:15:36.0000002,51.33
2015-03-12 19:43:24.0000001,22.7
2015-03-12 19:43:24.0000002,41.78
2015-03-12 19:43:24.0000007,9.53
2015-03-12 19:43:24.0000004,15.9
2014-01-18 17:43:28.0000005,7.84
2014-01-18 17:43:28.0000003,5.35
2014-01-18 17:43:28.0000002,17.11
2014-01-18 17:43:28.0000004,14.77
2011-04-05 01:15:44.0000001,9.87
2011-04-05 01:15:44.0000002,10.4
2011-09-04 01:36:36.0000002,16.08
2010-08-09 08:53:56.0000004,8.97
2010-08-09 08:53:56.0000006,8.84
2010-08-09 08:53:56.0000002,10.26
2010-08-09 08:53:56.0000003,17.33
2010-08-09 08:53:56.0000005,7.88
2010-03-27 07:05:08.0000001,4.7
2011-11-16 12:52:52.0000002,8.01
2011-11-16 12:52:52.0000003,7.04
2011-11-16 12:52:52.0000001,51.46
2009-10-29 10:48:40.0000002,8.57
2009-10-29 10:48:40.0000001,9.84
2015-02-01 00:48:44.0000009,16.69
2015-02-01 00:48:44.0000004,10.21
2015-02-01 00:48:44.0000008,7.98
2015-02-01 00:48:44.0000006,9.7
2015-02-01 00:48:44.0000007,10.9
2014-04-03 02:31:08.0000001,6.95
2010-07-04 03:28:44.0000001,17.81
2009-03-31 23:01:36.0000002,7.43
2009-03-31 23:01:36.0000001,24.55
2009-03-31 23:01:36.0000003,13.69
2012-02-02 00:49:56.0000002,5.34
2012-02-02 00:49:56.0000001,21.27
2012-02-02 00:49:56.0000003,17.84
2012-02-02 00:49:56.0000004,13.0
2014-01-26 15:28:52.0000003,9.24
2012-02-14 15:32:40.0000002,4.57
2012-02-14 15:32:40.0000004,5.29
2012-02-14 15:32:40.0000001,7.86
2012-02-14 15:32:40.0000003,7.88
2011-12-06 11:07:40.0000001,17.88
2011-12-06 11:07:40.0000005,6.29
2011-07-12 19:41:48.0000002,14.17
2011-07-12 19:41:48.0000003,11.25
2011-07-12 19:41:48.0000004,6.55
2010-09-16 14:27:16.0000001,7.43
2010-09-16 14:27:16.0000003,11.57
2010-09-16 14:27:16.0000004,10.36
2010-09-16 14:27:16.0000005,11.23
2014-06-11 01:13:40.0000001,10.85
2013-05-18 15:28:40.0000003,9.33
2013-05-18 15:28:40.0000002,8.79
2015-02-14 20:20:56.0000001,9.42
2015-02-14 20:20:56.0000002,7.82
2015-02-14 20:20:56.0000004,5.97
2009-01-22 12:27:20.0000003,7.07
2011-04-23 21:22:20.0000001,5.04
2013-09-01 17:57:04.0000002,4.82
2013-09-01 17:57:04.0000003,7.15
2013-04-22 13:19:16.0000001,18.74
2013-04-22 13:19:16.0000002,12.06
2013-04-22 13:19:16.0000003,6.89
2015-02-21 18:39:16.0000002,7.25
2009-04-23 00:05:40.0000001,25.38
2009-04-23 00:05:40.0000003,7.7
2012-05-28 05:48:40.0000001,31.82
2010-01-03 20:04:52.0000001,17.84
2013-03-09 21:40:52.0000003,14.45
2013-03-09 21:40:52.0000002,7.67
2011-04-21 08:22:32.0000001,5.11
2011-02-20 09:22:16.0000002,30.13
2011-02-20 09:22:16.0000001,6.96
2010-07-22 09:37:12.0000003,7.3
2010-07-22 09:37:12.0000004,6.22
2010-07-22 09:37:12.0000001,10.03
2011-01-24 20:47:04.0000002,9.67
2013-07-22 15:05:16.0000004,10.8
2013-07-22 15:05:16.0000001,6.12
2013-07-22 15:05:16.0000002,24.96
2013-07-22 15:05:16.0000003,5.09
2013-01-23 16:22:04.0000003,13.96
2013-01-23 16:22:04.0000002,9.63
2013-01-23 16:22:04.0000001,8.1
2013-01-06 12:46:36.0000001,5.05
2013-01-06 12:46:36.0000002,6.45
2012-02-13 04:52:32.0000001,50.41
2013-02-07 08:34:24.0000001,9.8
2013-02-07 08:34:24.0000003,9.75
2013-02-07 08:34:24.0000004,7.81
2013-02-07 08:34:24.0000002,13.13
2015-02-21 17:23:28.0000005,15.66
2015-02-21 17:23:28.0000003,9.54
2015-02-21 17:23:28.0000002,8.37
2015-02-21 17:23:28.0000001,8.18
2015-02-21 17:23:28.0000006,5.17
2013-06-19 13:36:52.0000004,8.4
2013-06-19 13:36:52.0000001,10.7
2013-06-19 13:36:52.0000002,9.61
2013-06-19 13:36:52.0000005,44.72
2013-06-19 13:36:52.0000003,21.9
2015-06-26 16:04:04.0000002,5.68
2015-06-26 16:04:04.0000001,5.51
2010-06-05 07:08:36.0000001,7.15
2011-10-28 13:48:16.0000002,10.09
2011-10-28 13:48:16.0000001,6.97
2011-10-28 13:48:16.0000003,5.91
2012-09-29 02:53:20.0000001,10.7
2011-08-06 12:59:12.0000001,15.77
2012-11-19 22:15:32.0000002,27.92
2013-11-29 20:09:12.0000002,9.26
2012-05-31 17:54:48.0000003,10.26
2012-05-31 17:54:48.0000002,5.7
2012-05-31 17:54:48.0000001,4.45
2012-05-31 17:54:48.0000004,6.77
2012-04-20 08:03:52.0000001,11.47
2012-04-20 08:03:52.0000002,9.19
2012-04-20 08:03:52.0000003,7.13
2009-01-26 18:26:48.0000001,7.65
2009-01-26 18:26:48.0000003,5.94
2009-01-26 18:26:48.0000004,11.32
2009-01-26 18:26:48.0000002,8.23
2011-10-20 00:50:48.0000003,14.2
2011-10-20 00:50:48.0000002,5.06
2011-10-20 00:50:48.0000001,4.88
2011-06-03 11:45:16.0000002,10.09
2011-06-03 11:45:16.0000004,8.31
2011-06-03 11:45:16.0000005,5.44
2011-06-03 11:45:16.0000001,4.93
2011-06-03 11:45:16.0000003,5.41
2011-10-25 20:34:20.0000001,7.04
2012-07-05 18:30:36.0000005,12.22
2012-07-05 18:30:36.0000006,8.04
2012-07-05 18:30:36.0000003,5.57
2012-07-05 18:30:36.0000001,10.95
2012-07-05 18:30:36.0000007,7.99
2012-07-05 18:30:36.0000002,6.76
2015-04-07 14:31:12.0000002,8.54
2015-04-07 14:31:12.0000003,6.68
2013-08-28 00:27:36.0000002,11.52
2013-08-28 00:27:36.0000001,7.15
2012-11-20 21:54:00.00000037,7.65
2012-11-20 21:54:00.00000081,13.85
2012-11-20 21:54:00.000000210,6.81
2012-11-20 21:54:00.00000050,6.35
2012-11-20 21:54:00.000000175,52.72
2012-11-20 21:54:00.000000208,6.94
2012-11-20 21:54:00.000000198,6.52
2012-11-20 21:54:00.000000185,8.19
2012-11-20 21:54:00.00000028,12.43
2012-11-20 21:54:00.000000134,7.54
2012-11-20 21:54:00.00000091,6.26
2012-11-20 21:54:00.00000033,5.82
2012-11-20 21:54:00.00000082,7.77
2012-11-20 21:54:00.000000142,25.49
2012-11-20 21:54:00.000000180,28.9
2012-11-20 21:54:00.00000093,17.06
2012-11-20 21:54:00.000000159,5.32
2012-11-20 21:54:00.000000165,8.0
2012-11-20 21:54:00.000000235,7.65
2012-11-20 21:54:00.00000089,5.99
2012-11-20 21:54:00.000000168,18.75
2012-11-20 21:54:00.000000224,6.36
2012-11-20 21:54:00.000000158,7.28
2012-11-20 21:54:00.000000212,53.02
2012-11-20 21:54:00.000000147,33.74
2012-11-20 21:54:00.000000140,13.65
2012-11-20 21:54:00.00000018,17.4
2012-11-20 21:54:00.000000124,5.74
2012-11-20 21:54:00.000000181,8.02
2012-11-20 21:54:00.000000187,12.86
2012-11-20 21:54:00.00000058,20.91
2012-11-20 21:54:00.000000151,19.05
2012-11-20 21:54:00.000000126,8.31
2012-11-20 21:54:00.00000099,12.53
2012-11-20 21:54:00.000000120,8.99
2012-11-20 21:54:00.0000009,5.68
2012-11-20 21:54:00.000000206,7.99
2012-11-20 21:54:00.00000079,6.56
2012-11-20 21:54:00.000000237,14.62
2012-11-20 21:54:00.000000143,15.76
2012-11-20 21:54:00.000000111,7.42
2012-11-20 21:54:00.000000106,11.78
2012-11-20 21:54:00.000000245,5.66
2012-11-20 21:54:00.00000032,13.97
2012-11-20 21:54:00.00000075,7.84
2012-11-20 21:54:00.000000244,25.75
2012-11-20 21:54:00.00000094,4.7
2012-11-20 21:54:00.000000118,35.69
2012-11-20 21:54:00.000000188,10.56
2012-11-20 21:54:00.00000051,18.13
2012-11-20 21:54:00.000000109,12.91
2012-11-20 21:54:00.0000003,7.38
2012-11-20 21:54:00.000000114,28.39
2012-11-20 21:54:00.00000013,6.08
2012-11-20 21:54:00.000000192,6.89
2012-11-20 21:54:00.000000228,5.5
2012-11-20 21:54:00.000000236,10.11
2012-11-20 21:54:00.000000178,15.4
2012-11-20 21:54:00.00000027,13.45
2012-11-20 21:54:00.000000176,5.78
2012-11-20 21:54:00.0000008,6.82
2012-11-20 21:54:00.00000061,17.03
2012-11-20 21:54:00.00000011,13.32
2012-11-20 21:54:00.00000096,8.46
2012-11-20 21:54:00.000000231,7.46
2012-11-20 21:54:00.000000190,13.25
2012-11-20 21:54:00.000000166,39.22
2012-11-20 21:54:00.00000022,6.35
2012-11-20 21:54:00.000000234,14.88
2012-11-20 21:54:00.00000035,7.59
2012-11-20 21:54:00.00000041,15.86
2012-11-20 21:54:00.000000113,5.37
2012-11-20 21:54:00.00000045,12.92
2012-11-20 21:54:00.000000157,13.77
2012-11-20 21:54:00.000000163,16.93
2012-11-20 21:54:00.000000193,14.36
2012-11-20 21:54:00.00000063,7.41
2012-11-20 21:54:00.000000183,7.03
2012-11-20 21:54:00.000000182,16.75
2012-11-20 21:54:00.000000117,11.56
2012-11-20 21:54:00.000000156,17.72
2012-11-20 21:54:00.000000220,9.18
2012-11-20 21:54:00.000000227,8.18
2012-11-20 21:54:00.000000194,13.55
2012-11-20 21:54:00.000000201,9.86
2012-11-20 21:54:00.000000115,44.05
2012-11-20 21:54:00.000000217,10.27
2012-11-20 21:54:00.00000017,14.46
2012-11-20 21:54:00.000000139,5.88
2012-11-20 21:54:00.00000038,11.44
2012-11-20 21:54:00.000000107,5.89
2012-11-20 21:54:00.000000218,18.28
2012-11-20 21:54:00.000000214,21.2
2012-11-20 21:54:00.000000213,14.99
2012-11-20 21:54:00.000000215,30.72
2012-11-20 21:54:00.000000112,9.62
2012-11-20 21:54:00.00000067,18.42
2012-11-20 21:54:00.00000044,14.47
2012-11-20 21:54:00.00000029,9.76
2012-11-20 21:54:00.000000119,15.08
2012-11-20 21:54:00.000000203,7.92
2012-11-20 21:54:00.000000239,6.73
2012-11-20 21:54:00.000000125,16.63
2012-11-20 21:54:00.00000064,10.54
2012-11-20 21:54:00.000000153,8.67
2012-11-20 21:54:00.00000054,8.99
2012-11-20 21:54:00.000000177,10.57
2012-11-20 21:54:00.000000243,11.76
2012-11-20 21:54:00.000000128,5.61
2012-11-20 21:54:00.00000095,9.65
2012-11-20 21:54:00.00000088,11.24
2012-11-20 21:54:00.000000200,6.92
2012-11-20 21:54:00.00000053,5.42
2012-11-20 21:54:00.000000199,5.88
2012-11-20 21:54:00.000000191,13.48
2012-11-20 21:54:00.00000057,7.89
2012-11-20 21:54:00.000000145,9.59
2012-11-20 21:54:00.00000072,10.95
2012-11-20 21:54:00.0000001,7.91
2012-11-20 21:54:00.000000241,6.29
2012-11-20 21:54:00.000000230,10.12
2012-11-20 21:54:00.000000146,26.8
2012-11-20 21:54:00.000000155,9.62
2012-11-20 21:54:00.00000046,9.69
2012-11-20 21:54:00.000000242,26.66
2012-11-20 21:54:00.00000060,10.01
2012-11-20 21:54:00.000000116,8.45
2012-11-20 21:54:00.00000059,13.65
2012-11-20 21:54:00.000000232,8.24
2012-11-20 21:54:00.000000162,10.7
2012-11-20 21:54:00.00000070,10.96
2012-11-20 21:54:00.00000052,27.4
2012-11-20 21:54:00.000000129,25.8
2012-11-20 21:54:00.000000136,14.6
2012-11-20 21:54:00.000000226,11.21
2012-11-20 21:54:00.000000240,14.66
2012-11-20 21:54:00.000000141,8.47
2012-11-20 21:54:00.000000204,14.64
2012-11-20 21:54:00.000000137,6.23
2011-02-22 14:18:40.0000001,9.13
2014-06-23 00:16:00.00000066,28.62
2014-06-23 00:16:00.00000039,6.81
2014-06-23 00:16:00.00000076,7.02
2014-06-23 00:16:00.00000030,37.07
2014-06-23 00:16:00.00000070,14.95
2014-06-23 00:16:00.00000065,8.88
2014-06-23 00:16:00.00000056,25.39
2014-06-23 00:16:00.00000038,6.59
2014-06-23 00:16:00.00000071,23.59
2014-06-23 00:16:00.00000013,9.36
2014-06-23 00:16:00.00000073,6.71
2014-06-23 00:16:00.0000001,14.51
2014-06-23 00:16:00.00000026,12.31
2014-06-23 00:16:00.00000090,9.82
2014-06-23 00:16:00.00000092,22.99
2014-06-23 00:16:00.00000044,9.36
2014-06-23 00:16:00.00000064,9.61
2014-06-23 00:16:00.00000068,27.6
2014-06-23 00:16:00.00000033,7.84
2014-06-23 00:16:00.00000089,37.49
2014-06-23 00:16:00.0000004,6.62
2014-06-23 00:16:00.00000062,12.92
2014-06-23 00:16:00.00000019,9.54
2014-06-23 00:16:00.00000041,8.5
2014-06-23 00:16:00.00000024,16.11
2014-06-23 00:16:00.00000074,19.93
2014-06-23 00:16:00.00000018,15.14
2014-06-23 00:16:00.00000043,5.92
2014-06-23 00:16:00.00000022,6.43
2014-06-23 00:16:00.00000088,10.4
2014-06-23 00:16:00.00000057,6.07
2014-06-23 00:16:00.00000087,8.05
2014-06-23 00:16:00.00000016,26.3
2014-06-23 00:16:00.00000078,6.7
2014-06-23 00:16:00.00000040,8.28
2014-06-23 00:16:00.00000077,8.45
2014-06-23 00:16:00.00000015,12.38
2014-06-23 00:16:00.00000047,7.29
2014-06-23 00:16:00.0000005,5.85
2014-06-23 00:16:00.00000034,53.77
2014-06-23 00:16:00.00000028,6.46
2014-06-23 00:16:00.00000081,17.82
2014-06-23 00:16:00.00000067,10.93
2014-06-23 00:16:00.00000085,6.96
2014-06-23 00:16:00.00000082,6.33
2014-06-23 00:16:00.00000063,21.8
2014-06-23 00:16:00.00000079,8.2
2014-06-23 00:16:00.00000061,5.88
2014-06-23 00:16:00.00000037,17.68
2014-06-23 00:16:00.00000036,5.67
2014-06-23 00:16:00.00000049,17.82
2014-06-23 00:16:00.00000025,45.99
2014-06-23 00:16:00.0000009,8.91
2014-06-23 00:16:00.00000069,16.67
2011-11-24 02:36:48.0000003,11.6
2011-11-24 02:36:48.0000002,5.25
2011-11-24 02:36:48.0000001,13.08
2013-06-05 01:34:56.0000001,10.79
2013-03-18 12:51:12.0000001,12.42
2013-03-18 12:51:12.0000003,5.79
2013-03-18 12:51:12.0000002,17.55
2014-12-14 09:04:36.0000001,8.29
2014-12-14 09:04:36.0000003,6.51
2014-12-14 09:04:36.0000002,7.02
2012-05-31 13:14:12.0000004,9.2
2012-05-31 13:14:12.0000001,13.32
2012-05-31 13:14:12.0000002,8.39
2012-05-31 13:14:12.0000003,6.02
2011-01-16 18:57:12.0000001,6.84
2011-01-16 18:57:12.0000002,4.92
2009-04-25 10:52:56.0000004,10.72
2009-04-25 10:52:56.0000002,11.84
2009-04-25 10:52:56.0000005,7.93
2009-04-20 11:11:40.0000001,5.65
2012-07-20 06:53:32.0000001,4.66
2009-10-22 21:57:36.0000005,13.1
2009-10-22 21:57:36.0000002,17.71
2009-10-22 21:57:36.0000004,6.36
2009-10-22 21:57:36.0000003,5.72
2009-03-16 10:30:12.0000001,12.41
2009-07-14 12:12:36.0000004,6.88
2009-07-14 12:12:36.0000001,8.75
2009-07-14 12:12:36.0000003,11.01
2009-07-14 12:12:36.0000007,10.41
2009-07-14 12:12:36.0000002,14.8
2009-07-14 12:12:36.0000005,10.64
2009-07-14 12:12:36.0000008,9.72
2009-07-14 12:12:36.0000006,6.66
2014-11-12 09:06:32.0000004,7.92
2014-11-12 09:06:32.0000001,7.25
2014-11-12 09:06:32.0000003,6.49
2014-11-12 09:06:32.0000005,22.46
2014-11-12 09:06:32.0000002,9.76
2011-04-10 11:57:12.0000002,8.06
2011-04-10 11:57:12.0000003,4.79
2011-04-10 11:57:12.0000004,5.89
2011-04-10 11:57:12.0000001,7.23
2011-09-20 11:58:52.0000003,5.2
2011-09-20 11:58:52.0000001,13.18
2011-09-20 11:58:52.0000002,14.74
2010-09-24 17:16:16.0000001,7.48
2010-02-12 13:51:28.0000004,8.83
2010-02-12 13:51:28.0000005,8.31
2010-02-12 13:51:28.0000001,7.37
2010-02-12 13:51:28.0000003,6.37
2010-02-12 13:51:28.0000002,11.45
2011-01-03 21:51:28.0000002,8.03
2011-01-03 21:51:28.0000001,5.38
2011-07-26 13:10:56.0000003,6.37
2011-07-26 13:10:56.0000002,6.64
2011-07-26 13:10:56.0000001,7.01
2011-08-18 13:00:16.0000003,10.8
2011-08-18 13:00:16.0000002,7.85
2013-06-20 19:49:52.0000004,7.33
2013-06-20 19:49:52.0000001,6.79
2013-06-20 19:49:52.0000005,5.5
2013-06-20 19:49:52.0000002,24.42
2013-06-20 19:49:52.0000003,9.6
2013-09-25 22:00:00.00000079,12.39
2013-09-25 22:00:00.00000025,11.57
2013-09-25 22:00:00.000000225,9.73
2013-09-25 22:00:00.000000204,12.63
2013-09-25 22:00:00.00000053,23.8
2013-09-25 22:00:00.000000111,13.02
2013-09-25 22:00:00.00000014,7.2
2013-09-25 22:00:00.000000172,55.07
2013-09-25 22:00:00.000000154,4.69
2013-09-25 22:00:00.000000133,4.63
2013-09-25 22:00:00.000000160,10.26
2013-09-25 22:00:00.000000119,5.71
2013-09-25 22:00:00.000000223,4.62
2013-09-25 22:00:00.0000008,7.42
2013-09-25 22:00:00.000000103,8.93
2013-09-25 22:00:00.000000178,6.4
2013-09-25 22:00:00.00000023,5.97
2013-09-25 22:00:00.00000022,6.51
2013-09-25 22:00:00.00000076,5.45
2013-09-25 22:00:00.00000020,8.38
2013-09-25 22:00:00.000000142,13.61
2013-09-25 22:00:00.00000059,8.09
2013-09-25 22:00:00.000000110,5.62
2013-09-25 22:00:00.000000205,10.77
2013-09-25 22:00:00.000000182,9.56
2013-09-25 22:00:00.00000081,8.21
2013-09-25 22:00:00.000000230,23.5
2013-09-25 22:00:00.000000164,12.96
2013-09-25 22:00:00.00000090,11.14
2013-09-25 22:00:00.000000106,9.69
2013-09-25 22:00:00.00000078,7.5
2013-09-25 22:00:00.0000001,51.96
2013-09-25 22:00:00.000000126,11.2
2013-09-25 22:00:00.000000156,7.35
2013-09-25 22:00:00.000000137,11.37
2013-09-25 22:00:00.00000039,7.32
2013-09-25 22:00:00.00000017,18.93
2013-09-25 22:00:00.00000054,8.6
2013-09-25 22:00:00.000000135,19.16
2013-09-25 22:00:00.000000112,20.95
2013-09-25 22:00:00.000000148,8.38
2013-09-25 22:00:00.000000143,34.71
2013-09-25 22:00:00.00000043,6.05
2013-09-25 22:00:00.000000203,6.47
2013-09-25 22:00:00.00000040,7.49
2013-09-25 22:00:00.00000035,9.5
2013-09-25 22:00:00.000000117,17.02
2013-09-25 22:00:00.000000244,7.48
2013-09-25 22:00:00.0000002,17.55
2013-09-25 22:00:00.000000246,68.04
2013-09-25 22:00:00.00000091,20.74
2013-09-25 22:00:00.000000235,6.55
2013-09-25 22:00:00.000000237,34.46
2013-09-25 22:00:00.000000185,6.81
2013-09-25 22:00:00.000000233,8.58
2013-09-25 22:00:00.00000075,7.7
2013-09-25 22:00:00.00000026,11.67
2013-09-25 22:00:00.00000061,9.4
2013-09-25 22:00:00.000000179,14.06
2013-09-25 22:00:00.000000120,8.29
2013-09-25 22:00:00.000000165,22.32
2013-09-25 22:00:00.000000224,12.83
2013-09-25 22:00:00.000000192,21.66
2013-09-25 22:00:00.00000084,11.92
2013-09-25 22:00:00.000000169,6.27
2013-09-25 22:00:00.000000175,28.14
2013-09-25 22:00:00.000000132,6.38
2013-09-25 22:00:00.00000048,15.61
2013-09-25 22:00:00.000000229,7.16
2013-09-25 22:00:00.00000036,17.05
2013-09-25 22:00:00.000000177,8.15
2013-09-25 22:00:00.000000217,7.86
2013-09-25 22:00:00.000000183,11.65
2013-09-25 22:00:00.000000107,14.21
2013-09-25 22:00:00.00000058,14.31
2013-09-25 22:00:00.00000073,6.69
2013-09-25 22:00:00.000000245,6.87
2013-09-25 22:00:00.000000157,15.7
2013-09-25 22:00:00.000000227,26.85
2013-09-25 22:00:00.00000064,16.27
2013-09-25 22:00:00.00000024,51.35
2013-09-25 22:00:00.000000221,7.99
2013-09-25 22:00:00.000000139,33.68
2013-09-25 22:00:00.00000028,6.74
2013-09-25 22:00:00.00000057,7.07
2013-09-25 22:00:00.000000222,10.34
2013-09-25 22:00:00.000000215,23.86
2013-09-25 22:00:00.00000094,18.75
2013-09-25 22:00:00.000000214,8.92
2013-09-25 22:00:00.000000101,6.45
2013-09-25 22:00:00.00000055,6.98
2013-09-25 22:00:00.00000049,23.21
2013-09-25 22:00:00.000000216,16.4
2013-09-25 22:00:00.000000123,9.21
2013-09-25 22:00:00.000000136,6.32
2013-09-25 22:00:00.000000211,16.81
2013-09-25 22:00:00.000000145,5.85
2013-09-25 22:00:00.000000250,42.34
2013-09-25 22:00:00.000000188,10.41
2013-09-25 22:00:00.000000202,5.13
2013-09-25 22:00:00.000000242,12.18
2013-09-25 22:00:00.000000140,9.21
2013-09-25 22:00:00.000000171,10.23
2013-09-25 22:00:00.00000099,5.4
2013-09-25 22:00:00.000000187,9.31
2013-09-25 22:00:00.000000161,10.82
2013-09-25 22:00:00.000000189,9.05
2013-09-25 22:00:00.0000003,10.07
2013-09-25 22:00:00.000000249,7.22
2013-09-25 22:00:00.000000195,6.21
2013-09-25 22:00:00.00000072,11.19
2013-09-25 22:00:00.00000012,10.44
2013-09-25 22:00:00.000000149,8.04
2013-09-25 22:00:00.000000197,9.98
2013-09-25 22:00:00.00000038,53.66
2013-09-25 22:00:00.0000009,20.47
2013-09-25 22:00:00.00000089,15.68
2013-09-25 22:00:00.000000199,28.72
2013-09-25 22:00:00.000000219,6.52
2013-09-25 22:00:00.000000159,12.81
2013-09-25 22:00:00.000000173,10.47
2013-09-25 22:00:00.000000209,17.8
2013-09-25 22:00:00.000000196,7.99
2013-09-25 22:00:00.00000093,5.87
2013-09-25 22:00:00.000000155,20.78
2013-09-25 22:00:00.000000121,8.55
2013-09-25 22:00:00.000000134,14.35
2013-09-25 22:00:00.000000228,8.28
2013-09-25 22:00:00.00000092,14.12
2013-09-25 22:00:00.00000030,5.37
2013-09-25 22:00:00.00000062,11.64
2013-09-25 22:00:00.0000005,9.74
2013-09-25 22:00:00.00000097,35.68
2013-09-25 22:00:00.00000019,16.26
2013-09-25 22:00:00.000000180,8.07
2013-09-25 22:00:00.000000200,15.74
2013-09-25 22:00:00.000000186,6.94
2013-09-25 22:00:00.000000176,6.62
2013-09-25 22:00:00.00000082,7.97
2013-09-25 22:00:00.00000098,7.5
2013-09-25 22:00:00.00000085,8.96
2013-09-25 22:00:00.0000004,6.26
2013-09-25 22:00:00.00000032,20.65
2013-09-25 22:00:00.00000070,7.99
2013-09-25 22:00:00.00000074,10.66
2013-09-25 22:00:00.000000118,10.28
2013-09-25 22:00:00.0000007,7.72
2013-09-25 22:00:00.00000050,13.76
2013-09-25 22:00:00.00000044,5.85
2013-09-25 22:00:00.00000095,6.83
2009-01-15 02:42:48.0000001,5.08
2011-07-06 18:07:44.0000001,8.45
2011-07-06 18:07:44.0000003,5.43
2011-07-06 18:07:44.0000005,6.36
2011-09-08 01:28:24.0000001,31.93
2014-07-11 12:36:08.0000002,6.36
2010-11-04 05:01:44.0000001,4.9
2009-10-04 10:04:12.0000001,7.19
2009-10-04 10:04:12.0000003,5.91
2009-10-04 10:04:12.0000002,4.96
2009-10-04 10:04:12.0000004,4.78
2013-02-28 12:52:44.0000001,7.52
2013-02-28 12:52:44.0000003,8.89
2013-02-28 12:52:44.0000004,10.42
2013-02-28 12:52:44.0000002,5.6
2013-08-03 07:11:53.0000001,33.92
2015-01-26 23:13:33.0000001,10.19
2012-10-31 11:09:53.0000001,13.81
2012-10-31 11:09:53.0000002,19.01
2011-12-23 23:30:09.0000001,11.26
2015-01-29 11:01:21.0000001,6.95
2015-01-29 11:01:21.0000002,10.32
2014-01-31 11:11:05.0000001,19.73
2014-01-31 11:11:05.0000003,10.66
2014-01-31 11:11:05.0000004,11.16
2014-01-31 11:11:05.0000006,9.08
2014-01-31 11:11:05.0000005,7.86
2015-02-20 11:08:29.0000006,5.85
2015-02-20 11:08:29.0000002,16.27
2015-02-20 11:08:29.0000004,10.37
2015-02-20 11:08:29.0000003,10.25
2015-02-20 11:08:29.0000005,6.05
2014-08-31 04:03:29.0000001,7.3
2014-08-01 18:38:09.0000001,9.59
2014-08-01 18:38:09.0000002,8.29
2009-05-16 14:53:41.0000007,5.51
2009-05-16 14:53:41.0000006,6.51
2009-12-17 06:28:05.0000001,9.12
2009-12-17 06:28:05.0000002,5.02
2009-12-17 06:28:05.0000003,7.28
2010-02-23 17:25:09.0000001,5.23
2010-02-23 17:25:09.0000002,4.96
2012-07-30 16:54:49.0000003,6.28
2012-07-30 16:54:49.0000001,11.08
2012-07-30 16:54:49.0000005,7.97
2012-07-30 16:54:49.0000004,5.77
2012-07-30 16:54:49.0000002,11.06
2013-08-26 11:47:37.0000003,23.19
2013-08-26 11:47:37.0000002,6.54
2013-08-26 11:47:37.0000004,41.05
2013-03-06 23:49:53.0000006,6.74
2013-03-06 23:49:53.0000005,7.97
2013-03-06 23:49:53.0000003,7.64
2013-03-06 23:49:53.0000002,5.5
2013-03-06 23:49:53.0000001,14.86
2013-03-06 23:49:53.0000004,9.48
2010-10-30 13:31:13.0000005,7.02
2010-10-30 13:31:13.0000003,4.38
2010-10-30 13:31:13.0000004,4.69
2010-10-30 13:31:13.0000002,6.3
2012-03-25 16:56:01.0000001,5.32
2012-03-25 16:56:01.0000002,7.34
2013-10-17 22:21:57.0000002,13.37
2013-10-17 22:21:57.0000004,14.03
2013-10-17 22:21:57.0000005,12.78
2013-10-17 22:21:57.0000001,7.59
2010-09-15 16:44:25.0000001,13.68
2010-09-15 16:44:25.0000002,13.8
2010-09-15 16:44:25.0000003,6.55
2014-05-09 00:30:41.0000003,10.76
2014-05-09 00:30:41.0000001,45.3
2014-05-09 00:30:41.0000002,18.62
2010-12-11 17:32:33.0000001,5.82
2010-06-14 05:10:09.0000001,10.72
2012-03-05 13:24:37.0000003,8.93
2012-03-05 13:24:37.0000001,6.05
2011-03-03 07:09:09.0000002,8.93
2011-03-03 07:09:09.0000001,8.58
2010-07-01 22:11:33.0000001,7.94
2010-07-01 22:11:33.0000002,7.49
2010-07-01 22:11:33.0000004,5.28
2012-01-07 21:39:05.0000002,8.27
2010-08-22 12:30:21.0000002,6.56
2010-08-22 12:30:21.0000001,5.49
2012-05-26 00:31:25.0000002,21.73
2011-12-16 09:20:01.0000001,13.51
2012-01-26 20:09:45.0000003,12.94
2012-01-26 20:09:45.0000004,11.03
2012-01-26 20:09:45.0000002,7.25
2012-01-26 20:09:45.0000001,8.13
2010-02-03 11:33:29.0000002,4.99
2010-02-03 11:33:29.0000001,8.05
2014-10-07 11:52:13.0000005,43.8
2014-10-07 11:52:13.0000001,5.95
2014-10-07 11:52:13.0000004,17.88
2014-10-07 11:52:13.0000002,8.66
2014-10-07 11:52:13.0000007,8.02
2014-10-07 11:52:13.0000003,10.62
2013-05-06 23:46:25.0000001,9.27
2015-06-13 19:17:09.0000006,9.08
2015-06-13 19:17:09.0000004,10.38
2015-06-13 19:17:09.0000002,20.09
2015-06-13 19:17:09.0000003,15.37
2015-06-13 19:17:09.0000001,6.36
2011-06-29 00:15:21.0000001,8.36
2011-06-29 00:15:21.0000002,5.59
2011-06-29 00:15:21.0000003,9.42
2009-11-28 13:50:17.0000003,8.25
2009-11-28 13:50:17.0000001,4.92
2010-05-02 12:05:45.0000001,7.09
2009-10-12 14:18:01.0000001,6.03
2015-01-13 12:07:53.0000002,7.05
2015-01-13 12:07:53.0000007,12.37
2015-01-13 12:07:53.0000001,15.82
2015-01-13 12:07:53.0000004,5.94
2015-01-13 12:07:53.0000006,8.37
2015-03-04 21:42:57.0000002,7.5
2015-03-04 21:42:57.0000009,5.33
2015-03-04 21:42:57.0000005,7.05
2015-03-04 21:42:57.0000003,12.72
2015-03-04 21:42:57.00000010,7.83
2015-03-04 21:42:57.0000004,20.3
2015-03-04 21:42:57.0000008,6.66
2015-03-04 21:42:57.0000001,11.85
2015-03-04 21:42:57.0000007,5.39
2012-01-31 09:15:49.0000005,6.31
2012-01-31 09:15:49.0000002,7.96
2012-01-31 09:15:49.0000006,10.54
2012-01-31 09:15:49.0000003,5.27
2012-01-31 09:15:49.0000004,7.58
2011-03-22 12:59:49.0000003,14.51
2011-03-22 12:59:49.0000005,5.2
2011-03-22 12:59:49.0000004,6.61
2014-10-05 17:21:45.0000001,6.4
2013-07-05 00:58:17.0000003,6.86
2013-07-05 00:58:17.0000002,20.19
2010-09-28 21:50:05.0000001,5.35
2010-09-28 21:50:05.0000003,24.59
2010-09-28 21:50:05.0000002,6.45
2010-09-28 21:50:05.0000004,11.49
2010-09-28 21:50:05.0000005,5.39
2012-05-25 09:21:17.0000001,5.36
2012-05-25 09:21:17.0000002,5.83
2012-05-25 09:21:17.0000003,4.75
2010-01-30 00:57:21.0000003,7.51
2010-01-30 00:57:21.0000004,5.21
2009-10-16 16:14:41.0000004,5.62
2009-10-16 16:14:41.0000001,5.93
2009-10-16 16:14:41.0000003,5.41
2012-04-02 08:39:21.0000003,3.89
2012-04-02 08:39:21.0000001,5.62
2009-09-04 06:54:49.0000001,5.4
2012-08-29 09:53:33.0000002,9.34
2012-08-29 09:53:33.0000001,10.2
2011-03-13 05:34:57.0000001,11.16
2010-10-22 00:49:05.0000001,5.63
2010-09-12 22:12:53.0000001,11.12
2014-09-13 04:51:21.0000001,26.86
2014-09-13 04:51:21.0000002,15.07
2010-08-17 07:59:05.0000003,7.77
2010-08-17 07:59:05.0000001,5.39
2010-08-17 07:59:05.0000002,10.71
2011-03-06 23:14:17.0000001,11.75
2014-06-19 08:41:17.0000001,5.95
2014-06-19 08:41:17.0000002,6.2
2014-06-19 08:41:17.0000006,14.95
2014-06-19 08:41:17.0000004,10.44
2014-06-19 08:41:17.0000003,6.86
2014-06-19 08:41:17.0000005,6.08
2015-02-26 23:20:13.0000004,6.16
2015-02-26 23:20:13.0000002,8.74
2015-02-26 23:20:13.0000009,20.69
2015-02-26 23:20:13.0000007,5.32
2015-02-26 23:20:13.0000005,10.48
2015-02-26 23:20:13.0000001,18.66
2015-02-26 23:20:13.0000006,22.5
2015-02-26 23:20:13.0000003,5.24
2013-10-09 15:11:41.0000001,7.29
2013-10-09 15:11:41.0000003,5.58
2013-10-09 15:11:41.0000002,25.12
2011-09-01 09:53:49.0000002,7.04
2011-09-01 09:53:49.0000003,11.7
2011-09-01 09:53:49.0000005,5.49
2011-09-01 09:53:49.0000001,12.98
2011-11-28 14:13:37.0000001,8.47
2011-11-28 14:13:37.0000003,6.12
2010-09-28 00:16:53.0000002,17.14
2010-09-28 00:16:53.0000004,10.01
2010-09-28 00:16:53.0000001,5.77
2013-08-30 11:20:21.0000002,15.29
2013-08-30 11:20:21.0000001,15.92
2013-09-19 21:24:21.0000002,5.41
2013-09-19 21:24:21.0000003,5.93
2012-07-01 22:30:29.0000001,5.9
2013-01-19 08:04:21.0000001,6.73
2011-07-02 00:38:01.0000003,6.29
2011-07-02 00:38:01.0000002,9.16
2014-02-08 17:24:57.0000001,15.61
2010-01-13 01:56:57.0000001,5.21
2014-01-05 12:00:13.0000005,8.52
2014-01-05 12:00:13.0000003,12.84
2014-01-05 12:00:13.0000002,7.79
2014-01-05 12:00:13.0000004,8.18
2014-01-05 12:00:13.0000006,5.94
2014-01-05 12:00:13.0000001,29.27
2011-02-04 09:12:53.0000003,9.22
2011-02-04 09:12:53.0000001,9.58
2011-02-04 09:12:53.0000005,5.81
2011-02-04 09:12:53.0000002,5.34
2012-03-08 12:33:25.0000005,5.35
2012-03-08 12:33:25.0000002,15.07
2012-03-08 12:33:25.0000001,6.5
2012-03-08 12:33:25.0000004,15.18
2009-07-31 18:15:57.0000002,5.47
2009-07-10 20:17:05.0000001,5.28
2009-07-10 20:17:05.0000002,5.51
2010-11-05 14:33:37.0000002,15.46
2010-11-05 14:33:37.0000003,5.44
2010-11-05 14:33:37.0000001,12.3
2010-11-05 14:33:37.0000004,25.76
2010-03-09 08:49:13.0000002,7.39
2010-03-09 08:49:13.0000001,6.4
2010-03-09 08:49:13.0000003,5.17
2010-08-21 21:56:25.0000001,6.8
2011-07-27 09:24:33.0000004,6.08
2011-07-27 09:24:33.0000002,4.86
2011-07-27 09:24:33.0000005,11.24
2011-07-27 09:24:33.0000001,9.01
2011-07-27 09:24:33.0000003,21.21
2010-10-09 17:11:17.0000002,6.85
2014-01-16 23:24:37.0000001,14.39
2009-09-25 15:13:57.0000005,32.18
2009-09-25 15:13:57.0000007,5.58
2009-09-25 15:13:57.0000006,5.65
2009-09-25 15:13:57.0000004,8.42
2009-12-13 20:44:37.0000001,8.61
2009-12-13 20:44:37.0000004,10.74
2009-12-13 20:44:37.0000002,8.48
2009-12-13 20:44:37.0000003,8.45
2010-05-26 21:31:05.0000004,8.93
2010-05-26 21:31:05.0000003,12.28
2010-05-26 21:31:05.0000005,5.03
2010-05-26 21:31:05.0000001,8.94
2010-05-26 21:31:05.0000002,6.47
2010-05-03 08:36:41.0000003,6.49
2010-05-03 08:36:41.0000005,6.11
2010-05-03 08:36:41.0000001,8.18
2010-05-03 08:36:41.0000002,8.25
2009-06-22 08:08:29.0000001,17.26
2009-06-22 08:08:29.0000002,7.67
2009-01-20 17:38:05.0000003,6.48
2009-01-20 17:38:05.0000005,4.86
2009-01-20 17:38:05.0000004,7.74
2009-01-20 17:38:05.0000001,5.1
2009-01-20 17:38:05.0000002,35.67
2013-02-04 16:08:01.0000002,13.63
2013-02-04 16:08:01.0000001,8.49
2009-07-22 09:50:25.0000001,5.14
2009-07-22 09:50:25.0000002,6.18
2009-07-22 09:50:25.0000003,6.0
2013-07-17 06:50:17.0000001,17.97
2011-01-24 20:18:49.0000002,8.88
2011-01-24 20:18:49.0000004,7.48
2011-01-24 20:18:49.0000001,4.74
2012-04-25 17:29:21.0000002,16.56
2012-04-25 17:29:21.0000004,5.34
2012-04-25 17:29:21.0000001,11.38
2012-04-25 17:29:21.0000003,12.9
2010-01-23 14:32:17.0000001,8.16
2010-01-23 14:32:17.0000002,6.24
2012-03-07 01:22:57.0000001,6.88
2012-03-07 01:22:57.0000002,12.47
2012-06-02 01:16:05.0000002,4.67
2012-06-02 01:16:05.0000005,42.74
2011-02-18 20:57:57.0000003,5.88
2011-02-18 20:57:57.0000001,12.49
2011-02-18 20:57:57.0000002,5.98
2010-11-03 17:52:21.0000001,6.35
2011-10-20 13:46:33.0000004,10.34
2011-10-20 13:46:33.0000001,48.64
2013-11-29 15:09:45.0000002,7.56
2013-11-29 15:09:45.0000001,11.19
2015-06-24 07:28:01.0000001,6.97
2015-06-24 07:28:01.0000003,94.95
2015-06-24 07:28:01.0000004,6.86
2015-06-24 07:28:01.0000002,15.44
2015-06-24 07:28:01.0000005,6.4
2010-03-27 11:29:05.0000001,6.12
2010-03-27 11:29:05.0000003,5.55
2010-03-27 11:29:05.0000002,4.5
2014-06-09 11:18:25.0000005,6.09
2014-06-09 11:18:25.0000003,13.95
2014-06-09 11:18:25.0000001,9.54
2014-06-09 11:18:25.0000004,6.6
2014-06-09 11:18:25.0000002,8.49
2012-08-08 09:47:53.0000002,6.65
2012-08-08 09:47:53.0000003,6.02
2012-08-08 09:47:53.0000001,8.05
2014-10-28 12:23:09.0000003,20.15
2014-10-28 12:23:09.0000006,8.67
2014-10-28 12:23:09.0000004,14.46
2014-10-28 12:23:09.0000005,8.03
2014-10-28 12:23:09.0000002,7.43
2013-04-04 02:55:13.0000001,18.5
2011-07-11 20:43:33.0000003,13.17
2011-07-11 20:43:33.0000002,5.84
2013-02-23 14:25:29.0000001,13.84
2010-01-30 18:58:33.0000007,8.05
2010-01-30 18:58:33.0000002,12.58
2010-01-30 18:58:33.0000003,5.03
2010-01-30 18:58:33.0000004,15.98
2010-01-30 18:58:33.0000005,6.23
2013-10-07 11:12:33.0000003,9.4
2013-10-07 11:12:33.0000002,6.72
2013-10-07 11:12:33.0000001,7.68
2012-10-08 12:29:21.0000001,8.07
2014-08-22 06:49:41.0000002,7.14
2014-08-22 06:49:41.0000001,5.04
2014-04-26 22:02:17.0000001,14.98
2010-05-13 08:48:41.0000004,25.9
2010-05-13 08:48:41.0000002,7.08
2010-05-13 08:48:41.0000001,14.61
2010-05-13 08:48:41.0000003,8.72
2014-06-22 14:49:13.0000004,5.6
2014-06-22 14:49:13.0000003,6.15
2013-01-22 14:06:33.0000002,4.89
2013-01-22 14:06:33.0000004,10.38
2013-01-22 14:06:33.0000001,9.78
2013-01-22 14:06:33.0000003,53.58
2010-10-08 11:25:09.0000001,8.53
2010-10-08 11:25:09.0000002,5.36
2015-03-14 02:23:17.0000001,5.17
2015-03-14 02:23:17.0000005,25.58
2015-03-14 02:23:17.0000007,18.2
2015-03-14 02:23:17.0000003,19.29
2014-09-20 00:55:21.0000001,12.88
2014-09-25 20:52:09.0000003,18.29
2014-09-25 20:52:09.0000007,19.38
2014-09-25 20:52:09.0000008,7.48
2014-09-25 20:52:09.0000006,8.15
2014-09-25 20:52:09.0000001,5.95
2014-09-25 20:52:09.0000004,14.4
2013-08-20 09:05:33.0000001,9.44
2012-01-19 00:39:29.0000001,13.84
2009-12-23 09:09:21.0000002,16.72
2009-12-23 09:09:21.0000003,10.61
2009-12-23 09:09:21.0000001,13.24
2012-12-15 06:35:45.0000002,16.84
2012-12-15 06:35:45.0000003,57.81
2012-12-15 06:35:45.0000004,5.33
2013-09-30 07:03:29.0000001,11.2
2014-06-10 11:21:37.0000001,7.65
2014-06-10 11:21:37.0000002,12.46
2015-05-30 05:00:57.0000001,30.84
2015-05-30 05:00:57.0000002,18.95
2014-04-15 08:04:25.0000001,7.59
2014-04-15 08:04:25.0000002,13.28
2012-09-04 21:59:45.0000001,5.88
2012-06-23 19:15:29.0000001,6.81
2014-09-23 18:20:01.0000002,8.91
2014-09-23 18:20:01.0000001,8.1
2011-06-30 21:50:17.0000002,9.91
2011-06-30 21:50:17.0000006,7.25
2011-06-30 21:50:17.0000005,8.12
2011-06-30 21:50:17.0000004,9.33
2011-06-30 21:50:17.0000001,5.08
2011-06-30 21:50:17.0000003,7.32
2013-04-09 08:59:41.0000001,5.95
2013-02-14 03:56:45.0000001,6.62
2009-02-23 21:09:17.0000002,7.37
2009-02-23 21:09:17.0000003,5.09
2009-02-23 21:09:17.0000001,6.5
2013-04-05 20:47:57.0000001,15.34
2013-04-05 20:47:57.0000003,11.47
2013-04-05 20:47:57.0000002,17.17
2013-03-11 06:58:05.0000001,10.93
2012-01-05 05:51:01.0000002,6.66
2009-05-11 10:47:33.0000001,14.78
2014-02-22 02:07:01.0000001,19.09
2014-02-22 02:07:01.0000004,7.87
2014-02-22 02:07:01.0000005,6.6
2014-02-22 02:07:01.0000002,11.88
2014-02-22 02:07:01.0000003,11.69
2013-07-25 01:56:37.0000002,15.7
2013-07-25 01:56:37.0000001,12.79
2013-10-15 08:16:21.0000001,5.9
2014-08-26 23:35:49.0000003,12.27
2014-08-26 23:35:49.0000004,20.74
2014-08-26 23:35:49.0000001,8.47
2009-08-28 23:01:41.0000007,9.72
2009-08-28 23:01:41.0000004,6.0
2009-08-28 23:01:41.0000003,4.88
2009-08-28 23:01:41.0000005,47.25
2009-08-07 07:07:37.0000003,11.24
2009-08-07 07:07:37.0000002,13.96
2009-08-07 07:07:37.0000001,11.39
2013-11-11 13:49:53.0000004,57.43
2013-11-11 13:49:53.0000003,10.72
2013-11-11 13:49:53.0000006,20.26
2013-11-11 13:49:53.0000005,5.9
2013-11-11 13:49:53.0000001,7.47
2013-11-11 13:49:53.0000002,9.24
2012-08-11 19:58:29.0000002,8.92
2012-08-11 19:58:29.0000003,5.96
2012-08-11 19:58:29.0000004,9.48
2012-08-11 19:58:29.0000001,11.92
2011-06-29 06:25:41.0000001,31.11
2014-10-19 15:14:45.0000001,24.46
2014-12-16 13:40:25.0000001,11.69
2014-12-16 13:40:25.0000002,10.88
2010-06-11 13:37:21.0000004,14.55
2010-06-11 13:37:21.0000001,6.36
2010-06-11 13:37:21.0000002,7.59
2012-12-09 22:30:13.0000003,14.58
2012-12-09 22:30:13.0000001,10.51
2010-06-21 20:21:45.0000001,17.57
2011-05-11 19:56:09.0000002,13.16
2013-06-17 06:37:49.0000001,5.49
2009-07-29 07:52:01.0000004,6.02
2009-07-29 07:52:01.0000002,14.69
2009-07-29 07:52:01.0000003,5.26
2009-07-29 07:52:01.0000001,5.54
2014-08-08 00:02:41.0000001,9.21
2014-08-08 00:02:41.0000003,12.71
2014-08-08 00:02:41.0000005,11.14
2009-02-19 09:17:21.0000001,9.72
2013-09-12 12:50:13.0000004,5.58
2013-09-12 12:50:13.0000002,14.35
2013-09-12 12:50:13.0000006,37.22
2013-09-12 12:50:13.0000005,8.76
2011-06-26 03:33:25.0000001,15.13
2013-09-28 09:59:33.0000002,8.4
2013-09-28 09:59:33.0000001,6.69
2010-04-20 07:32:21.0000001,11.07
2010-04-20 07:32:21.0000002,6.01
2011-04-16 06:38:33.0000001,5.44
2011-09-18 18:33:13.0000001,6.64
2011-09-18 18:33:13.0000002,23.38
2014-03-04 16:24:45.0000003,18.96
2014-03-04 16:24:45.0000002,7.51
2013-08-03 15:48:29.0000001,6.41
2012-06-21 19:47:25.0000003,6.19
2012-06-21 19:47:25.0000001,7.19
2012-06-21 19:47:25.0000002,7.8
2014-03-10 12:25:21.0000003,5.77
2014-03-10 12:25:21.0000002,8.85
2014-03-10 12:25:21.0000001,16.63
2014-11-10 10:52:41.0000002,22.11
2014-11-10 10:52:41.0000003,16.0
2010-10-17 23:04:25.0000001,10.51
2009-12-22 15:59:53.0000001,5.44
2009-12-22 15:59:53.0000002,5.82
2009-12-22 15:59:53.0000004,11.63
2014-05-08 21:23:41.0000002,5.04
2014-05-08 21:23:41.0000003,11.95
2014-05-08 21:23:41.0000004,8.94
2014-05-08 21:23:41.0000005,9.97
2009-10-28 17:56:45.0000002,6.98
2009-10-28 17:56:45.0000001,4.83
2014-07-10 07:03:29.0000002,12.46
2014-07-10 07:03:29.0000001,6.85
2012-07-15 03:53:37.0000004,10.49
2010-03-31 05:33:53.0000001,5.91
2010-03-31 05:33:53.0000002,6.27
2010-07-06 20:52:53.0000003,7.25
2010-07-06 20:52:53.0000001,7.26
2010-07-06 20:52:53.0000002,5.69
2013-06-10 11:29:13.0000002,5.74
2013-06-10 11:29:13.0000006,7.03
2013-06-10 11:29:13.0000004,6.35
2013-06-10 11:29:13.0000005,5.86
2013-06-10 11:29:13.0000003,10.35
2015-04-25 01:06:17.0000008,8.75
2015-04-25 01:06:17.0000004,5.99
2015-04-25 01:06:17.0000001,5.85
2015-04-25 01:06:17.0000006,8.65
2015-04-25 01:06:17.0000002,8.54
2011-05-27 14:47:09.0000001,7.54
2011-05-27 14:47:09.0000004,10.59
2011-05-27 14:47:09.0000002,10.02
2011-05-27 14:47:09.0000003,8.64
2012-10-28 13:55:57.0000002,9.94
2011-06-12 01:07:57.0000002,19.01
2011-06-12 01:07:57.0000001,13.43
2014-12-11 15:20:49.0000002,53.05
2014-12-11 15:20:49.0000003,9.91
2011-06-19 04:08:49.0000001,6.27
2015-06-02 09:11:17.0000003,7.65
2015-06-02 09:11:17.0000006,5.75
2015-06-02 09:11:17.0000001,10.09
2015-06-02 09:11:17.0000004,6.88
2015-06-02 09:11:17.0000005,12.77
2014-05-09 02:23:21.0000001,13.9
2011-10-08 12:54:49.0000003,7.58
2011-10-08 12:54:49.0000001,12.25
2009-06-02 08:34:33.0000003,8.12
2009-06-02 08:34:33.0000002,5.79
2010-12-09 17:21:29.0000001,6.22
2013-06-22 01:59:25.0000001,8.59
2014-12-07 19:56:45.0000002,7.04
2014-12-07 19:56:45.0000003,10.21
2013-12-04 17:40:13.0000006,9.48
2013-12-04 17:40:13.0000004,13.49
2013-12-04 17:40:13.0000002,12.19
2013-12-04 17:40:13.0000005,5.9
2013-12-04 17:40:13.0000001,5.71
2013-12-04 17:40:13.0000007,10.72
2013-12-04 17:40:13.0000003,43.1
2014-07-20 17:05:09.0000001,19.51
2010-12-15 08:39:33.0000003,4.98
2010-12-15 08:39:33.0000002,5.77
2010-12-15 08:39:33.0000004,50.56
2010-12-15 08:39:33.0000001,5.08
2011-02-07 08:56:09.0000001,9.04
2012-05-26 11:54:53.0000003,7.2
2012-04-24 17:57:05.0000002,5.11
2012-04-24 17:57:05.0000003,29.32
2012-04-24 17:57:05.0000001,12.23
2014-01-11 19:20:17.0000002,6.97
2015-01-05 21:43:13.0000003,8.81
2015-01-05 21:43:13.0000002,8.54
2013-04-23 13:19:17.0000002,13.13
2013-04-23 13:19:17.0000003,6.95
2011-07-19 22:20:41.0000003,17.65
2012-03-18 02:27:41.0000002,38.15
2012-03-18 02:27:41.0000003,11.76
2009-01-19 19:48:17.0000003,10.59
2011-06-21 22:19:45.0000002,5.73
2011-06-21 22:19:45.0000003,12.12
2011-06-21 22:19:45.0000001,15.08
2012-02-10 06:28:17.0000001,8.32
2013-01-13 00:20:53.0000002,9.2
2013-01-13 00:20:53.0000003,10.04
2015-03-28 09:52:37.0000002,5.16
2015-03-28 09:52:37.0000001,7.1
2015-05-02 15:18:33.0000001,10.08
2015-05-02 15:18:33.0000005,7.02
2015-05-02 15:18:33.0000002,7.53
2015-05-02 15:18:33.0000006,7.56
2015-05-02 15:18:33.0000004,15.24
2015-05-02 15:18:33.0000007,7.68
2015-05-02 15:18:33.0000003,12.89
2012-01-01 00:37:29.0000005,16.7
2012-01-01 00:37:29.0000001,6.89
2012-01-01 00:37:29.0000003,7.9
2012-01-01 00:37:29.0000002,10.67
2010-06-24 19:32:25.0000001,8.22
2010-06-24 19:32:25.0000002,5.1
2010-04-25 09:00:01.0000001,11.96
2010-04-25 09:00:01.0000002,10.31
2009-08-11 21:41:09.0000001,15.33
2012-06-12 07:19:17.0000002,8.48
2012-06-12 07:19:17.0000001,5.77
2011-12-30 11:16:05.0000002,10.19
2011-12-30 11:16:05.0000001,7.34
2011-12-30 11:16:05.0000003,7.4
2011-12-30 11:16:05.0000004,7.03
2013-11-28 13:17:13.0000001,11.44
2010-06-14 20:51:37.0000001,18.43
2010-06-14 20:51:37.0000002,10.52
2012-06-10 00:46:17.0000004,16.45
2012-06-10 00:46:17.0000002,11.77
2013-02-10 19:51:53.0000001,8.8
2013-02-10 19:51:53.0000002,15.29
2010-02-20 04:04:13.0000001,9.31
2010-02-20 04:04:13.0000002,8.07
2010-02-20 04:04:13.0000003,5.84
2014-01-01 16:33:01.0000004,5.53
2014-01-01 16:33:01.0000001,8.91
2014-01-01 16:33:01.0000002,11.5
2014-01-01 16:33:01.0000003,11.65
2013-06-04 08:06:57.0000002,6.28
2013-06-04 08:06:57.0000005,5.77
2013-06-04 08:06:57.0000003,13.39
2013-06-04 08:06:57.0000004,6.03
2013-06-04 08:06:57.0000001,5.16
2012-07-13 08:45:21.0000001,32.08
2012-07-13 08:45:21.0000003,6.89
2012-07-13 08:45:21.0000004,4.81
2012-07-13 08:45:21.0000002,11.18
2014-06-09 13:01:21.0000002,9.27
2014-06-09 13:01:21.0000001,7.09
2010-10-01 13:11:05.0000002,8.42
2010-10-01 13:11:05.0000004,7.43
2010-10-01 13:11:05.0000003,32.64
2010-02-27 22:55:09.0000002,6.02
2010-02-27 22:55:09.0000003,6.18
2012-11-23 05:37:53.0000001,16.22
2009-10-05 15:41:37.0000001,6.52
2009-12-01 02:33:57.0000001,9.21
2013-04-30 14:43:33.0000003,19.81
2013-04-30 14:43:33.0000002,17.81
2013-04-30 14:43:33.0000001,13.87
2015-05-17 04:17:33.0000001,11.78
2015-05-17 04:17:33.0000002,9.72
2015-05-17 04:17:33.0000003,10.01
2015-05-17 04:17:33.0000004,8.32
2014-07-26 23:31:41.0000001,7.84
2009-11-07 16:37:49.0000001,5.53
2009-11-07 16:37:49.0000003,8.25
2009-11-07 16:37:49.0000002,47.7
2009-11-07 16:37:49.0000005,5.79
2012-11-07 12:46:29.0000003,9.0
2012-11-07 12:46:29.0000001,14.45
2012-11-07 12:46:29.0000002,5.8
2011-01-07 09:25:57.0000002,3.91
2011-01-07 09:25:57.0000001,5.18
2012-07-18 16:28:21.0000002,5.94
2009-12-17 10:33:45.0000001,11.98
2009-12-17 10:33:45.0000002,10.55
2009-12-17 10:33:45.0000003,6.31
2009-12-17 10:33:45.0000004,5.41
2013-03-08 19:03:09.0000001,14.63
2013-03-08 19:03:09.0000004,7.58
2011-03-11 23:36:13.0000001,6.72
2011-03-11 23:36:13.0000002,7.12
2011-03-11 23:36:13.0000004,4.76
2011-03-11 23:36:13.0000003,5.19
2009-12-10 22:45:01.0000002,6.15
2009-12-10 22:45:01.0000001,12.91
2009-12-10 22:45:01.0000003,5.12
2009-12-10 22:45:01.0000005,18.06
2012-07-13 11:00:05.0000003,34.01
2012-07-13 11:00:05.0000002,14.81
2012-07-13 11:00:05.0000006,53.6
2012-07-13 11:00:05.0000001,9.76
2012-07-21 17:57:17.0000001,8.93
2009-04-23 02:42:05.0000002,7.72
2009-04-23 02:42:05.0000001,10.46
2012-11-03 23:49:17.0000003,12.03
2012-11-03 23:49:17.0000002,5.41
2012-11-03 23:49:17.0000004,5.96
2012-11-03 23:49:17.0000001,13.63
2012-02-21 20:07:25.0000002,5.21
2012-02-21 20:07:25.0000001,4.15
2012-03-26 05:24:13.0000001,19.19
2010-02-01 20:28:45.0000001,4.7
2010-02-01 20:28:45.0000002,7.7
2010-02-01 20:28:45.0000003,4.71
2009-09-26 04:36:49.0000001,4.72
2009-01-29 15:29:09.0000002,30.5
2009-01-29 15:29:09.0000001,4.86
2009-12-29 02:06:33.0000002,13.85
2009-12-29 02:06:33.0000001,7.32
2010-09-06 00:39:05.0000001,6.41
2012-09-08 21:13:49.0000004,6.82
2012-09-08 21:13:49.0000001,8.98
2012-09-08 21:13:49.0000002,7.81
2012-09-08 21:13:49.0000003,6.7
2010-11-04 16:19:25.0000001,10.48
2009-12-08 07:36:17.0000001,12.29
2009-12-08 07:36:17.0000002,11.6
2012-08-30 20:32:49.0000001,11.54
2013-06-08 16:55:13.0000002,6.88
2013-06-08 16:55:13.0000001,10.71
2014-07-01 11:05:21.0000002,6.37
2014-07-01 11:05:21.0000001,10.15
2013-08-19 16:21:05.0000002,17.2
2014-12-26 21:10:45.0000001,8.31
2012-10-25 16:20:37.0000001,12.34
2012-10-25 16:20:37.0000002,36.69
2013-08-14 11:02:17.0000001,6.99
2013-08-14 11:02:17.0000002,23.02
2010-10-01 01:22:01.0000001,11.31
2012-12-07 19:33:49.0000002,65.98
2012-12-07 19:33:49.0000001,6.34
2011-07-11 01:40:45.0000001,7.9
2013-07-18 01:45:01.0000001,6.14
2013-07-18 01:45:01.0000002,6.15
2009-06-25 10:29:21.0000002,4.9
2009-06-25 10:29:21.0000001,5.41
2012-07-31 20:04:53.0000005,5.78
2012-07-31 20:04:53.0000003,5.78
2012-07-31 20:04:53.0000004,4.48
2012-07-31 20:04:53.0000001,7.56
2010-11-15 22:25:13.0000001,6.83
2015-06-08 05:02:45.0000002,13.5
2015-06-08 05:02:45.0000001,25.63
2013-12-08 20:26:29.0000001,6.62
2013-12-08 20:26:29.0000002,12.49
2013-12-08 20:26:29.0000003,5.13
2009-05-10 00:24:57.0000002,12.51
2009-05-10 00:24:57.0000004,5.24
2009-05-10 00:24:57.0000003,8.09
2009-05-10 00:24:57.0000005,5.7
2009-05-10 00:24:57.0000001,5.42
2009-02-28 10:19:41.0000002,4.75
2009-02-28 10:19:41.0000001,7.24
2011-08-19 17:42:57.0000001,5.01
2011-08-19 17:42:57.0000002,8.68
2014-06-05 22:56:05.0000007,11.97
2014-06-05 22:56:05.0000002,24.42
2014-06-05 22:56:05.0000001,56.03
2014-06-05 22:56:05.0000006,5.47
2014-06-05 22:56:05.0000005,5.88
2014-06-05 22:56:05.0000003,24.89
2014-07-16 18:33:41.0000001,8.02
2014-07-16 18:33:41.0000002,9.34
2014-07-16 18:33:41.0000003,14.9
2009-07-14 22:41:09.0000002,5.61
2009-07-14 22:41:09.0000004,4.67
2009-07-14 22:41:09.0000001,36.62
2013-11-21 14:19:21.0000002,8.79
2015-01-02 11:55:57.0000005,6.81
2015-01-02 11:55:57.0000002,11.06
2015-01-02 11:55:57.0000004,26.88
2015-01-02 11:55:57.0000001,8.84
2011-09-26 22:26:57.0000001,11.57
2015-04-14 01:41:05.0000001,12.62
2013-05-14 16:23:49.0000002,14.59
2013-05-14 16:23:49.0000001,11.54
2013-11-23 22:19:37.0000002,14.46
2013-11-23 22:19:37.0000001,9.85
2014-07-14 16:18:37.0000001,5.05
2010-07-30 12:04:17.0000001,4.76
2010-07-30 12:04:17.0000002,7.39
2011-07-27 21:48:49.0000002,8.76
2011-07-27 21:48:49.0000001,6.85
2014-03-18 19:55:17.0000003,6.27
2014-03-18 19:55:17.0000002,15.26
2014-03-18 19:55:17.0000004,8.79
2014-07-28 21:44:21.0000001,11.55
2009-05-23 07:56:37.0000001,7.62
2010-06-05 23:05:25.0000004,13.01
2010-06-05 23:05:25.0000005,5.84
2010-06-05 23:05:25.0000003,10.61
2010-06-05 23:05:25.0000001,8.88
2010-06-05 23:05:25.0000002,10.47
2012-07-01 19:59:49.0000001,6.11
2015-06-07 17:23:09.0000004,9.38
2015-06-07 17:23:09.0000003,8.17
2015-06-07 17:23:09.0000002,7.62
2015-06-07 17:23:09.0000001,11.55
2013-03-10 07:31:45.0000001,6.13
2011-03-24 17:44:01.0000001,9.94
2011-03-24 17:44:01.0000003,7.32
2014-03-28 21:55:17.0000002,20.02
2014-03-28 21:55:17.0000004,6.42
2014-03-28 21:55:17.0000005,7.53
2014-03-28 21:55:17.0000006,7.62
2013-04-28 20:00:05.0000002,53.54
2013-04-28 20:00:05.0000001,7.9
2013-04-28 20:00:05.0000004,14.96
2013-04-28 20:00:05.0000003,4.76
2012-04-27 18:37:09.0000003,8.72
2012-04-27 18:37:09.0000001,10.42
2012-04-27 18:37:09.0000004,9.94
2014-04-05 18:11:33.0000001,11.12
2013-11-07 22:25:25.0000002,16.65
2010-06-19 03:06:33.0000002,5.32
2012-06-30 03:53:29.0000003,9.83
2012-06-30 03:53:29.0000001,17.63
2011-09-15 02:11:49.0000002,18.12
2011-09-15 02:11:49.0000001,22.7
2012-08-08 04:45:25.0000001,52.15
2011-05-19 16:01:41.0000004,5.95
2011-05-19 16:01:41.0000002,5.86
2011-05-19 16:01:41.0000005,4.94
2011-05-19 16:01:41.0000003,25.53
2009-12-27 04:00:09.0000001,16.51
2010-01-11 12:38:33.0000006,28.73
2010-01-11 12:38:33.0000003,7.44
2010-01-11 12:38:33.0000005,5.49
2010-01-11 12:38:33.0000001,5.98
2010-01-11 12:38:33.0000004,6.72
2010-10-16 09:26:33.0000004,25.18
2010-10-16 09:26:33.0000002,6.91
2014-07-25 18:06:37.0000002,9.1
2014-07-25 18:06:37.0000004,9.07
2014-07-25 18:06:37.0000005,13.22
2014-07-25 18:06:37.0000003,8.13
2014-07-25 18:06:37.0000001,10.13
2013-03-18 15:54:21.0000001,12.29
2013-03-18 15:54:21.0000002,4.44
2010-05-13 06:34:57.0000002,8.15
2010-05-13 06:34:57.0000001,8.28
2009-05-16 08:13:05.0000001,24.55
2014-05-13 21:07:29.0000003,7.66
2014-05-13 21:07:29.0000002,8.34
2010-04-23 16:10:29.0000001,5.97
2010-04-23 16:10:29.0000003,9.94
2010-04-23 16:10:29.0000002,5.92
2015-05-25 22:13:09.0000002,70.61
2015-05-25 22:13:09.0000001,15.2
2013-11-16 18:33:25.0000003,6.96
2013-11-16 18:33:25.0000004,18.18
2013-11-16 18:33:25.0000002,13.81
2013-11-16 18:33:25.0000001,11.54
2012-04-16 17:48:09.0000001,6.0
2012-04-16 17:48:09.0000002,5.45
2012-04-16 17:48:09.0000003,8.38
2014-12-29 12:55:53.0000002,9.91
2014-12-29 12:55:53.0000001,27.34
2014-12-29 12:55:53.0000003,14.88
2009-08-02 14:01:33.0000002,5.88
2009-08-02 14:01:33.0000003,34.72
2009-08-02 14:01:33.0000001,5.32
2015-01-12 15:36:37.0000003,26.81
2015-01-12 15:36:37.0000004,44.42
2015-01-12 15:36:37.0000005,12.34
2015-01-12 15:36:37.0000009,18.37
2015-01-12 15:36:37.0000006,9.05
2015-01-12 15:36:37.0000001,16.63
2015-01-12 15:36:37.0000007,13.81
2014-09-04 19:52:09.0000002,7.25
2014-09-04 19:52:09.0000001,6.66
2014-09-04 19:52:09.0000003,4.88
2014-09-04 19:52:09.0000004,21.79
2009-06-01 17:42:01.0000001,12.58
2009-06-01 17:42:01.0000002,9.49
2009-06-01 17:42:01.0000003,5.11
2010-09-21 01:35:09.0000001,10.74
2010-09-21 01:35:09.0000002,5.98
2013-05-26 15:18:37.0000004,26.75
2013-05-26 15:18:37.0000002,8.28
2009-09-20 23:07:01.0000002,8.78
2009-08-12 23:00:37.0000001,17.87
2012-07-18 09:44:53.0000005,8.92
2012-07-18 09:44:53.0000001,6.29
2012-07-18 09:44:53.0000004,5.54
2012-07-18 09:44:53.0000002,6.27
2009-09-25 21:43:49.0000005,8.6
2009-09-25 21:43:49.0000007,14.63
2009-09-25 21:43:49.0000003,6.53
2009-09-25 21:43:49.0000006,5.36
2009-09-25 21:43:49.0000008,13.34
2009-09-25 21:43:49.0000001,7.23
2009-03-22 20:58:33.0000002,11.99
2009-03-22 20:58:33.0000001,8.9
2011-12-09 21:19:25.0000002,9.83
2011-12-09 21:19:25.0000005,12.18
2011-12-09 21:19:25.0000006,5.42
2013-07-05 20:44:49.0000002,5.83
2013-12-20 15:58:29.0000005,16.1
2013-12-20 15:58:29.0000002,11.61
2013-12-20 15:58:29.0000003,44.66
2013-12-20 15:58:29.0000004,14.15
2014-10-06 14:37:25.0000004,12.49
2014-10-06 14:37:25.0000003,19.16
2014-10-06 14:37:25.0000002,11.09
2014-10-06 14:37:25.0000001,8.71
2015-01-18 23:09:25.0000003,25.37
2015-01-18 23:09:25.0000002,8.8
2014-05-01 14:11:21.0000002,15.3
2014-05-01 14:11:21.0000004,8.58
2014-05-01 14:11:21.0000005,8.9
2014-05-01 14:11:21.0000006,7.21
2014-05-01 14:11:21.0000001,11.65
2014-05-01 14:11:21.0000003,22.17
2012-05-22 14:54:45.0000002,5.95
2012-05-22 14:54:45.0000001,5.82
2009-06-17 14:41:57.0000001,12.24
2009-09-16 10:27:37.0000001,8.69
2009-09-16 10:27:37.0000002,5.85
2014-02-06 13:26:49.0000001,12.5
2015-04-16 02:42:33.0000001,8.17
2011-06-06 07:28:25.0000002,25.75
2011-06-06 07:28:25.0000003,6.27
2011-06-06 07:28:25.0000001,5.38
2011-06-06 07:28:25.0000005,15.51
2011-06-06 07:28:25.0000004,5.29
2013-02-27 19:25:13.0000003,18.51
2013-02-27 19:25:13.0000007,13.11
2013-02-27 19:25:13.0000006,14.15
2013-02-27 19:25:13.0000004,6.05
2013-02-27 19:25:13.0000002,6.3
2013-02-27 19:25:13.0000005,8.57
2014-10-03 01:06:05.0000001,7.87
2014-10-03 01:06:05.0000002,5.16
2010-06-26 00:14:53.0000001,7.75
2009-09-15 08:28:53.0000001,7.26
2009-09-15 08:28:53.0000002,12.27
2009-09-15 08:28:53.0000004,6.08
2009-09-15 08:28:53.0000005,5.43
2011-08-09 05:27:05.0000001,8.95
2010-10-20 08:49:45.0000001,6.0
2010-10-20 08:49:45.0000002,5.41
2012-02-08 11:14:49.0000002,5.68
2012-02-08 11:14:49.0000001,6.92
2012-02-08 11:14:49.0000004,8.76
2013-08-07 02:16:45.0000001,34.62
2012-10-26 00:32:13.0000001,16.33
2012-07-18 22:34:53.0000001,5.63
2011-05-17 22:09:17.0000001,13.52
2009-04-04 00:20:37.0000001,15.71
2009-04-04 00:20:37.0000003,7.7
2009-04-04 00:20:37.0000002,13.5
2009-09-04 18:43:33.0000003,8.3
2009-09-04 18:43:33.0000004,11.31
2010-09-19 17:13:29.0000001,12.29
2010-09-19 17:13:29.0000007,10.3
2010-09-19 17:13:29.0000005,10.04
2010-09-19 17:13:29.0000004,5.53
2010-09-19 17:13:29.0000003,13.64
2010-09-19 17:13:29.0000002,8.42
2013-03-19 18:08:29.0000003,9.97
2013-03-19 18:08:29.0000004,11.49
2011-11-22 00:15:25.0000002,5.96
2011-11-22 00:15:25.0000001,9.21
2011-04-23 11:01:49.0000005,4.71
2011-04-23 11:01:49.0000004,6.0
2011-04-23 11:01:49.0000003,4.6
2012-10-19 06:56:29.0000001,7.9
2012-10-19 06:56:29.0000002,4.89
2009-12-16 14:45:21.0000002,6.97
2009-12-16 14:45:21.0000003,8.32
2009-12-16 14:45:21.0000001,6.31
2012-08-13 21:49:53.0000002,5.91
2012-08-13 21:49:53.0000003,5.44
2012-08-13 21:49:53.0000001,5.93
2010-11-08 10:01:37.0000001,6.85
2010-11-08 10:01:37.0000002,8.86
2010-11-08 10:01:37.0000006,6.94
2010-11-08 10:01:37.0000007,10.56
2010-11-08 10:01:37.0000005,31.48
2010-11-08 10:01:37.0000004,5.73
2010-12-05 16:35:49.0000001,6.39
2010-12-05 16:35:49.0000002,9.53
2014-10-15 12:10:49.0000001,11.89
2009-04-01 19:28:09.0000004,15.19
2009-04-01 19:28:09.0000002,7.78
2009-04-01 19:28:09.0000003,5.86
2009-04-01 19:28:09.0000007,19.9
2009-04-01 19:28:09.0000005,5.9
2009-04-01 19:28:09.0000006,9.12
2011-11-26 02:04:29.0000002,10.44
2011-11-26 02:04:29.0000001,11.1
2009-01-11 07:56:01.0000003,6.49
2009-01-11 07:56:01.0000002,4.57
2012-05-30 09:19:13.0000001,6.25
2014-06-10 01:06:25.0000001,17.77
2014-06-10 01:06:25.0000003,17.51
2014-06-10 01:06:25.0000002,46.45
2014-10-28 22:42:33.0000002,20.6
2014-10-28 22:42:33.0000001,21.49
2009-03-20 12:14:53.0000004,8.48
2009-03-20 12:14:53.0000007,5.54
2009-03-20 12:14:53.0000002,10.19
2009-03-20 12:14:53.0000005,5.55
2009-03-20 12:14:53.0000001,5.16
2009-03-20 12:14:53.0000006,6.38
2009-03-20 12:14:53.0000003,19.36
2010-06-20 12:42:37.0000003,7.03
2010-06-20 12:42:37.0000001,14.1
2014-08-05 16:09:05.0000001,6.68
2014-11-06 01:40:49.0000003,5.58
2014-11-06 01:40:49.0000002,14.83
2014-11-06 01:40:49.0000001,7.57
2014-07-19 21:05:37.0000005,5.18
2014-07-19 21:05:37.0000001,13.7
2014-07-19 21:05:37.0000004,14.53
2014-07-19 21:05:37.0000003,8.15
2015-02-19 11:39:21.0000005,8.36
2015-02-19 11:39:21.0000002,11.89
2015-02-19 11:39:21.0000003,7.18
2012-10-02 14:17:13.0000003,7.35
2012-10-02 14:17:13.0000002,12.2
2012-04-17 09:47:57.0000001,5.01
2012-04-17 09:47:57.0000003,14.0
2012-04-17 09:47:57.0000002,25.82
2011-04-16 00:01:17.0000002,15.48
2011-04-16 00:01:17.0000001,5.05
2010-06-18 08:54:37.0000003,10.94
2010-06-18 08:54:37.0000002,16.32
2010-06-18 08:54:37.0000001,11.42
2012-10-20 00:36:37.0000005,6.72
2012-10-20 00:36:37.0000003,36.15
2012-10-20 00:36:37.0000004,5.43
2014-06-19 22:37:09.0000001,7.81
2014-06-19 22:37:09.0000003,11.17
2014-06-19 22:37:09.0000005,16.25
2011-05-11 13:24:37.0000004,8.97
2011-05-11 13:24:37.0000001,8.71
2011-05-11 13:24:37.0000003,4.94
2014-04-09 08:42:05.0000002,9.46
2014-04-09 08:42:05.0000001,5.16
2014-10-13 00:42:05.0000001,15.73
2013-12-08 10:41:05.0000003,6.47
2013-12-08 10:41:05.0000008,16.71
2013-12-08 10:41:05.0000006,12.54
2013-12-08 10:41:05.0000004,6.75
2013-12-08 10:41:05.0000001,11.62
2013-12-08 10:41:05.0000005,8.46
2013-02-14 02:02:13.0000001,5.44
2009-07-04 13:00:57.0000001,10.77
2009-07-04 13:00:57.0000003,8.8
2013-03-20 03:01:29.0000001,5.5
2010-08-25 12:03:21.0000002,12.33
2010-08-25 12:03:21.0000001,6.48
2013-09-08 03:47:57.0000001,18.19
2013-09-08 03:47:57.0000003,9.71
2012-12-19 16:29:33.0000002,10.97
2012-12-19 16:29:33.0000001,6.36
2009-05-15 21:19:13.0000001,12.1
2009-05-15 21:19:13.0000002,7.57
2012-06-06 17:33:05.0000001,10.46
2012-06-06 17:33:05.0000002,6.36
2012-06-06 17:33:05.0000003,12.26
2012-06-06 17:33:05.0000004,8.9
2011-09-20 00:07:17.0000001,8.37
2010-01-29 08:32:53.0000007,5.39
2010-01-29 08:32:53.0000004,9.56
2010-01-29 08:32:53.0000001,5.55
2010-01-29 08:32:53.0000003,10.09
2010-01-29 08:32:53.0000005,6.24
2010-01-29 08:32:53.0000006,5.96
2015-05-15 01:51:49.0000002,7.31
2015-05-15 01:51:49.0000001,12.86
2015-05-15 01:51:49.0000005,8.68
2015-05-15 01:51:49.0000004,5.99
2011-07-26 05:14:29.0000001,50.41
2011-09-09 03:00:05.0000002,18.73
2011-09-09 03:00:05.0000001,6.2
2012-11-12 10:06:17.0000004,6.65
2012-11-12 10:06:17.0000005,10.6
2012-11-12 10:06:17.0000002,7.34
2012-11-12 10:06:17.0000001,13.49
2012-01-05 22:37:13.0000001,12.15
2012-01-05 22:37:13.0000002,14.41
2012-12-07 02:02:01.0000002,20.24
2012-12-07 02:02:01.0000001,14.03
2011-08-18 08:36:13.0000001,5.06
2011-08-18 08:36:13.0000004,6.43
2011-08-18 08:36:13.0000003,10.79
2011-08-18 08:36:13.0000006,7.08
2011-08-18 08:36:13.0000002,14.75
2014-05-16 15:30:05.0000002,8.22
2014-05-16 15:30:05.0000001,9.3
2014-03-15 07:19:25.0000001,13.77
2009-12-21 17:23:09.0000001,5.34
2013-12-01 22:23:57.0000002,6.96
2013-12-01 22:23:57.0000001,16.73
2014-01-03 15:48:49.0000003,9.79
2014-01-03 15:48:49.0000002,7.43
2013-01-19 20:19:45.0000003,17.29
2013-01-19 20:19:45.0000001,8.78
2013-01-19 20:19:45.0000004,6.27
2012-08-31 03:00:21.0000001,6.21
2012-07-21 16:32:41.0000001,5.62
2012-07-21 16:32:41.0000002,5.38
2012-12-20 23:43:09.0000002,19.34
2012-12-20 23:43:09.0000006,7.75
2012-12-20 23:43:09.0000005,11.45
2012-12-20 23:43:09.0000003,5.85
2009-06-13 18:40:13.0000002,12.54
2009-06-13 18:40:13.0000003,11.12
2014-11-16 09:12:45.0000001,15.55
2013-03-25 15:17:33.0000001,5.17
2009-09-28 05:36:49.0000001,7.65
2013-07-08 17:31:29.0000001,5.8
2013-07-08 17:31:29.0000002,19.07
2010-11-27 12:54:09.0000005,5.05
2010-11-27 12:54:09.0000004,6.52
2010-11-27 12:54:09.0000001,5.12
2010-11-27 12:54:09.0000003,4.58
2010-11-27 12:54:09.0000002,17.33
2011-02-15 02:43:33.0000002,11.14
2011-02-15 02:43:33.0000001,15.4
2012-10-25 06:12:37.0000001,7.55
2014-05-01 06:39:54.0000001,5.56
2015-03-17 21:44:26.0000001,13.31
2015-03-17 21:44:26.0000006,9.25
2015-03-17 21:44:26.0000005,17.96
2015-03-17 21:44:26.0000003,12.61
2015-03-17 21:44:26.0000004,14.07
2011-05-02 13:26:54.0000003,5.89
2011-05-02 13:26:54.0000001,4.99
2011-05-02 13:26:54.0000002,10.89
2009-01-06 07:36:34.0000003,8.23
2009-01-06 07:36:34.0000002,5.95
2009-01-06 07:36:34.0000004,11.11
2010-06-23 10:29:22.0000005,5.52
2010-06-23 10:29:22.0000001,14.66
2010-06-23 10:29:22.0000004,5.45
2010-06-23 10:29:22.0000003,13.22
2010-06-23 10:29:22.0000002,11.26
2013-01-22 08:20:26.0000001,5.56
2013-01-22 08:20:26.0000002,6.0
2009-11-25 11:14:26.0000001,5.48
2009-11-25 11:14:26.0000002,8.97
2012-12-04 06:52:02.0000001,14.11
2012-12-04 06:52:02.0000002,14.49
2012-12-04 06:52:02.0000003,10.81
2014-05-27 10:31:46.0000001,8.42
2014-05-27 10:31:46.0000003,22.68
2014-05-27 10:31:46.0000002,20.46
2009-09-20 22:15:46.0000001,9.84
2011-06-30 08:40:22.0000001,4.76
2011-06-30 08:40:22.0000002,9.02
2010-05-10 09:14:30.0000003,7.78
2010-05-10 09:14:30.0000001,5.35
2010-05-10 09:14:30.0000002,5.58
2010-05-10 09:14:30.0000004,5.4
2010-11-25 16:10:30.0000001,16.43
2014-11-18 16:06:14.0000001,8.52
2013-01-20 20:41:26.0000003,13.62
2013-01-20 20:41:26.0000001,15.92
2015-06-07 00:38:14.0000003,7.62
2009-01-03 00:51:02.0000004,8.12
2009-01-03 00:51:02.0000003,5.08
2010-09-28 11:54:02.0000004,5.94
2010-09-28 11:54:02.0000005,8.03
2010-09-28 11:54:02.0000003,5.18
2010-09-28 11:54:02.0000001,6.88
2010-09-28 11:54:02.0000002,21.25
2013-11-07 17:01:14.0000001,43.03
2013-11-07 17:01:14.0000006,7.07
2013-11-07 17:01:14.0000002,9.04
2013-11-07 17:01:14.0000003,5.67
2013-11-07 17:01:14.0000005,5.89
2013-11-07 17:01:14.0000004,11.02
2009-11-29 08:05:46.0000001,6.48
2012-10-21 17:43:26.0000003,7.06
2012-10-21 17:43:26.0000002,10.15
2012-10-21 17:43:26.0000006,6.28
2012-10-21 17:43:26.0000001,7.64
2012-10-21 17:43:26.0000004,7.26
2012-10-21 17:43:26.0000005,7.57
2013-07-31 06:52:46.0000001,5.86
2013-02-04 12:10:10.0000002,5.93
2013-02-04 12:10:10.0000001,6.71
2013-10-18 09:06:14.0000001,6.5
2009-04-26 17:29:42.0000004,5.95
2009-04-26 17:29:42.0000002,6.66
2009-04-26 17:29:42.0000005,10.71
2009-04-26 17:29:42.0000003,7.63
2009-04-26 17:29:42.0000006,7.87
2015-04-12 21:56:22.0000004,19.35
2015-04-12 21:56:22.0000002,9.66
2015-04-12 21:56:22.0000001,56.04
2015-02-25 22:00:38.0000003,26.42
2015-02-25 22:00:38.0000006,12.48
2015-02-25 22:00:38.0000001,18.29
2015-02-25 22:00:38.0000004,11.88
2015-02-25 22:00:38.0000005,23.07
2013-12-30 00:48:42.0000003,6.34
2013-12-30 00:48:42.0000002,21.46
2013-12-30 00:48:42.0000001,9.01
2012-11-20 21:15:22.0000004,7.48
2012-11-20 21:15:22.0000001,7.16
2012-11-20 21:15:22.0000003,16.67
2012-11-20 21:15:22.0000006,8.83
2012-11-20 21:15:22.0000005,14.95
2012-11-20 21:15:22.0000002,19.54
2012-11-20 21:15:22.0000007,11.0
2010-03-21 16:52:58.0000002,30.46
2010-03-21 16:52:58.0000001,11.31
2010-03-21 16:52:58.0000004,13.91
2010-10-06 23:31:54.0000002,6.24
2013-07-09 21:59:42.0000002,41.8
2012-06-23 09:43:42.0000006,17.11
2012-06-23 09:43:42.0000001,4.94
2012-06-23 09:43:42.0000003,8.77
2012-06-23 09:43:42.0000005,5.65
2009-01-21 20:04:30.0000004,9.03
2009-01-21 20:04:30.0000008,8.4
2009-01-21 20:04:30.0000009,7.0
2009-01-21 20:04:30.0000003,8.68
2009-01-21 20:04:30.0000001,7.32
2009-01-21 20:04:30.0000005,7.15
2009-01-21 20:04:30.0000002,7.0
2009-01-21 20:04:30.0000007,5.66
2013-12-18 14:26:58.0000003,25.86
2013-12-18 14:26:58.0000001,12.35
2014-04-26 18:02:26.0000002,11.81
2014-04-26 18:02:26.0000001,9.83
2010-11-21 00:32:50.0000003,5.09
2010-11-21 00:32:50.0000002,11.99
2010-11-21 00:32:50.0000001,5.41
2013-02-07 21:29:22.0000003,9.44
2013-02-07 21:29:22.0000002,10.2
2013-02-07 21:29:22.0000004,13.97
2013-02-07 21:29:22.0000001,13.85
2010-11-15 18:15:14.0000002,8.81
2010-11-15 18:15:14.0000001,7.71
2010-11-15 18:15:14.0000003,6.2
2010-11-15 18:15:14.0000004,6.54
2013-10-26 10:46:46.0000005,8.6
2013-10-26 10:46:46.0000002,10.61
2013-10-26 10:46:46.0000004,10.54
2013-10-26 10:46:46.0000001,5.4
2013-07-18 10:24:58.0000001,6.75
2010-05-14 04:15:54.0000001,6.57
2013-09-14 18:51:46.0000002,15.15
2009-05-27 23:09:54.0000001,10.04
2013-05-23 23:54:42.0000002,10.54
2013-05-23 23:54:42.0000006,6.55
2013-05-23 23:54:42.0000001,13.43
2013-05-23 23:54:42.0000005,13.4
2013-05-23 23:54:42.0000003,9.16
2015-05-23 01:00:22.0000001,5.42
2009-11-23 19:06:14.0000004,9.03
2009-11-23 19:06:14.0000003,6.51
2009-11-23 19:06:14.0000002,5.33
2009-11-23 19:06:14.0000006,57.17
2011-06-22 00:06:34.0000001,5.97
2014-07-02 02:27:22.0000001,5.74
2012-11-18 14:55:42.0000002,7.15
2012-11-18 14:55:42.0000003,7.92
2012-11-18 14:55:42.0000004,7.47
2009-01-12 17:54:26.0000001,4.54
2012-10-10 06:59:02.0000002,9.03
2012-10-10 06:59:02.0000003,8.26
2012-10-10 06:59:02.0000001,7.62
2010-01-24 14:09:58.0000001,5.83
2010-09-01 08:23:54.0000001,13.11
2011-12-10 23:39:06.0000002,22.56
2011-05-22 03:09:50.0000002,21.65
2011-05-22 03:09:50.0000005,4.54
2011-05-22 03:09:50.0000001,5.81
2011-05-22 03:09:50.0000004,24.05
2011-05-22 03:09:50.0000003,20.05
2013-06-29 14:26:06.0000004,19.48
2013-06-29 14:26:06.0000003,6.83
2013-06-29 14:26:06.0000002,6.38
2013-06-29 14:26:06.0000001,14.5
2011-01-25 10:31:26.0000001,12.28
2011-01-25 10:31:26.0000002,7.28
2013-02-11 01:03:30.0000001,23.32
2009-12-17 15:54:46.0000005,10.22
2009-12-17 15:54:46.0000003,5.58
2009-12-17 15:54:46.0000001,9.49
2009-12-17 15:54:46.0000004,6.31
2012-03-17 05:33:02.0000001,11.11
2009-10-24 19:48:30.0000001,5.88
2009-10-24 19:48:30.0000002,7.09
2009-10-24 19:48:30.0000003,13.07
2013-03-23 00:10:26.0000004,33.86
2013-03-23 00:10:26.0000002,5.67
2013-03-23 00:10:26.0000001,43.53
2013-03-23 00:10:26.0000003,17.34
2010-06-16 18:41:54.0000001,7.1
2010-06-16 18:41:54.0000002,7.47
2011-01-15 04:13:38.0000002,3.65
2014-07-27 11:25:18.0000001,5.26
2014-07-27 11:25:18.0000002,5.22
2011-11-02 08:21:50.0000002,5.9
2015-05-16 04:37:50.0000001,11.53
2015-05-16 04:37:50.0000002,10.5
2009-03-15 03:31:14.0000002,9.93
2009-03-15 03:31:14.0000001,6.75
2014-09-08 19:07:46.0000002,13.86
2009-08-28 11:58:58.0000001,5.42
2010-04-24 23:31:50.0000001,5.71
2010-04-24 23:31:50.0000003,10.61
2013-06-13 14:50:50.0000002,15.01
2013-06-13 14:50:50.0000001,9.49
2010-07-07 06:22:38.0000002,16.79
2010-07-07 06:22:38.0000001,10.02
2009-03-24 00:11:26.0000001,8.0
2009-03-24 00:11:26.0000002,8.86
2013-10-23 14:27:10.0000001,5.72
2011-03-03 21:31:42.0000007,11.81
2011-03-03 21:31:42.0000001,6.19
2011-03-03 21:31:42.0000008,9.18
2011-03-03 21:31:42.0000006,6.08
2011-03-03 21:31:42.0000005,6.0
2011-09-05 10:47:26.0000002,14.91
2011-09-05 10:47:26.0000003,15.35
2011-09-05 10:47:26.0000004,9.92
2012-08-04 23:34:58.0000001,12.01
2012-08-04 23:34:58.0000004,4.99
2012-08-04 23:34:58.0000002,6.82
2015-01-29 13:15:50.0000003,11.97
2015-01-29 13:15:50.0000004,7.32
2015-01-29 13:15:50.0000007,10.79
2015-01-29 13:15:50.0000006,14.07
2015-01-29 13:15:50.0000008,6.35
2015-01-29 13:15:50.0000005,8.54
2015-01-29 13:15:50.0000002,6.88
2015-01-29 13:15:50.0000009,8.44
2012-09-16 12:48:06.0000004,7.25
2012-09-16 12:48:06.0000001,11.53
2012-09-16 12:48:06.0000003,14.99
2015-04-10 11:56:54.0000008,6.28
2015-04-10 11:56:54.0000001,13.8
2015-04-10 11:56:54.0000002,27.79
2015-04-10 11:56:54.0000007,60.02
2015-04-10 11:56:54.0000003,8.72
2015-05-05 12:32:14.0000007,11.03
2015-05-05 12:32:14.0000006,12.19
2015-05-05 12:32:14.0000003,10.51
2015-05-05 12:32:14.0000004,6.05
2015-05-05 12:32:14.0000002,10.45
2015-05-05 12:32:14.0000005,13.16
2015-05-05 12:32:14.0000001,17.97
2013-10-15 23:31:26.0000001,7.9
2014-08-24 01:17:38.0000001,5.78
2013-04-04 07:01:06.0000003,15.03
2013-04-04 07:01:06.0000001,5.62
2013-04-04 07:01:06.0000002,7.91
2013-06-21 18:06:14.0000001,9.87
2013-06-21 18:06:14.0000005,11.38
2013-06-21 18:06:14.0000004,6.94
2013-06-21 18:06:14.0000003,11.17
2013-06-21 18:06:14.0000006,8.28
2009-08-03 21:09:42.0000001,5.2
2009-08-03 21:09:42.0000003,6.03
2009-08-03 21:09:42.0000002,8.17
2009-08-03 21:09:42.0000004,5.77
2013-10-13 19:52:54.0000003,6.11
2013-10-13 19:52:54.0000001,6.36
2014-11-14 11:09:46.0000001,7.62
2014-11-14 11:09:46.0000002,30.8
2015-06-25 01:01:46.0000003,5.84
2015-06-25 01:01:46.0000001,9.35
2009-05-19 15:44:30.0000003,9.84
2014-01-26 08:48:30.0000001,16.71
2014-01-26 08:48:30.0000002,4.72
2012-01-19 02:06:02.0000001,4.2
2014-12-25 21:32:58.0000001,12.61
2012-08-09 07:49:02.0000001,13.0
2012-08-09 07:49:02.0000003,16.57
2012-08-09 07:49:02.0000002,7.7
2014-08-10 05:03:50.0000001,29.67
2010-01-11 15:18:14.0000002,5.84
2010-01-11 15:18:14.0000003,4.75
2010-01-11 15:18:14.0000004,8.78
2010-01-11 15:18:14.0000001,6.41
2009-11-10 15:56:38.0000006,6.79
2009-11-10 15:56:38.0000002,8.36
2009-11-10 15:56:38.0000004,9.62
2009-11-10 15:56:38.0000003,50.58
2009-11-10 15:56:38.0000005,5.51
2009-11-10 15:56:38.0000001,9.82
2012-10-18 09:17:42.0000002,8.74
2012-10-18 09:17:42.0000001,8.52
2010-12-06 13:19:58.0000003,5.61
2010-12-06 13:19:58.0000002,9.6
2010-12-06 13:19:58.0000001,7.3
2011-07-30 15:27:58.0000003,8.47
2011-07-30 15:27:58.0000002,6.67
2011-07-20 04:21:54.0000001,5.3
2011-07-20 04:21:54.0000002,7.13
2009-03-10 19:51:34.0000003,5.95
2009-03-10 19:51:34.0000004,11.17
2009-03-10 19:51:34.0000005,5.58
2009-03-10 19:51:34.0000002,12.09
2009-03-10 19:51:34.0000001,5.4
2011-11-15 22:33:42.0000001,7.48
2011-11-15 22:33:42.0000002,14.31
2010-09-24 22:40:06.0000005,7.36
2010-09-24 22:40:06.0000003,26.86
2010-09-24 22:40:06.0000006,5.16
2010-09-24 22:40:06.0000002,7.96
2010-09-24 22:40:06.0000001,6.54
2010-02-06 17:37:10.0000007,4.78
2010-02-06 17:37:10.0000004,5.74
2010-02-06 17:37:10.0000006,7.15
2010-02-06 17:37:10.0000003,4.96
2012-05-11 02:43:18.0000002,6.92
2012-05-11 02:43:18.0000001,5.16
2011-09-25 21:18:06.0000001,8.99
2011-09-25 21:18:06.0000002,11.83
2013-12-18 03:16:02.0000001,14.89
2012-01-26 01:32:42.0000001,8.09
2012-01-26 01:32:42.0000002,4.44
2011-10-02 03:06:34.0000001,7.03
2012-03-31 12:52:46.0000002,6.31
2012-03-31 12:52:46.0000001,18.47
2014-06-15 00:51:42.0000001,14.79
2009-04-21 17:27:58.0000001,9.48
2009-04-21 17:27:58.0000002,6.1
2012-08-13 15:02:26.0000002,5.49
2012-08-13 15:02:26.0000003,6.63
2014-10-27 11:56:50.0000001,6.75
2014-10-27 11:56:50.0000002,19.33
2014-10-27 11:56:50.0000003,11.82
2009-09-29 18:03:18.0000001,11.97
2011-10-30 16:52:26.0000001,5.43
2011-10-30 16:52:26.0000002,5.15
2014-11-24 23:39:26.0000002,16.63
2014-11-24 23:39:26.0000001,28.5
2011-08-16 14:41:50.0000001,9.33
2011-08-16 14:41:50.0000003,5.87
2011-08-16 14:41:50.0000002,9.54
2013-01-14 18:42:54.0000002,20.54
2013-01-14 18:42:54.0000006,6.4
2013-01-14 18:42:54.0000001,5.1
2013-01-14 18:42:54.0000007,4.97
2013-01-14 18:42:54.0000008,9.82
2009-04-18 23:09:34.0000002,13.41
2009-11-11 21:20:18.0000001,5.35
2009-11-11 21:20:18.0000003,19.14
2012-07-24 01:12:50.0000004,18.6
2012-07-24 01:12:50.0000003,6.16
2012-07-24 01:12:50.0000001,14.15
2012-07-24 01:12:50.0000002,6.33
2012-07-24 01:12:50.0000005,12.78
2009-04-18 02:44:34.0000003,8.38
2009-04-18 02:44:34.0000002,15.27
2014-07-18 06:32:22.0000001,7.96
2014-01-10 12:28:38.0000001,10.44
2011-08-08 15:27:22.0000001,4.44
2014-07-30 14:42:34.0000001,7.77
2014-07-30 14:42:34.0000003,28.36
2014-07-30 14:42:34.0000002,15.39
2014-08-26 16:39:54.0000002,15.56
2014-10-11 00:26:38.0000002,14.82
2014-10-11 00:26:38.0000003,12.41
2014-10-11 00:26:38.0000001,8.65
2014-10-11 00:26:38.0000005,11.09
2014-10-11 00:26:38.0000007,5.77
2014-10-11 00:26:38.0000006,21.59
2009-08-15 14:25:02.0000001,11.16
2009-09-22 06:43:46.0000001,5.76
2014-05-14 00:00:34.0000001,8.14
2014-05-14 00:00:34.0000002,10.58
2014-10-14 01:57:26.0000001,6.71
2009-05-31 20:56:38.0000002,38.53
2009-05-31 20:56:38.0000003,7.95
2009-05-31 20:56:38.0000001,5.54
2009-07-11 12:59:58.0000001,7.86
2010-06-02 15:33:06.0000001,5.32
2010-06-02 15:33:06.0000002,5.65
2010-06-02 15:33:06.0000003,4.97
2010-01-30 02:13:06.0000002,4.29
2010-01-30 02:13:06.0000001,4.16
2010-01-30 02:13:06.0000003,9.78
2014-01-05 17:47:02.0000003,7.99
2014-01-05 17:47:02.0000002,11.02
2009-03-21 09:59:50.0000003,47.79
2009-03-21 09:59:50.0000002,11.14
2009-03-21 09:59:50.0000001,5.35
2009-08-26 23:55:38.0000002,10.24
2009-06-09 15:10:50.0000002,49.76
2009-06-09 15:10:50.0000001,5.04
2011-09-18 06:14:54.0000001,7.9
2009-03-27 16:05:22.0000004,31.77
2009-03-27 16:05:22.0000005,5.58
2009-03-27 16:05:22.0000001,9.26
2009-03-27 16:05:22.0000006,6.63
2009-03-27 16:05:22.0000003,9.59
2009-03-27 16:05:22.0000002,6.56
2015-05-29 10:02:42.0000005,9.41
2015-05-29 10:02:42.0000003,8.03
2015-05-29 10:02:42.0000004,8.72
2012-09-07 23:20:34.0000004,16.28
2012-09-07 23:20:34.0000003,12.06
2012-09-07 23:20:34.0000001,6.54
2014-03-07 10:36:50.0000002,7.74
2014-03-07 10:36:50.0000001,9.08
2013-03-17 23:47:50.0000002,17.43
2013-03-17 23:47:50.0000001,7.23
2015-06-30 20:03:50.0000005,9.67
2015-06-30 20:03:50.0000001,123.05
2015-06-30 20:03:50.0000003,12.08
2015-06-30 20:03:50.0000004,7.22
2015-05-11 02:21:26.0000002,5.96
2015-05-11 02:21:26.0000001,13.18
2015-01-10 14:32:14.0000001,10.58
2014-12-05 14:14:14.0000001,11.2
2014-12-05 14:14:14.0000002,12.85
2012-04-23 12:23:18.0000001,6.64
2012-04-23 12:23:18.0000003,6.02
2012-04-23 12:23:18.0000002,32.15
2012-09-01 13:33:14.0000003,8.29
2012-09-01 13:33:14.0000002,10.15
2012-09-01 13:33:14.0000001,16.05
2011-04-17 14:55:58.0000001,4.41
2010-05-31 20:43:42.0000002,7.96
2013-11-22 23:44:34.0000002,14.44
2013-11-22 23:44:34.0000001,8.09
2013-05-17 05:30:10.0000002,13.91
2013-05-17 05:30:10.0000001,8.47
2009-07-28 11:13:10.0000001,11.05
2014-05-18 14:43:26.0000001,11.8
2014-05-18 14:43:26.0000002,6.69
2014-05-18 14:43:26.0000003,7.01
2011-10-08 18:18:26.0000005,10.14
2011-10-08 18:18:26.0000001,5.11
2011-10-08 18:18:26.0000004,14.09
2013-09-27 04:39:14.0000001,5.74
2011-02-08 01:44:18.0000001,11.35
2015-01-12 06:21:38.0000001,8.82
2015-01-12 06:21:38.0000002,22.81
2010-03-23 13:23:34.0000004,6.5
2010-03-23 13:23:34.0000002,15.11
2010-03-23 13:23:34.0000001,6.0
2009-04-02 06:19:02.0000001,11.48
2012-01-12 18:05:10.0000003,8.24
2012-01-12 18:05:10.0000001,23.41
2014-11-21 02:04:42.0000002,11.26
2014-11-21 02:04:42.0000003,13.79
2014-11-21 02:04:42.0000001,25.95
2010-10-09 03:54:42.0000001,6.48
2012-04-03 12:26:14.0000002,5.18
2012-04-03 12:26:14.0000001,36.81
2012-04-03 12:26:14.0000003,11.88
2010-12-21 08:46:02.0000005,10.56
2010-12-21 08:46:02.0000004,8.58
2010-12-21 08:46:02.0000003,10.08
2010-06-19 22:52:30.0000002,5.83
2010-06-19 22:52:30.0000001,11.01
2013-01-03 01:43:10.0000001,22.85
2013-11-24 03:44:46.0000004,12.4
2013-11-24 03:44:46.0000002,19.54
2013-11-24 03:44:46.0000005,15.9
2011-04-16 12:57:18.0000001,6.24
2012-10-11 22:24:18.0000001,10.81
2010-12-13 23:24:02.0000002,8.35
2010-12-13 23:24:02.0000001,9.42
2011-09-14 23:42:46.0000001,11.8
2011-05-17 23:42:46.0000001,5.21
2011-05-17 23:42:46.0000004,44.78
2011-05-17 23:42:46.0000002,10.11
2011-05-17 23:42:46.0000005,5.29
2011-05-17 23:42:46.0000007,8.54
2013-06-30 03:37:26.0000002,6.26
2013-06-30 03:37:26.0000005,19.81
2013-06-30 03:37:26.0000001,4.92
2013-06-30 03:37:26.0000004,17.36
2011-05-26 21:36:54.0000001,6.82
2009-11-09 06:00:22.0000001,6.12
2014-01-09 17:27:18.0000002,40.61
2014-01-09 17:27:18.0000001,5.98
2014-01-09 17:27:18.0000005,10.31
2014-01-09 17:27:18.0000006,5.84
2014-01-09 17:27:18.0000007,7.77
2012-07-01 00:24:58.0000003,7.28
2012-07-01 00:24:58.0000001,8.77
2012-07-01 00:24:58.0000002,13.32
2010-06-02 14:55:22.0000003,6.87
2010-06-02 14:55:22.0000002,5.1
2010-06-02 14:55:22.0000004,7.05
2010-06-02 14:55:22.0000006,7.43
2010-06-02 14:55:22.0000001,12.28
2010-06-02 14:55:22.0000005,8.48
2013-03-07 08:50:34.0000001,19.33
2013-03-07 08:50:34.0000005,6.76
2013-03-07 08:50:34.0000002,9.78
2013-03-07 08:50:34.0000006,13.57
2013-03-07 08:50:34.0000003,13.12
2013-03-07 08:50:34.0000004,12.25
2013-10-28 00:33:30.0000001,7.1
2013-11-23 16:33:30.0000003,14.05
2013-11-23 16:33:30.0000001,7.78
2014-11-06 07:56:46.0000002,7.99
2014-11-06 07:56:46.0000001,7.92
2013-04-05 12:38:22.0000001,17.63
2014-11-06 02:02:10.0000001,6.72
2012-10-09 07:47:46.0000002,9.92
2012-10-09 07:47:46.0000001,12.08
2012-10-09 07:47:46.0000003,9.63
2012-10-09 07:47:46.0000004,10.0
2012-10-09 07:47:46.0000005,5.47
2013-11-21 22:21:58.0000001,19.26
2014-12-20 01:57:26.0000001,8.7
2014-12-20 01:57:26.0000004,7.23
2014-12-20 01:57:26.0000003,11.73
2014-12-20 01:57:26.0000002,6.85
2010-01-09 13:24:22.0000003,5.89
2011-11-02 02:18:18.0000001,20.72
2009-03-11 21:46:54.0000003,9.06
2009-03-11 21:46:54.0000005,15.68
2009-03-11 21:46:54.0000001,8.32
2009-03-11 21:46:54.0000004,27.34
2014-12-07 03:45:18.0000001,8.36
2014-12-07 03:45:18.0000002,16.16
2014-12-07 03:45:18.0000004,15.61
2014-12-07 03:45:18.0000003,8.32
2014-11-29 19:23:58.0000001,12.04
2010-03-04 09:49:38.0000002,18.48
2010-03-04 09:49:38.0000001,8.66
2010-03-04 09:49:38.0000003,4.71
2009-10-10 06:52:06.0000001,5.53
2009-10-10 06:52:06.0000002,11.33
2012-08-22 20:54:46.0000003,8.56
2012-08-22 20:54:46.0000001,11.08
2012-08-22 20:54:46.0000002,6.74
2015-05-01 07:49:14.0000001,4.93
2009-02-21 20:49:34.0000001,8.61
2012-08-10 14:04:14.0000005,8.65
2012-08-10 14:04:14.0000006,24.45
2012-08-10 14:04:14.0000004,6.03
2012-08-10 14:04:14.0000003,6.01
2012-08-10 14:04:14.0000007,6.45
2012-08-10 14:04:14.0000002,9.89
2013-05-10 21:08:18.0000002,19.87
2013-05-10 21:08:18.0000003,8.72
2013-05-10 21:08:18.0000005,5.64
2013-05-10 21:08:18.0000004,14.39
2013-05-10 21:08:18.0000001,5.32
2009-09-25 12:59:18.0000001,7.94
2014-08-02 21:05:42.0000002,14.75
2014-08-02 21:05:42.0000001,6.53
2013-10-29 20:16:10.0000002,5.75
2013-10-29 20:16:10.0000001,16.72
2009-11-11 22:49:46.0000003,9.44
2009-11-11 22:49:46.0000002,7.65
2009-11-11 22:49:46.0000001,5.33
2009-10-17 03:52:42.0000002,6.85
2009-10-17 03:52:42.0000007,5.45
2009-10-17 03:52:42.0000006,6.41
2009-10-17 03:52:42.0000003,16.13
2009-10-17 03:52:42.0000001,6.39
2009-10-17 03:52:42.0000004,5.53
2014-02-27 09:36:26.0000007,11.13
2014-02-27 09:36:26.0000008,8.01
2014-02-27 09:36:26.0000002,5.76
2014-02-27 09:36:26.0000005,5.6
2014-02-27 09:36:26.0000003,6.47
2014-02-27 09:36:26.0000006,10.98
2014-02-27 09:36:26.0000004,13.87
2014-02-27 09:36:26.0000009,5.39
2012-12-26 17:12:30.0000003,10.7
2012-12-26 17:12:30.0000005,23.84
2012-12-26 17:12:30.0000001,8.74
2012-12-26 17:12:30.0000004,9.16
2014-03-11 20:24:02.0000003,7.75
2014-03-11 20:24:02.0000002,6.8
2014-03-11 20:24:02.0000004,7.31
2011-01-29 09:28:38.0000002,6.41
2011-01-29 09:28:38.0000001,7.32
2011-01-29 09:28:38.0000003,6.67
2011-01-29 09:28:38.0000005,5.56
2011-01-29 09:28:38.0000004,6.78
2015-05-07 15:33:26.0000003,6.16
2015-05-07 15:33:26.0000007,7.15
2015-05-07 15:33:26.0000001,11.41
2015-05-07 15:33:26.0000002,14.26
2015-05-07 15:33:26.0000006,6.88
2010-10-25 13:31:22.0000003,4.91
2010-10-25 13:31:22.0000002,15.66
2010-10-25 13:31:22.0000001,5.0
2010-10-25 13:31:22.0000004,10.05
2012-09-10 21:07:54.0000005,19.81
2012-09-10 21:07:54.0000004,12.18
2012-09-10 21:07:54.0000003,5.5
2012-09-10 21:07:54.0000007,10.01
2012-09-10 21:07:54.0000002,11.44
2012-09-10 21:07:54.0000006,8.22
2012-09-10 21:07:54.0000001,7.05
2012-04-15 21:54:22.0000001,7.1
2012-04-20 00:06:10.0000007,6.38
2012-04-20 00:06:10.0000001,5.8
2012-04-20 00:06:10.0000002,8.12
2012-04-20 00:06:10.0000006,6.5
2012-04-20 00:06:10.0000005,4.87
2012-04-20 00:06:10.0000008,12.62
2012-06-12 23:10:42.0000001,12.36
2012-06-12 23:10:42.0000003,11.36
2012-06-12 23:10:42.0000002,38.44
2009-04-30 22:25:26.0000004,13.6
2009-04-30 22:25:26.0000003,11.9
2009-04-30 22:25:26.0000002,6.83
2009-04-30 22:25:26.0000001,6.39
2011-02-20 06:18:34.0000001,33.0
2011-02-20 06:18:34.0000002,5.38
2013-04-21 19:50:54.0000003,37.71
2011-06-11 21:33:18.0000001,11.94
2013-02-06 18:21:18.0000006,8.72
2013-02-06 18:21:18.0000002,9.81
2013-02-06 18:21:18.0000003,13.55
2013-02-06 18:21:18.0000004,6.46
2014-05-01 21:05:34.0000002,5.65
2014-05-01 21:05:34.0000003,16.89
2013-07-21 11:41:26.0000001,15.82
2013-07-21 11:41:26.0000002,5.05
2011-04-22 19:23:54.0000001,11.41
2011-04-22 19:23:54.0000003,6.24
2011-04-22 19:23:54.0000002,49.85
2012-09-04 05:46:50.0000001,5.85
2012-09-04 05:46:50.0000002,26.42
2009-03-24 11:57:34.0000005,12.93
2009-03-24 11:57:34.0000004,5.57
2009-03-24 11:57:34.0000003,4.75
2009-03-24 11:57:34.0000002,4.65
2009-03-24 11:57:34.0000001,6.0
2011-07-05 22:05:34.0000001,8.33
2011-09-17 15:41:06.0000001,6.93
2011-09-17 15:41:06.0000003,5.8
2011-12-25 04:37:10.0000001,7.69
2015-03-05 13:21:58.0000002,12.16
2015-03-05 13:21:58.0000003,7.86
2014-09-01 09:16:10.0000001,8.36
2015-06-21 17:16:10.0000007,7.39
2015-06-21 17:16:10.0000002,13.71
2015-06-21 17:16:10.0000006,13.37
2015-06-21 17:16:10.0000003,11.64
2015-06-21 17:16:10.0000004,10.02
2010-06-02 22:04:10.0000003,7.51
2010-06-02 22:04:10.0000004,15.04
2010-06-02 22:04:10.0000005,7.87
2010-06-02 22:04:10.0000006,5.81
2014-03-01 09:37:02.0000001,5.54
2014-03-01 09:37:02.0000002,6.11
2014-03-01 09:37:02.0000003,57.97
2011-07-18 12:12:18.0000001,5.76
2011-07-18 12:12:18.0000003,5.13
2011-07-18 12:12:18.0000002,6.97
2015-02-27 19:36:02.0000009,14.48
2015-02-27 19:36:02.00000010,5.62
2015-02-27 19:36:02.00000012,16.39
2015-02-27 19:36:02.0000004,6.64
2015-02-27 19:36:02.00000011,9.45
2015-02-27 19:36:02.0000003,10.09
2015-02-27 19:36:02.0000001,30.97
2015-02-27 19:36:02.0000002,7.44
2015-02-27 19:36:02.0000007,23.06
2012-04-16 21:10:10.0000001,10.07
2015-06-14 08:26:26.0000001,5.25
2014-01-15 22:45:42.0000003,6.68
2014-01-15 22:45:42.0000001,61.12
2014-01-15 22:45:42.0000002,13.01
2013-04-06 19:16:10.0000001,4.85
2013-04-06 19:16:10.0000003,9.27
2013-04-06 19:16:10.0000004,7.43
2013-04-06 19:16:10.0000005,13.28
2014-03-08 16:08:26.0000002,14.53
2014-03-08 16:08:26.0000004,5.24
2013-12-06 23:40:42.0000001,9.7
2013-12-06 23:40:42.0000006,43.04
2013-12-06 23:40:42.0000002,36.61
2013-12-06 23:40:42.0000003,13.88
2013-08-19 17:09:50.0000001,5.79
2013-08-19 17:09:50.0000002,12.77
2013-08-19 17:09:50.0000004,6.81
2013-08-19 17:09:50.0000003,12.79
2009-11-02 21:38:38.0000001,11.12
2009-06-03 09:11:30.0000004,8.76
2009-06-03 09:11:30.0000003,13.07
2009-06-03 09:11:30.0000002,7.36
2009-06-03 09:11:30.0000005,5.35
2015-03-12 13:01:54.0000002,9.41
2015-03-12 13:01:54.0000005,14.44
2015-03-12 13:01:54.0000004,10.39
2015-03-12 13:01:54.0000001,6.75
2013-02-05 06:13:58.0000003,14.66
2013-02-05 06:13:58.0000002,56.14
2013-02-05 06:13:58.0000001,18.46
2014-05-19 06:39:34.0000001,5.86
2014-10-04 21:48:22.0000003,7.57
2014-10-04 21:48:22.0000002,9.22
2014-10-04 21:48:22.0000004,30.98
2012-01-22 04:13:34.0000005,10.6
2012-01-22 04:13:34.0000006,5.33
2012-01-22 04:13:34.0000004,8.78
2012-01-22 04:13:34.0000002,11.88
2010-07-27 06:13:02.0000001,21.72
2013-06-21 11:19:18.0000002,5.63
2013-06-21 11:19:18.0000001,10.64
2010-12-23 05:52:26.0000001,28.37
2010-12-23 05:52:26.0000002,49.1
2010-12-17 10:33:34.0000004,6.98
2010-12-17 10:33:34.0000002,5.8
2012-06-04 11:34:58.0000003,9.95
2012-06-04 11:34:58.0000004,6.92
2012-06-04 11:34:58.0000001,16.81
2009-07-05 16:31:30.0000001,5.23
2009-07-05 16:31:30.0000002,6.41
2009-07-05 16:31:30.0000003,26.72
2012-12-08 20:08:38.0000004,5.53
2012-12-08 20:08:38.0000003,12.39
2012-12-08 20:08:38.0000005,12.7
2010-06-23 08:34:50.0000003,9.83
2010-06-23 08:34:50.0000002,5.68
2010-06-23 08:34:50.0000001,6.15
2012-03-07 10:57:46.0000001,8.46
2012-03-07 10:57:46.0000004,15.02
2012-03-07 10:57:46.0000005,6.43
2012-03-07 10:57:46.0000002,7.82
2012-03-07 10:57:46.0000003,7.68
2010-02-24 07:06:54.0000001,7.49
2013-12-29 01:20:50.0000003,18.42
2013-12-29 01:20:50.0000001,7.94
2014-03-28 22:34:26.0000001,22.83
2014-03-28 22:34:26.0000004,5.86
2014-03-28 22:34:26.0000003,9.55
2010-12-04 21:08:38.0000002,11.39
2010-12-04 21:08:38.0000001,19.75
2010-12-04 21:08:38.0000006,7.59
2010-12-04 21:08:38.0000003,6.72
2010-03-07 17:09:42.0000002,22.22
2010-03-07 17:09:42.0000003,6.7
2010-03-07 17:09:42.0000001,12.01
2010-03-07 17:09:42.0000004,12.62
2013-09-07 19:43:18.0000004,14.58
2013-09-07 19:43:18.0000005,19.52
2013-09-07 19:43:18.0000006,12.46
2013-09-07 19:43:18.0000008,10.35
2013-09-07 19:43:18.0000001,8.48
2013-12-20 15:31:06.0000001,10.11
2013-12-20 15:31:06.0000002,10.92
2010-09-06 04:31:54.0000001,23.76
2013-11-01 05:26:54.0000001,55.49
2010-03-07 00:47:26.0000004,16.42
2012-03-20 01:55:42.0000001,19.35
2011-10-02 05:06:46.0000001,14.73
2010-10-31 18:45:58.0000003,5.18
2010-10-31 18:45:58.0000002,18.96
2010-10-31 18:45:58.0000001,8.15
2010-10-31 18:45:58.0000005,5.19
2015-02-03 09:00:58.0000002,10.74
2012-08-08 08:58:50.0000001,6.78
2012-08-08 08:58:50.0000004,5.66
2012-08-08 08:58:50.0000005,7.5
2012-08-08 08:58:50.0000003,8.15
2011-04-08 15:01:02.0000001,10.42
2011-04-08 15:01:02.0000003,6.47
2009-01-14 03:42:38.0000001,10.37
2015-01-10 09:38:54.0000007,14.12
2015-01-10 09:38:54.0000003,7.08
2015-01-10 09:38:54.0000004,15.57
2010-12-04 09:25:10.0000001,10.97
2010-12-04 09:25:10.0000002,8.24
2009-05-12 17:08:06.0000001,14.17
2013-11-07 02:07:22.0000001,16.84
2014-10-03 00:50:06.0000004,14.49
2014-10-03 00:50:06.0000001,6.43
2014-10-03 00:50:06.0000002,13.43
2010-06-18 19:19:26.0000001,31.46
2010-06-18 19:19:26.0000002,4.95
2010-06-18 19:19:26.0000003,6.89
2010-05-10 03:55:14.0000001,10.08
2013-06-21 00:00:34.0000001,21.25
2013-06-21 00:00:34.0000002,20.44
2013-06-21 00:00:34.0000003,12.81
2009-03-11 16:02:14.0000006,7.17
2009-03-11 16:02:14.0000004,7.28
2009-03-11 16:02:14.0000002,10.34
2009-03-11 16:02:14.0000001,5.05
2009-03-11 16:02:14.0000005,7.21
2009-03-11 16:02:14.0000003,6.35
2013-07-05 17:38:14.0000001,9.97
2013-08-26 01:11:14.0000002,11.72
2013-08-26 01:11:14.0000001,9.53
2012-07-30 01:49:10.0000001,5.68
2012-07-30 01:49:10.0000002,23.05
2011-05-13 03:57:10.0000001,5.84
2012-02-29 12:03:34.0000004,11.54
2012-02-29 12:03:34.0000002,5.49
2012-02-29 12:03:34.0000001,9.17
2013-12-17 17:59:22.0000001,6.13
2012-09-18 09:58:54.0000003,9.29
2012-09-18 09:58:54.0000002,36.2
2012-09-18 09:58:54.0000001,9.94
2013-07-23 18:56:30.0000002,6.09
2013-07-23 18:56:30.0000001,5.71
2014-05-15 01:39:14.0000001,29.79
2013-09-16 14:16:34.0000003,7.63
2013-09-16 14:16:34.0000001,36.86
2014-01-04 17:27:38.0000001,28.49
2014-01-04 17:27:38.0000002,10.21
2014-01-04 17:27:38.0000003,10.82
2011-03-10 18:16:14.0000003,6.92
2011-03-10 18:16:14.0000004,5.98
2011-03-10 18:16:14.0000001,5.18
2013-04-05 06:42:26.0000002,8.64
2013-04-05 06:42:26.0000001,15.08
2009-03-11 12:01:30.0000001,14.03
2009-03-11 12:01:30.0000002,5.51
2009-03-11 12:01:30.0000004,7.04
2015-01-20 05:31:06.0000001,59.68
2009-08-03 17:06:06.0000001,6.04
2014-01-05 08:51:10.0000001,6.58
2010-03-13 01:23:10.0000002,20.91
2010-03-13 01:23:10.0000003,5.09
2012-05-30 02:28:50.0000001,11.51
2012-07-26 12:40:38.0000002,7.43
2012-07-26 12:40:38.0000001,35.75
2012-07-26 12:40:38.0000003,9.25
2010-09-22 16:28:54.0000003,6.5
2010-09-22 16:28:54.0000001,7.1
2010-09-22 16:28:54.0000002,30.79
2014-05-26 22:57:10.0000002,6.1
2014-05-26 22:57:10.0000003,14.96
2014-05-26 22:57:10.0000005,6.51
2014-05-26 22:57:10.0000004,12.25
2012-02-11 07:03:34.0000001,4.85
2010-06-27 05:03:38.0000001,6.07
2014-09-29 11:51:06.0000001,20.74
2014-09-29 11:51:06.0000002,6.83
2010-09-04 18:31:42.0000002,12.17
2010-09-04 18:31:42.0000001,22.55
2015-04-14 19:20:46.0000001,10.56
2015-04-14 19:20:46.0000005,5.6
2015-04-14 19:20:46.00000010,6.79
2015-04-14 19:20:46.0000007,6.43
2015-04-14 19:20:46.0000004,6.35
2015-04-14 19:20:46.0000003,11.82
2015-04-14 19:20:46.0000006,7.75
2015-04-14 19:20:46.0000002,8.39
2015-04-14 19:20:46.0000009,10.93
2009-07-20 08:53:34.0000002,5.34
2009-07-20 08:53:34.0000001,6.94
2013-04-03 16:09:02.0000002,4.64
2013-04-03 16:09:02.0000001,79.39
2009-11-20 23:19:58.0000001,7.18
2009-11-20 23:19:58.0000002,9.81
2012-08-04 09:01:54.0000002,10.56
2012-08-04 09:01:54.0000001,4.36
2011-09-22 20:05:22.0000007,8.71
2011-09-22 20:05:22.0000001,10.44
2011-09-22 20:05:22.0000005,10.74
2011-09-22 20:05:22.0000006,5.94
2014-08-09 01:27:30.0000002,6.95
2011-02-15 05:44:42.0000002,13.57
2011-02-15 05:44:42.0000001,50.79
2014-10-31 12:04:26.0000002,35.97
2014-10-31 12:04:26.0000001,6.79
2015-02-09 07:16:26.0000006,5.72
2015-02-09 07:16:26.0000004,6.59
2015-02-09 07:16:26.0000007,5.65
2015-02-09 07:16:26.0000001,5.8
2015-02-09 07:16:26.0000002,12.95
2015-02-09 07:16:26.0000008,6.51
2015-02-09 07:16:26.0000003,9.89
2011-09-08 17:26:34.0000001,8.55
2011-09-08 17:26:34.0000003,12.31
2011-09-08 17:26:34.0000002,11.92
2011-09-08 17:26:34.0000004,6.79
2013-04-10 21:03:42.0000004,6.04
2013-04-10 21:03:42.0000005,10.46
2013-04-10 21:03:42.0000003,6.56
2013-04-10 21:03:42.0000002,12.2
2013-04-10 21:03:42.0000001,7.45
2011-12-29 19:29:50.0000003,7.63
2011-12-29 19:29:50.0000004,14.65
2011-12-29 19:29:50.0000001,9.68
2013-09-26 15:50:06.0000003,5.82
2013-09-26 15:50:06.0000005,18.36
2013-09-26 15:50:06.0000002,7.38
2013-09-26 15:50:06.0000001,13.22
2013-09-26 15:50:06.0000004,6.91
2012-10-01 07:18:06.0000001,6.33
2012-10-01 07:18:06.0000002,7.48
2013-03-14 21:43:46.0000001,15.72
2012-10-05 23:47:02.0000001,9.5
2009-02-08 00:04:06.0000004,12.55
2009-02-08 00:04:06.0000002,31.8
2012-02-04 22:47:18.0000001,5.45
2012-02-04 22:47:18.0000003,6.29
2012-05-06 03:01:10.0000003,5.02
2012-05-06 03:01:10.0000002,12.29
2014-07-08 08:56:58.0000001,7.59
2010-01-09 08:29:14.0000003,4.32
2010-01-09 08:29:14.0000002,7.55
2010-01-09 08:29:14.0000001,14.54
2010-01-09 08:29:14.0000004,4.69
2010-12-06 03:36:58.0000001,5.3
2011-10-19 05:25:18.0000002,28.98
2011-10-19 05:25:18.0000001,7.38
2014-06-14 08:13:22.0000002,16.79
2014-06-14 08:13:22.0000003,22.23
2014-06-14 08:13:22.0000001,14.75
2011-02-19 10:14:58.0000002,5.59
2014-12-25 03:10:26.0000001,12.91
2009-06-16 14:32:38.0000003,5.98
2009-06-16 14:32:38.0000001,8.26
2009-06-16 14:32:38.0000005,6.17
2009-06-16 14:32:38.0000006,7.01
2009-06-16 14:32:38.0000002,8.17
2009-06-16 14:32:38.0000004,17.51
2010-08-16 17:14:18.0000001,49.65
2013-04-29 09:18:06.0000004,7.16
2013-04-29 09:18:06.0000002,37.72
2013-04-29 09:18:06.0000005,9.38
2013-04-29 09:18:06.0000001,22.59
2013-04-29 09:18:06.0000003,11.94
2013-06-23 14:52:34.0000002,27.61
2013-06-23 14:52:34.0000001,5.6
2013-03-28 05:22:58.0000001,7.27
2015-06-08 20:18:30.0000006,9.56
2015-06-08 20:18:30.0000003,6.58
2015-06-08 20:18:30.0000002,16.8
2015-06-08 20:18:30.0000001,10.44
2015-06-08 20:18:30.0000004,10.87
2015-06-08 20:18:30.0000005,17.28
2011-09-08 13:39:06.0000001,6.58
2012-03-03 02:30:54.0000001,6.55
2012-03-03 02:30:54.0000002,8.33
2012-03-03 02:30:54.0000004,11.19
2010-03-27 20:11:10.0000003,5.57
2010-03-27 20:11:10.0000001,8.36
2010-03-27 20:11:10.0000002,11.33
2009-08-11 22:40:02.0000002,8.73
2009-08-11 22:40:02.0000003,37.97
2009-08-11 22:40:02.0000004,5.55
2009-08-11 22:40:02.0000005,15.68
2009-08-11 22:40:02.0000001,4.94
2012-12-27 21:01:54.0000001,7.67
2012-12-27 21:01:54.0000003,6.72
2012-12-27 21:01:54.0000006,9.45
2012-12-27 21:01:54.0000007,16.33
2012-12-27 21:01:54.0000008,11.24
2015-04-16 18:45:22.0000003,7.7
2015-04-16 18:45:22.0000002,6.86
2015-04-16 18:45:22.0000001,11.78
2015-04-16 18:45:22.0000005,19.42
2014-05-17 10:51:46.0000001,7.66
2014-05-17 10:51:46.0000004,6.55
2014-05-17 10:51:46.0000002,29.58
2009-05-04 11:23:18.0000001,8.23
2009-05-04 11:23:18.0000003,6.65
2009-05-04 11:23:18.0000002,8.47
2013-07-22 14:30:06.0000002,5.48
2013-07-22 14:30:06.0000001,16.07
2015-05-31 20:48:54.0000005,5.8
2015-05-31 20:48:54.0000004,7.22
2015-05-31 20:48:54.0000001,5.08
2010-07-16 06:44:06.0000001,6.61
2010-07-16 06:44:06.0000003,13.68
2010-07-16 06:44:06.0000004,18.37
2010-07-16 06:44:06.0000002,16.03
2013-01-06 12:39:54.0000003,7.33
2013-01-06 12:39:54.0000001,6.55
2013-01-06 12:39:54.0000004,7.81
2013-01-06 12:39:54.0000002,6.16
2013-01-06 12:39:54.0000005,4.99
2012-12-15 15:55:42.0000001,9.2
2012-12-15 15:55:42.0000002,10.31
2010-05-06 11:35:26.0000001,6.47
2010-05-06 11:35:26.0000003,2.5
2014-01-06 10:16:02.0000001,18.59
2014-01-06 10:16:02.0000002,6.54
2012-07-24 04:44:26.0000001,10.07
2010-08-06 15:37:14.0000007,8.08
2010-08-06 15:37:14.0000003,7.0
2010-08-06 15:37:14.0000006,9.31
2010-08-06 15:37:14.0000005,31.92
2010-08-06 15:37:14.0000004,10.44
2010-08-06 15:37:14.0000002,12.39
2010-08-06 15:37:14.0000001,6.48
2010-11-10 23:21:50.0000002,7.37
2010-11-10 23:21:50.0000003,7.61
2013-03-31 00:09:58.0000002,8.02
2013-03-31 00:09:58.0000003,10.67
2010-02-01 00:05:42.0000001,10.64
2010-02-01 00:05:42.0000002,15.87
2009-06-18 18:47:22.0000003,12.42
2009-06-18 18:47:22.0000001,8.27
2009-06-18 18:47:22.0000002,11.11
2015-01-03 08:47:26.0000001,12.34
2015-01-03 08:47:26.0000002,12.67
2014-06-20 02:16:34.0000001,8.88
2011-02-03 07:13:06.0000001,5.57
2014-01-14 18:48:06.0000007,11.71
2014-01-14 18:48:06.0000002,6.23
2014-01-14 18:48:06.0000003,5.3
2014-01-14 18:48:06.0000004,7.18
2014-01-14 18:48:06.0000001,8.66
2014-01-14 18:48:06.0000005,6.7
2014-01-14 18:48:06.0000006,7.36
2013-10-18 05:08:54.0000001,35.83
2011-07-20 08:05:02.0000003,7.83
2011-07-20 08:05:02.0000002,5.68
2011-07-20 08:05:02.0000004,8.43
2009-05-03 16:02:54.0000005,9.76
2009-05-03 16:02:54.0000003,6.44
2009-05-03 16:02:54.0000002,6.74
2009-05-03 16:02:54.0000001,15.56
2012-09-06 17:58:06.0000001,4.96
2012-09-06 17:58:06.0000003,11.15
2014-04-06 16:47:14.0000003,6.63
2014-09-06 03:52:50.0000002,11.91
2013-07-27 09:59:18.0000001,7.38
2014-12-26 20:19:38.0000002,7.47
2014-01-01 13:06:34.0000001,6.01
2011-12-25 15:35:54.0000003,7.3
2011-12-25 15:35:54.0000004,8.03
2015-05-14 23:11:58.0000001,17.18
2015-05-14 23:11:58.0000007,10.15
2015-05-14 23:11:58.0000003,7.77
2015-05-14 23:11:58.0000005,8.22
2015-05-14 23:11:58.0000008,9.67
2015-05-14 23:11:58.0000002,13.69
2015-05-14 23:11:58.0000006,5.93
2015-04-22 09:54:06.0000002,7.19
2015-04-22 09:54:06.0000003,6.41
2009-03-22 07:02:02.0000001,9.52
2012-04-30 04:34:50.0000001,18.63
2009-01-21 09:13:50.0000003,4.71
2009-01-21 09:13:50.0000004,6.4
2009-01-21 09:13:50.0000001,8.86
2009-01-21 09:13:50.0000002,7.52
2010-06-11 18:07:10.0000002,5.74
2010-06-11 18:07:10.0000001,5.2
2010-06-11 18:07:10.0000004,12.17
2010-06-11 18:07:10.0000003,13.11
2012-09-01 19:04:18.0000002,8.2
2014-06-18 06:22:42.0000001,7.47
2014-06-18 06:22:42.0000002,11.47
2009-12-09 08:34:30.0000001,6.43
2009-12-09 08:34:30.0000002,6.06
2009-12-09 08:34:30.0000003,47.13
2009-12-09 08:34:30.0000004,49.96
2013-06-06 02:54:50.0000002,12.02
2013-06-06 02:54:50.0000003,7.24
2010-07-19 12:15:54.0000003,6.81
2010-07-19 12:15:54.0000002,11.68
2010-07-19 12:15:54.0000001,6.39
2010-07-19 12:15:54.0000004,5.56
2013-12-18 12:36:46.0000001,10.31
2013-12-18 12:36:46.0000003,40.4
2013-12-18 12:36:46.0000004,7.55
2013-12-18 12:36:46.0000002,10.71
2009-01-25 21:17:18.0000002,9.18
2009-01-25 21:17:18.0000003,6.5
2012-10-03 09:18:22.0000002,7.12
2012-10-03 09:18:22.0000003,10.64
2012-10-03 09:18:22.0000004,6.44
2012-10-03 09:18:22.0000001,14.25
2012-10-03 09:18:22.0000005,12.75
2012-06-13 19:49:50.0000003,10.92
2012-06-13 19:49:50.0000002,13.44
2012-06-13 19:49:50.0000001,5.02
2011-09-03 00:03:42.0000004,5.31
2011-09-03 00:03:42.0000009,14.75
2011-09-03 00:03:42.0000001,6.86
2011-09-03 00:03:42.0000003,5.77
2011-09-03 00:03:42.0000006,8.11
2011-09-03 00:03:42.0000002,6.81
2011-09-03 00:03:42.0000005,8.11
2009-01-27 13:27:30.0000002,11.03
2009-01-27 13:27:30.0000001,7.73
2009-07-03 00:41:38.0000001,8.93
2009-07-03 00:41:38.0000002,5.65
2010-05-29 11:51:30.0000001,5.43
2013-07-02 22:27:14.0000005,7.95
2013-07-02 22:27:14.0000003,13.04
2015-05-09 11:33:58.0000004,6.59
2015-05-09 11:33:58.0000001,8.12
2015-05-09 11:33:58.0000003,38.66
2011-07-18 00:04:54.0000002,6.53
2011-04-03 03:46:18.0000002,11.2
2009-11-03 13:04:46.0000003,6.84
2009-11-03 13:04:46.0000002,17.54
2009-11-03 13:04:46.0000001,8.98
2010-06-25 14:00:14.0000002,7.5
2010-12-20 09:39:02.0000001,13.58
2010-12-20 09:39:02.0000002,6.61
2014-05-20 14:43:10.0000001,10.2
2014-05-20 14:43:10.0000002,6.83
2010-09-16 05:07:10.0000001,6.04
2011-08-01 17:44:30.0000006,5.64
2011-08-01 17:44:30.0000005,5.68
2011-08-01 17:44:30.0000001,8.0
2011-08-01 17:44:30.0000002,7.79
2011-08-01 17:44:30.0000004,5.94
2011-03-01 07:23:14.0000003,6.25
2011-03-01 07:23:14.0000001,5.04
2011-06-24 13:23:18.0000004,14.02
2011-06-24 13:23:18.0000001,15.19
2011-06-24 13:23:18.0000002,18.07
2011-06-24 13:23:18.0000003,9.73
2013-11-19 02:41:10.0000001,8.28
2012-01-01 18:02:46.0000003,5.43
2012-01-01 18:02:46.0000002,8.28
2015-03-28 19:31:26.0000002,7.34
2015-03-28 19:31:26.0000006,8.55
2015-03-28 19:31:26.0000001,9.51
2015-03-28 19:31:26.0000005,13.89
2010-07-13 11:53:15.0000004,6.58
2010-07-13 11:53:15.0000001,11.08
2010-07-13 11:53:15.0000007,14.8
2010-07-13 11:53:15.0000002,9.43
2013-02-07 13:47:59.0000004,8.85
2013-02-07 13:47:59.0000001,4.82
2013-02-07 13:47:59.0000003,8.85
2013-08-08 14:38:43.0000001,5.23
2013-08-08 14:38:43.0000003,5.97
2015-05-19 13:58:11.0000003,38.4
2015-05-19 13:58:11.0000008,12.38
2015-05-19 13:58:11.0000005,13.03
2015-05-19 13:58:11.0000007,48.49
2015-05-19 13:58:11.0000004,7.09
2015-05-19 13:58:11.0000002,14.8
2012-07-31 22:21:11.0000001,7.21
2012-07-31 22:21:11.0000002,5.69
2013-01-03 08:50:31.0000001,11.15
2013-01-03 08:50:31.0000002,6.77
2013-01-03 08:50:31.0000007,6.74
2013-01-03 08:50:31.0000004,8.84
2013-01-03 08:50:31.0000006,26.44
2013-01-03 08:50:31.0000005,19.91
2009-04-14 17:43:23.0000003,5.84
2009-04-14 17:43:23.0000007,11.34
2009-04-14 17:43:23.0000006,8.99
2009-04-14 17:43:23.0000008,6.3
2009-04-14 17:43:23.0000004,10.82
2009-04-14 17:43:23.0000005,6.11
2009-11-19 22:48:27.0000003,8.94
2009-11-19 22:48:27.0000002,20.1
2009-11-19 22:48:27.0000004,7.32
2013-02-15 00:37:15.0000003,13.93
2013-02-15 00:37:15.0000002,12.59
2013-02-15 00:37:15.0000001,9.49
2012-03-25 04:50:39.0000002,11.49
2012-03-24 23:33:59.0000001,5.86
2012-12-26 18:28:55.0000002,7.53
2012-12-26 18:28:55.0000005,18.86
2012-12-26 18:28:55.0000001,9.94
2012-12-26 18:28:55.0000003,6.43
2012-12-26 18:28:55.0000007,24.89
2012-12-26 18:28:55.0000006,62.03
2011-07-06 19:56:23.0000004,6.87
2011-07-06 19:56:23.0000002,5.57
2011-07-06 19:56:23.0000006,15.47
2011-07-06 19:56:23.0000007,11.81
2011-07-06 19:56:23.0000003,9.82
2014-12-15 10:41:15.0000001,5.81
2014-12-15 10:41:15.0000002,24.94
2014-12-15 10:41:15.0000003,13.68
2011-08-14 21:39:31.0000001,9.81
2011-08-14 21:39:31.0000002,8.39
2010-06-06 21:04:55.0000001,6.69
2013-09-27 19:02:51.0000001,12.97
2013-09-27 19:02:51.0000003,38.05
2013-09-27 19:02:51.0000004,8.31
2013-09-27 19:02:51.0000002,8.65
2013-05-28 18:24:27.0000003,12.88
2013-05-28 18:24:27.0000001,6.53
2013-05-28 18:24:27.0000004,8.17
2013-05-28 18:24:27.0000002,5.07
2015-06-15 14:34:03.0000002,6.29
2010-07-04 16:44:11.0000001,6.86
2010-07-04 16:44:11.0000002,16.37
2014-11-26 06:46:23.0000001,17.09
2010-07-27 11:37:43.0000001,15.26
2010-07-27 11:37:43.0000003,9.79
2010-07-27 11:37:43.0000005,15.37
2010-07-27 11:37:43.0000006,9.89
2010-07-27 11:37:43.0000004,8.57
2010-07-27 11:37:43.0000002,24.8
2010-12-19 16:25:15.0000004,10.44
2010-12-19 16:25:15.0000003,6.61
2010-12-19 16:25:15.0000001,6.86
2012-08-19 12:06:39.0000001,5.83
2011-02-26 12:32:15.0000001,4.31
2011-02-26 12:32:15.0000002,9.17
2015-06-18 20:56:55.0000003,11.14
2015-06-18 20:56:55.0000005,30.08
2015-06-18 20:56:55.0000007,47.27
2015-06-18 20:56:55.0000006,5.57
2013-11-24 21:33:11.0000001,58.14
2013-11-24 21:33:11.0000002,11.37
2015-04-28 20:15:27.0000002,52.55
2015-04-28 20:15:27.0000006,7.28
2015-04-28 20:15:27.0000001,9.44
2015-04-28 20:15:27.0000005,8.57
2015-04-28 20:15:27.0000008,16.7
2013-01-23 13:49:19.0000002,9.68
2013-01-23 13:49:19.0000003,38.37
2014-03-12 19:19:31.0000003,26.38
2014-03-12 19:19:31.0000001,28.8
2014-03-12 19:19:31.0000002,8.05
2010-07-26 09:54:11.0000001,5.33
2012-01-03 08:49:15.0000002,5.34
2012-01-03 08:49:15.0000001,49.77
2012-01-03 08:49:15.0000004,4.8
2012-01-03 08:49:15.0000003,3.56
2012-11-05 14:49:19.0000002,19.79
2012-11-05 14:49:19.0000001,6.63
2012-06-09 19:03:11.0000004,8.5
2012-06-09 19:03:11.0000006,12.67
2012-06-09 19:03:11.0000002,4.96
2012-06-09 19:03:11.0000003,10.9
2012-06-09 19:03:11.0000001,11.12
2010-10-17 23:12:19.0000004,8.66
2010-10-17 23:12:19.0000005,6.71
2010-10-17 23:12:19.0000001,5.73
2010-10-17 23:12:19.0000002,10.21
2010-10-17 23:12:19.0000003,5.44
2014-06-07 12:21:11.0000001,37.22
2014-06-07 12:21:11.0000004,9.38
2011-09-08 22:37:43.0000004,5.83
2011-09-08 22:37:43.0000003,9.0
2011-09-08 22:37:43.0000005,17.55
2011-09-08 22:37:43.0000002,12.04
2014-10-30 19:25:15.0000003,56.96
2014-10-30 19:25:15.0000005,5.36
2014-10-30 19:25:15.0000001,6.01
2014-10-30 19:25:15.0000002,43.83
2014-10-30 19:25:15.0000004,10.12
2010-06-18 22:52:11.0000002,4.89
2011-02-16 05:49:51.0000001,5.91
2011-09-13 13:31:51.0000004,5.33
2011-09-13 13:31:51.0000003,51.26
2011-09-13 13:31:51.0000002,5.71
2009-09-28 04:31:39.0000001,11.53
2009-01-11 03:31:55.0000001,18.0
2009-01-11 03:31:55.0000003,11.01
2009-01-11 03:31:55.0000004,11.45
2009-01-11 03:31:55.0000002,5.97
2014-01-24 03:38:19.0000001,18.13
2014-08-06 18:03:31.0000002,11.63
2014-08-06 18:03:31.0000001,9.96
2009-08-26 00:46:43.0000001,6.33
2014-01-19 09:28:55.0000001,19.91
2010-01-27 06:01:59.0000001,5.47
2011-11-30 23:09:47.0000003,12.63
2011-11-30 23:09:47.0000002,9.9
2011-11-30 23:09:47.0000001,6.31
2014-08-03 23:37:31.0000003,12.53
2014-08-03 23:37:31.0000002,12.44
2014-08-03 23:37:31.0000001,7.23
2014-10-06 09:24:11.0000002,17.51
2014-10-06 09:24:11.0000004,39.23
2014-10-06 09:24:11.0000003,10.7
2014-10-06 09:24:11.0000001,10.33
2009-08-28 12:38:19.0000001,11.09
2009-08-28 12:38:19.0000004,17.45
2009-08-28 12:38:19.0000003,27.05
2009-08-28 12:38:19.0000002,6.77
2012-03-15 18:23:55.0000001,5.75
2012-03-15 18:23:55.0000004,11.63
2012-03-15 18:23:55.0000005,7.74
2012-03-15 18:23:55.0000003,8.82
2011-11-23 21:07:43.0000003,4.95
2011-11-23 21:07:43.0000002,12.83
2012-11-23 07:58:23.0000001,8.75
2010-11-17 19:10:23.0000007,22.16
2010-11-17 19:10:23.0000006,8.56
2010-11-17 19:10:23.0000001,5.67
2010-11-17 19:10:23.0000002,29.47
2010-11-17 19:10:23.0000008,11.75
2010-11-17 19:10:23.0000004,5.49
2015-02-14 13:15:19.0000003,14.52
2015-02-14 13:15:19.0000006,10.05
2015-02-14 13:15:19.0000004,6.3
2015-02-14 13:15:19.0000008,7.76
2015-02-14 13:15:19.0000001,23.55
2013-01-12 22:40:39.0000003,4.95
2013-01-12 22:40:39.0000004,11.56
2013-01-12 22:40:39.0000001,13.46
2013-01-12 22:40:39.0000005,7.4
2013-01-12 22:40:39.0000006,5.98
2011-04-12 12:06:07.0000002,7.02
2011-04-12 12:06:07.0000001,31.54
2010-11-04 20:14:39.0000005,5.37
2010-11-04 20:14:39.0000002,5.36
2010-11-04 20:14:39.0000004,8.14
2010-11-04 20:14:39.0000003,7.44
2010-11-04 20:14:39.0000001,6.78
2011-04-25 19:14:55.0000003,6.13
2011-04-25 19:14:55.0000001,5.62
2011-04-25 19:14:55.0000004,7.01
2011-04-25 19:14:55.0000002,5.94
2011-04-25 19:14:55.0000005,8.09
2010-02-15 14:20:31.0000001,7.45
2013-03-23 15:41:07.0000001,9.98
2013-03-23 15:41:07.0000004,7.94
2013-03-23 15:41:07.0000005,6.26
2012-12-09 06:04:39.0000001,55.0
2013-11-07 16:38:15.0000003,7.03
2013-11-07 16:38:15.0000002,9.86
2013-11-07 16:38:15.0000001,9.14
2011-08-08 11:18:15.0000004,9.94
2011-08-08 11:18:15.0000003,8.49
2011-08-08 11:18:15.0000002,7.4
2009-05-08 22:14:51.0000004,4.65
2009-05-08 22:14:51.0000001,12.03
2009-05-08 22:14:51.0000003,11.37
2012-11-15 18:22:19.0000002,12.72
2012-11-15 18:22:19.0000007,7.73
2012-11-15 18:22:19.0000003,6.08
2012-11-15 18:22:19.0000005,10.11
2012-11-15 18:22:19.0000001,21.67
2012-11-15 18:22:19.0000004,8.82
2012-11-15 18:22:19.0000006,12.84
2010-01-31 00:33:03.0000002,5.98
2010-01-31 00:33:03.0000004,4.79
2010-01-31 00:33:03.0000001,22.23
2010-01-31 00:33:03.0000007,5.65
2010-01-31 00:33:03.0000003,9.36
2012-04-20 07:30:43.0000003,5.32
2012-04-20 07:30:43.0000002,15.16
2012-04-20 07:30:43.0000004,6.14
2012-04-20 07:30:43.0000001,9.82
2009-09-29 09:38:15.0000002,6.07
2009-09-29 09:38:15.0000001,8.08
2010-12-31 05:30:19.0000002,5.99
2010-12-31 05:30:19.0000001,11.37
2009-01-18 18:22:07.0000001,19.58
2009-01-28 11:27:19.0000002,4.96
2013-05-04 05:00:43.0000001,8.93
2014-02-23 13:22:03.0000002,7.2
2014-02-23 13:22:03.0000001,6.57
2010-10-28 12:38:55.0000003,9.06
2010-10-28 12:38:55.0000002,6.02
2010-10-28 12:38:55.0000001,10.66
2015-05-20 19:39:11.0000002,17.1
2015-05-20 19:39:11.0000009,13.43
2015-05-20 19:39:11.0000001,13.19
2015-05-20 19:39:11.0000008,12.35
2015-05-20 19:39:11.0000007,32.67
2015-05-20 19:39:11.0000005,7.37
2015-05-20 19:39:11.0000006,8.72
2015-03-20 16:33:07.0000002,10.99
2015-03-20 16:33:07.0000001,7.68
2013-04-26 17:05:07.0000001,8.68
2014-01-11 17:47:47.0000005,24.83
2014-01-11 17:47:47.0000006,5.78
2014-01-11 17:47:47.0000002,18.1
2014-01-11 17:47:47.0000003,6.25
2014-01-11 17:47:47.0000004,11.47
2012-03-10 10:48:43.0000001,9.07
2012-03-10 10:48:43.0000004,11.56
2012-03-10 10:48:43.0000003,6.02
2012-03-10 10:48:43.0000005,4.21
2012-03-10 10:48:43.0000002,8.99
2012-07-12 02:46:07.0000002,22.27
2009-01-06 14:48:51.0000003,5.26
2009-01-06 14:48:51.0000002,6.43
2009-01-06 14:48:51.0000001,4.9
2015-04-15 03:30:27.0000001,5.39
2015-04-26 21:44:23.0000001,36.91
2015-04-26 21:44:23.0000003,12.31
2014-11-24 05:03:51.0000001,16.55
2014-03-05 23:16:07.0000002,43.82
2015-01-04 00:28:11.0000005,6.55
2015-01-04 00:28:11.0000001,10.02
2015-01-04 00:28:11.0000002,5.27
2015-01-04 00:28:11.0000003,10.19
2014-12-17 20:56:31.0000004,6.05
2014-12-17 20:56:31.0000002,18.17
2014-12-17 20:56:31.0000001,10.27
2010-10-04 16:17:03.0000002,5.09
2010-10-04 16:17:03.0000003,4.95
2010-10-04 16:17:03.0000005,7.12
2010-10-04 16:17:03.0000004,10.41
2010-10-09 15:48:51.0000001,5.19
2010-10-09 15:48:51.0000005,10.47
2010-10-09 15:48:51.0000002,6.19
2013-10-10 11:09:23.0000006,6.73
2013-10-10 11:09:23.0000004,9.88
2013-10-10 11:09:23.0000002,6.69
2013-10-10 11:09:23.0000003,6.75
2013-10-10 11:09:23.0000005,12.08
2010-12-14 00:39:07.0000001,19.05
2010-12-14 00:39:07.0000002,5.86
2010-12-14 00:39:07.0000003,9.14
2013-01-08 07:03:07.0000004,8.04
2013-01-08 07:03:07.0000003,13.46
2013-01-08 07:03:07.0000002,6.97
2012-10-28 17:21:19.0000004,6.25
2012-10-28 17:21:19.0000002,6.21
2010-03-10 10:37:39.0000003,6.94
2010-03-10 10:37:39.0000004,5.84
2010-03-10 10:37:39.0000001,7.26
2010-03-10 10:37:39.0000002,12.58
2012-04-27 22:32:19.0000001,4.48
2012-04-27 22:32:19.0000003,5.71
2009-04-14 06:55:19.0000001,46.64
2009-04-14 06:55:19.0000002,4.55
2013-07-22 14:22:51.0000001,22.39
2012-02-11 21:23:07.0000002,5.19
2012-02-11 21:23:07.0000001,6.24
2012-02-11 21:23:07.0000004,4.74
2012-02-11 21:23:07.0000003,5.89
2015-05-10 12:37:51.0000001,19.24
2015-05-10 12:37:51.0000004,5.43
2015-05-10 12:37:51.0000006,7.85
2010-12-11 13:31:11.0000001,9.12
2010-12-11 13:31:11.0000002,10.68
2010-03-01 22:21:55.0000001,4.92
2010-03-01 22:21:55.0000004,8.59
2014-11-03 22:00:07.0000001,7.93
2009-08-26 16:50:19.0000001,5.08
2009-08-26 16:50:19.0000002,7.47
2010-06-07 10:02:51.0000002,5.9
2010-06-07 10:02:51.0000001,6.25
2010-06-07 10:02:51.0000004,15.96
2010-06-07 10:02:51.0000003,10.63
2015-03-08 14:59:23.0000002,16.64
2015-03-08 14:59:23.0000004,59.07
2015-03-08 14:59:23.0000005,18.21
2010-12-13 05:52:47.0000001,10.15
2012-10-12 15:21:55.0000001,6.51
2011-05-17 07:53:55.0000002,5.46
2011-05-17 07:53:55.0000004,8.02
2011-05-17 07:53:55.0000001,6.37
2012-12-26 20:55:27.0000002,14.49
2012-12-26 20:55:27.0000005,12.1
2012-12-26 20:55:27.0000004,14.22
2009-02-22 14:59:11.0000001,11.66
2011-12-17 16:19:47.0000003,13.6
2011-12-17 16:19:47.0000001,12.94
2014-12-02 23:54:11.0000002,11.65
2014-12-02 23:54:11.0000001,9.11
2014-11-11 11:21:07.0000001,6.79
2014-07-11 12:35:19.0000003,11.92
2014-07-11 12:35:19.0000001,10.18
2014-07-11 12:35:19.0000002,16.83
2010-01-25 15:04:11.0000001,5.01
2010-01-25 15:04:11.0000002,8.54
2014-01-26 13:51:39.0000002,5.43
2014-01-26 13:51:39.0000003,7.36
2011-11-18 04:49:19.0000002,4.72
2011-11-18 04:49:19.0000003,47.5
2011-11-18 04:49:19.0000001,4.75
2014-11-30 15:46:23.0000001,8.18
2014-11-30 15:46:23.0000004,8.17
2014-11-30 15:46:23.0000006,37.44
2014-11-30 15:46:23.0000005,5.97
2011-08-20 15:50:39.0000002,29.68
2010-06-22 14:25:19.0000005,12.56
2010-06-22 14:25:19.0000003,6.6
2010-06-22 14:25:19.0000002,5.95
2010-06-22 14:25:19.0000006,6.25
2010-06-22 14:25:19.0000004,10.59
2010-12-06 18:51:31.0000001,8.83
2010-12-06 18:51:31.0000002,15.25
2014-05-25 19:46:59.0000004,20.9
2014-05-25 19:46:59.0000002,6.16
2014-05-25 19:46:59.0000001,7.9
2009-11-20 14:03:03.0000003,8.85
2009-11-20 14:03:03.0000004,14.18
2009-11-20 14:03:03.0000001,14.52
2009-11-20 14:03:03.0000005,8.86
2009-11-20 14:03:03.0000002,8.37
2010-09-17 18:21:11.0000001,15.8
2011-02-23 21:35:19.0000001,4.8
2011-02-23 21:35:19.0000002,11.66
2013-01-03 11:41:47.0000001,4.85
2014-04-04 05:47:11.0000001,16.84
2014-08-18 19:09:19.0000001,11.2
2014-08-18 19:09:19.0000002,15.26
2010-04-12 08:22:27.0000001,5.48
2010-04-12 08:22:27.0000002,9.67
2010-06-05 08:18:11.0000002,15.97
2010-06-05 08:18:11.0000001,4.46
2010-06-05 08:18:11.0000003,29.4
2013-05-07 23:58:31.0000001,24.24
2013-01-11 20:08:07.0000002,7.46
2013-02-17 23:55:55.0000001,12.91
2013-02-17 23:55:55.0000002,23.88
2013-02-17 23:55:55.0000003,12.52
2010-11-26 06:04:59.0000001,5.38
2013-10-09 17:27:39.0000002,10.75
2013-02-27 13:28:43.0000003,7.94
2013-02-27 13:28:43.0000001,5.83
2013-02-27 13:28:43.0000004,6.91
2013-02-27 13:28:43.0000002,5.78
2009-08-28 07:10:39.0000001,7.94
2009-08-28 07:10:39.0000002,8.62
2009-08-28 07:10:39.0000004,5.99
2009-08-28 07:10:39.0000003,5.4
2015-01-12 17:05:51.0000006,8.36
2015-01-12 17:05:51.0000007,6.27
2015-01-12 17:05:51.0000002,6.12
2015-01-12 17:05:51.0000003,5.42
2014-05-01 07:16:07.0000001,5.68
2009-01-12 07:47:39.0000004,5.29
2009-01-12 07:47:39.0000002,6.88
2009-01-12 07:47:39.0000003,7.36
2014-02-09 21:05:31.0000001,22.41
2014-02-09 21:05:31.0000002,12.0
2012-05-14 03:52:59.0000001,7.23
2011-04-28 19:39:43.0000005,6.98
2011-04-28 19:39:43.0000001,6.51
2011-04-28 19:39:43.0000002,4.74
2011-04-28 19:39:43.0000004,5.01
2010-02-15 10:14:23.0000002,9.8
2010-02-15 10:14:23.0000003,20.63
2010-02-15 10:14:23.0000004,10.3
2010-08-18 05:24:15.0000002,10.41
2010-08-18 05:24:15.0000001,9.23
2010-05-31 06:46:59.0000001,39.05
2014-11-17 00:03:47.0000002,7.32
2012-11-16 00:09:43.0000001,7.33
2012-03-09 06:03:23.0000001,12.04
2013-10-18 13:05:19.0000002,7.74
2013-10-18 13:05:19.0000001,24.2
2013-10-18 13:05:19.0000003,6.24
2010-01-16 04:52:31.0000001,35.95
2013-08-18 00:32:15.0000002,17.79
2013-08-18 00:32:15.0000001,8.48
2010-12-11 16:12:35.0000004,14.06
2010-12-11 16:12:35.0000005,9.92
2010-12-11 16:12:35.0000001,7.07
2010-12-11 16:12:35.0000002,10.41
2013-05-23 12:09:23.0000001,13.09
2013-05-23 12:09:23.0000003,5.22
2013-05-23 12:09:23.0000002,6.9
2014-12-11 08:20:39.0000003,7.35
2014-12-11 08:20:39.0000002,6.24
2011-01-28 19:41:11.0000002,4.62
2011-01-28 19:41:11.0000001,10.89
2011-03-24 04:46:51.0000001,26.99
2013-04-07 00:24:27.0000001,7.18
2013-04-07 00:24:27.0000003,6.07
2013-04-07 00:24:27.0000004,6.98
2010-08-17 21:22:39.0000002,24.17
2010-08-17 21:22:39.0000003,7.99
2010-08-17 21:22:39.0000001,6.87
2013-12-10 14:00:35.0000004,9.02
2013-12-10 14:00:35.0000001,8.74
2013-12-10 14:00:35.0000003,9.49
2011-09-18 05:32:51.0000002,52.59
2011-09-18 05:32:51.0000001,9.01
2011-09-18 05:32:51.0000003,13.98
2011-09-10 20:44:59.0000002,7.55
2011-09-10 20:44:59.0000001,6.26
2011-04-28 09:50:03.0000002,33.55
2011-04-28 09:50:03.0000003,7.68
2011-04-28 09:50:03.0000004,7.28
2010-02-26 18:34:51.0000002,5.99
2013-12-05 23:29:15.0000001,15.76
2013-12-05 23:29:15.0000004,5.17
2013-12-05 23:29:15.0000003,25.72
2013-12-05 23:29:15.0000005,55.68
2010-01-13 08:28:59.0000003,8.6
2010-01-13 08:28:59.0000001,9.08
2010-01-13 08:28:59.0000004,12.82
2010-01-13 08:28:59.0000005,6.81
2010-07-16 07:07:27.0000001,7.62
2012-06-16 14:33:19.0000002,11.02
2013-05-08 17:02:39.0000001,14.13
2013-05-08 17:02:39.0000003,11.41
2013-05-08 17:02:39.0000005,8.06
2013-05-08 17:02:39.0000004,6.18
2013-05-08 17:02:39.0000002,10.5
2013-05-08 17:02:39.0000006,6.45
2013-05-08 17:02:39.0000007,11.62
2011-02-28 08:34:27.0000004,11.57
2011-02-28 08:34:27.0000002,5.54
2011-02-28 08:34:27.0000006,13.11
2011-02-28 08:34:27.0000007,5.28
2011-02-28 08:34:27.0000005,15.47
2011-02-28 08:34:27.0000003,9.0
2011-02-28 08:34:27.0000001,7.53
2012-12-13 19:05:27.0000001,6.45
2012-12-13 19:05:27.0000002,8.77
2012-12-13 19:05:27.0000003,11.94
2009-03-25 01:20:55.0000001,7.16
2011-01-18 12:43:35.0000001,10.63
2010-07-13 07:38:03.0000007,11.3
2010-07-13 07:38:03.0000004,9.82
2010-07-13 07:38:03.0000002,9.55
2010-07-13 07:38:03.0000006,13.78
2010-07-13 07:38:03.0000005,8.72
2010-07-13 07:38:03.0000001,5.68
2009-01-26 15:16:43.0000001,32.19
2009-01-26 15:16:43.0000002,5.16
2015-05-18 01:13:35.0000001,6.57
2012-11-09 18:17:35.0000001,13.29
2012-11-09 18:17:35.0000006,8.22
2012-11-09 18:17:35.0000005,9.06
2012-11-09 18:17:35.0000003,8.59
2010-07-05 19:21:35.0000005,6.82
2010-07-05 19:21:35.0000003,5.94
2010-07-05 19:21:35.0000004,11.88
2010-07-05 19:21:35.0000002,9.35
2014-09-11 00:28:47.0000001,8.88
2014-09-11 00:28:47.0000002,6.08
2010-03-22 16:20:15.0000001,29.94
2010-03-22 16:20:15.0000002,6.98
2009-06-21 00:54:23.0000003,11.91
2009-06-21 00:54:23.0000001,13.79
2013-05-02 14:48:31.0000001,12.64
2011-09-12 09:15:15.0000003,6.29
2011-09-12 09:15:15.0000004,8.75
2011-09-12 09:15:15.0000002,6.12
2011-09-12 09:15:15.0000001,5.77
2009-02-27 07:09:23.0000001,8.5
2011-08-22 10:42:15.0000003,10.33
2011-08-22 10:42:15.0000002,17.14
2011-08-22 10:42:15.0000001,7.79
2011-11-29 22:19:51.0000001,13.14
2011-11-29 22:19:51.0000002,11.05
2009-01-30 22:47:07.0000004,16.59
2009-01-30 22:47:07.0000001,5.55
2009-01-30 22:47:07.0000003,4.74
2012-04-18 20:03:35.0000004,6.66
2012-04-18 20:03:35.0000003,5.34
2012-04-18 20:03:35.0000001,10.83
2012-04-18 20:03:35.0000002,5.72
2013-09-26 20:54:19.0000002,11.7
2011-06-25 23:18:27.0000001,10.77
2009-01-17 02:21:55.0000001,6.66
2009-01-17 02:21:55.0000002,4.84
2014-11-01 15:31:15.0000002,17.52
2014-11-01 15:31:15.0000003,12.74
2014-11-01 15:31:15.0000004,6.93
2011-06-08 11:31:51.0000003,5.01
2011-06-08 11:31:51.0000002,7.69
2011-06-08 11:31:51.0000001,9.14
2013-07-12 23:17:31.0000004,6.72
2013-07-12 23:17:31.0000005,54.78
2012-07-10 18:24:47.0000002,8.14
2012-07-10 18:24:47.0000001,20.99
2012-07-10 18:24:47.0000003,6.94
2013-05-14 03:15:31.0000001,18.63
2009-04-20 21:08:35.0000006,5.19
2009-04-20 21:08:35.0000003,6.45
2009-04-20 21:08:35.0000002,15.62
2009-04-20 21:08:35.0000001,9.69
2011-01-19 08:30:47.0000003,8.21
2011-01-19 08:30:47.0000002,8.3
2011-01-19 08:30:47.0000001,5.75
2009-09-25 10:19:35.0000003,5.59
2009-09-25 10:19:35.0000001,9.98
2009-09-25 10:19:35.0000002,5.94
2012-02-17 15:11:23.0000001,5.71
2009-12-23 20:14:19.0000003,9.93
2009-12-23 20:14:19.0000001,5.52
2009-12-23 20:14:19.0000002,11.71
2012-09-14 05:42:59.0000001,9.18
2012-09-14 05:42:59.0000002,7.3
2009-04-06 13:47:15.0000002,16.78
2013-11-29 21:36:07.0000004,11.47
2011-11-07 00:22:31.0000001,5.32
2011-11-07 00:22:31.0000002,7.87
2009-09-04 08:02:51.0000001,9.33
2015-02-16 17:32:27.0000004,9.89
2015-02-16 17:32:27.0000002,10.19
2015-02-16 17:32:27.0000003,8.0
2015-02-16 17:32:27.0000001,6.98
2012-04-14 11:59:11.0000004,17.99
2012-04-14 11:59:11.0000002,5.11
2012-04-14 11:59:11.0000001,6.83
2011-12-11 11:05:51.0000001,5.95
2011-12-11 11:05:51.0000003,8.39
2010-01-03 13:07:27.0000001,9.41
2009-03-06 00:13:03.0000003,9.77
2009-03-06 00:13:03.0000001,9.92
2010-01-04 19:54:27.0000002,8.27
2010-01-04 19:54:27.0000001,6.08
2010-01-04 19:54:27.0000003,4.36
2014-08-01 16:50:03.0000004,20.16
2014-08-01 16:50:03.0000001,5.82
2014-08-01 16:50:03.0000003,14.74
2014-08-01 16:50:03.0000002,13.89
2010-11-25 16:22:19.0000001,5.9
2010-09-04 10:06:23.0000001,15.71
2009-04-28 13:35:27.0000002,11.31
2009-04-28 13:35:27.0000001,4.76
2009-04-28 13:35:27.0000003,30.08
2009-04-28 13:35:27.0000004,9.83
2012-07-26 00:23:59.0000006,9.49
2012-07-26 00:23:59.0000007,5.51
2012-07-26 00:23:59.0000001,7.36
2012-07-26 00:23:59.0000004,8.75
2012-07-26 00:23:59.0000005,7.93
2012-07-26 00:23:59.0000002,12.01
2012-07-26 00:23:59.0000003,7.23
2014-04-29 15:15:43.0000002,7.71
2014-04-29 15:15:43.0000001,7.76
2014-04-29 15:15:43.0000003,6.69
2010-04-23 00:00:03.0000002,15.39
2010-04-23 00:00:03.0000003,5.61
2010-05-22 23:46:19.0000001,6.83
2010-05-22 23:46:19.0000002,18.76
2010-05-22 23:46:19.0000003,12.21
2014-06-14 12:32:11.0000005,10.01
2014-06-14 12:32:11.0000002,15.4
2014-06-14 12:32:11.0000004,12.03
2014-06-14 12:32:11.0000006,11.29
2014-06-14 12:32:11.0000003,39.2
2012-06-09 22:57:15.0000002,6.02
2012-06-09 22:57:15.0000005,7.57
2014-04-22 01:28:15.0000001,19.9
2013-01-31 01:19:15.0000001,17.79
2013-01-31 01:19:15.0000002,10.15
2014-12-19 21:54:27.0000003,8.19
2014-12-19 21:54:27.0000002,17.86
2014-12-19 21:54:27.0000004,9.72
2014-12-19 21:54:27.0000001,13.0
2010-10-22 20:56:51.0000004,5.89
2010-10-22 20:56:51.0000001,19.87
2011-10-04 11:48:35.0000004,6.08
2011-10-04 11:48:35.0000003,12.96
2011-10-04 11:48:35.0000002,6.43
2010-12-31 13:32:39.0000001,9.07
2010-04-10 11:05:27.0000002,6.35
2010-04-10 11:05:27.0000001,5.98
2013-10-02 21:12:59.0000001,11.66
2013-10-02 21:12:59.0000002,15.05
2013-10-02 21:12:59.0000004,7.44
2013-10-02 21:12:59.0000005,16.25
2013-10-02 21:12:59.0000006,12.16
2013-10-02 21:12:59.0000007,24.13
2013-10-02 21:12:59.0000008,17.64
2013-10-02 21:12:59.0000003,27.53
2009-03-14 05:27:55.0000001,6.88
2009-04-20 14:05:51.0000003,6.21
2009-04-20 14:05:51.0000002,16.06
2009-04-20 14:05:51.0000001,24.25
2009-04-20 14:05:51.0000004,7.4
2011-02-21 23:46:07.0000001,5.24
2010-08-21 20:25:07.0000001,5.75
2009-11-16 21:03:31.0000003,9.82
2009-11-16 21:03:31.0000002,13.67
2009-11-16 21:03:31.0000004,7.61
2009-11-16 21:03:31.0000001,15.71
2014-11-29 11:16:23.0000002,10.87
2014-11-29 11:16:23.0000001,10.48
2010-12-01 21:02:35.0000001,7.24
2010-12-01 21:02:35.0000002,7.22
2009-04-13 18:30:39.0000002,6.32
2009-04-13 18:30:39.0000001,7.26
2010-06-02 19:45:19.0000002,10.71
2010-06-02 19:45:19.0000001,9.42
2010-06-02 19:45:19.0000004,10.01
2012-04-16 14:29:35.0000001,4.73
2014-08-06 18:15:43.0000001,8.0
2014-08-06 18:15:43.0000002,14.42
2010-04-20 11:53:23.0000005,9.44
2010-04-20 11:53:23.0000002,5.57
2010-04-20 11:53:23.0000006,5.89
2010-04-20 11:53:23.0000003,13.94
2010-04-20 11:53:23.0000004,11.08
2009-05-21 20:50:31.0000005,8.48
2009-05-21 20:50:31.0000006,12.27
2009-05-21 20:50:31.0000002,16.86
2009-05-21 20:50:31.0000001,16.07
2014-08-16 21:59:59.0000002,11.9
2014-08-16 21:59:59.0000001,16.53
2010-09-13 07:05:39.0000001,5.73
2010-09-13 07:05:39.0000002,5.27
2010-01-28 12:25:11.0000001,7.18
2013-10-13 19:39:55.0000005,6.02
2013-10-13 19:39:55.0000004,6.37
2013-10-13 19:39:55.0000007,5.92
2013-10-13 19:39:55.0000001,9.87
2013-10-13 19:39:55.0000003,8.85
2013-10-13 19:39:55.0000006,6.18
2013-10-13 19:39:55.0000002,8.88
2013-09-20 13:38:55.0000003,7.1
2013-09-20 13:38:55.0000002,14.46
2013-09-20 13:38:55.0000006,9.08
2013-09-20 13:38:55.0000001,11.7
2014-11-11 12:10:59.0000003,7.6
2014-11-11 12:10:59.0000002,15.35
2012-09-09 23:40:03.0000001,18.54
2013-02-18 11:13:23.0000004,21.38
2013-02-18 11:13:23.0000001,6.07
2013-02-18 11:13:23.0000003,25.84
2013-02-18 11:13:23.0000002,8.05
2011-06-05 12:38:43.0000002,4.95
2011-06-05 12:38:43.0000003,6.94
2011-06-05 12:38:43.0000001,47.81
2014-11-27 07:37:55.0000001,10.63
2010-05-23 15:28:55.0000001,8.65
2012-10-15 20:10:31.0000001,6.19
2012-10-15 20:10:31.0000004,13.32
2012-10-15 20:10:31.0000002,17.59
2012-10-15 20:10:31.0000003,5.63
2012-06-27 06:52:39.0000001,7.7
2013-06-07 13:52:55.0000001,5.55
2013-06-07 13:52:55.0000002,10.1
2013-06-07 13:52:55.0000006,29.98
2013-06-07 13:52:55.0000003,11.63
2013-06-07 13:52:55.0000004,8.66
2009-06-04 19:34:15.0000003,12.27
2009-06-04 19:34:15.0000001,2.5
2009-06-04 19:34:15.0000004,10.12
2009-06-04 19:34:15.0000002,9.88
2013-09-29 22:12:07.0000002,16.03
2013-09-29 22:12:07.0000003,8.68
2013-12-04 08:37:11.0000003,6.33
2013-12-04 08:37:11.0000002,12.86
2013-12-04 08:37:11.0000001,12.08
2010-05-02 12:39:55.0000002,5.1
2009-07-13 01:18:55.0000002,5.99
2009-07-13 01:18:55.0000001,6.93
2015-05-20 00:59:15.0000004,6.2
2015-05-20 00:59:15.0000003,21.52
2009-12-03 18:02:47.0000001,8.76
2014-06-24 02:41:11.0000001,31.4
2012-01-13 02:08:43.0000001,6.84
2012-08-06 21:07:55.0000001,14.47
2012-08-06 21:07:55.0000002,10.4
2012-08-06 21:07:55.0000004,6.78
2012-08-06 21:07:55.0000005,9.99
2012-08-06 21:07:55.0000003,6.68
2009-07-13 07:32:31.0000001,6.44
2009-07-13 07:32:31.0000003,7.18
2009-07-13 07:32:31.0000002,10.57
2014-09-10 17:52:51.0000001,8.17
2014-09-10 17:52:51.0000003,9.31
2014-09-10 17:52:51.0000002,18.14
2014-09-10 17:52:51.0000005,10.42
2014-09-10 17:52:51.0000004,11.55
2009-09-28 19:21:59.0000004,4.94
2009-09-28 19:21:59.0000005,6.58
2009-09-28 19:21:59.0000002,6.43
2009-09-28 19:21:59.0000008,8.33
2009-09-28 19:21:59.0000001,4.81
2015-05-23 12:59:39.0000004,13.41
2015-05-23 12:59:39.0000002,12.97
2015-05-23 12:59:39.0000001,7.54
2010-02-10 12:16:03.0000001,6.04
2010-02-10 12:16:03.0000002,12.57
2014-01-11 23:10:59.0000004,13.2
2014-01-11 23:10:59.0000003,17.64
2014-01-11 23:10:59.0000005,15.17
2014-01-11 23:10:59.0000001,12.38
2014-01-11 23:10:59.0000002,25.41
2010-04-24 20:15:07.0000002,12.35
2013-08-07 00:31:07.0000001,52.83
2012-10-21 19:47:23.0000001,5.54
2012-10-21 19:47:23.0000003,8.34
2012-10-21 19:47:23.0000004,10.31
2013-05-24 07:22:51.0000002,6.75
2009-09-13 20:12:31.0000002,5.58
2009-09-13 20:12:31.0000001,6.0
2010-10-31 08:51:59.0000002,4.98
2010-10-31 08:51:59.0000001,18.06
2013-06-04 23:58:11.0000007,5.81
2013-06-04 23:58:11.0000001,18.6
2013-06-04 23:58:11.0000003,11.06
2013-06-04 23:58:11.0000005,5.89
2013-06-04 23:58:11.0000002,26.15
2013-06-04 23:58:11.0000004,8.98
2013-06-04 23:58:11.0000008,31.05
2010-03-22 22:11:31.0000001,13.48
2010-03-22 22:11:31.0000002,6.68
2011-01-15 12:49:59.0000002,12.49
2011-01-15 12:49:59.0000001,14.73
2009-06-13 18:36:47.0000001,14.74
2009-06-13 18:36:47.0000002,10.64
2009-06-13 18:36:47.0000003,11.43
2009-05-06 16:41:35.0000001,10.62
2014-08-08 17:32:47.0000004,6.25
2014-08-08 17:32:47.0000001,40.53
2014-08-08 17:32:47.0000002,16.46
2014-04-02 11:55:15.0000001,9.37
2014-04-02 11:55:15.0000002,7.07
2011-01-04 10:12:51.0000003,7.17
2011-01-04 10:12:51.0000004,5.82
2011-01-04 10:12:51.0000001,5.74
2011-01-04 10:12:51.0000005,5.2
2010-09-22 09:42:31.0000002,9.0
2010-09-22 09:42:31.0000004,9.6
2010-09-22 09:42:31.0000001,7.27
2013-08-19 19:39:23.0000003,7.96
2013-08-19 19:39:23.0000001,6.33
2014-07-08 10:21:39.0000002,10.59
2014-07-08 10:21:39.0000006,12.9
2014-07-08 10:21:39.0000003,5.51
2014-07-08 10:21:39.0000005,11.7
2014-07-08 10:21:39.0000004,11.26
2014-07-08 10:21:39.0000001,5.33
2015-03-11 16:36:39.0000003,11.12
2015-03-11 16:36:39.0000001,7.13
2015-03-11 16:36:39.0000002,18.27
2015-05-29 18:59:35.0000005,42.11
2015-05-29 18:59:35.0000004,13.83
2015-05-29 18:59:35.0000002,8.74
2015-05-29 18:59:35.0000001,8.02
2011-10-26 17:48:43.0000001,5.37
2011-10-26 17:48:43.0000008,6.06
2011-10-26 17:48:43.0000002,10.32
2011-10-26 17:48:43.0000004,7.37
2011-10-26 17:48:43.0000003,5.85
2011-10-26 17:48:43.0000007,4.5
2014-06-24 09:49:55.0000004,12.14
2014-06-24 09:49:55.0000007,5.37
2014-06-24 09:49:55.0000001,5.89
2014-06-24 09:49:55.0000006,7.01
2014-06-24 09:49:55.0000002,10.91
2014-06-24 09:49:55.0000003,7.4
2014-06-24 09:49:55.0000005,5.72
2009-03-14 20:59:19.0000001,12.97
2009-01-29 18:38:03.0000002,8.39
2009-01-29 18:38:03.0000001,28.2
2010-07-23 00:03:59.0000001,13.86
2013-01-11 12:28:03.0000004,9.09
2013-01-11 12:28:03.0000003,6.97
2013-01-11 12:28:03.0000002,6.42
2013-01-11 12:28:03.0000005,10.35
2013-01-11 12:28:03.0000001,8.52
2013-02-20 02:00:23.0000001,14.28
2013-02-20 02:00:23.0000002,6.41
2013-02-20 02:00:23.0000003,9.22
2009-11-03 19:53:27.0000004,12.44
2009-11-03 19:53:27.0000003,6.97
2009-12-19 21:56:15.0000002,7.45
2009-12-19 21:56:15.0000001,7.67
2014-03-22 12:24:03.0000001,38.92
2014-03-22 12:24:03.0000002,7.89
2009-12-21 21:20:43.0000003,7.92
2009-12-21 21:20:43.0000001,10.36
2009-08-21 15:35:07.0000002,5.43
2009-08-21 15:35:07.0000004,47.9
2009-08-21 15:35:07.0000003,5.62
2010-04-25 13:28:47.0000002,5.34
2010-04-25 13:28:47.0000003,25.65
2010-11-02 18:49:59.0000001,10.56
2010-11-02 18:49:59.0000003,5.82
2010-11-02 18:49:59.0000002,8.16
2011-04-02 00:27:03.0000006,6.66
2011-04-02 00:27:03.0000002,5.47
2011-04-02 00:27:03.0000004,4.6
2011-04-02 00:27:03.0000003,6.22
2011-04-02 00:27:03.0000005,7.96
2011-04-02 00:27:03.0000001,4.82
2013-12-29 12:31:55.0000001,8.22
2013-12-29 12:31:55.0000002,12.34
2013-12-29 12:31:55.0000003,8.8
2012-05-02 12:02:03.0000003,7.42
2012-05-02 12:02:03.0000002,14.2
2012-05-02 12:02:03.0000004,6.14
2012-05-02 12:02:03.0000005,7.71
2012-05-02 12:02:03.0000001,5.58
2009-07-21 10:36:43.0000001,5.88
2009-07-21 10:36:43.0000003,8.13
2009-07-21 10:36:43.0000002,7.95
2012-09-16 18:14:55.0000003,5.37
2012-09-16 18:14:55.0000001,11.94
2012-09-16 18:14:55.0000004,5.24
2010-04-21 06:28:47.0000002,6.8
2009-03-02 09:30:07.0000001,6.93
2009-03-02 09:30:07.0000002,5.27
2010-12-18 15:32:19.0000001,7.07
2013-02-20 08:23:31.0000001,5.84
2015-02-11 20:51:51.0000006,35.52
2015-02-11 20:51:51.0000002,10.2
2015-02-11 20:51:51.0000003,5.46
2015-02-11 20:51:51.0000005,5.36
2015-02-11 20:51:51.0000007,11.67
2015-02-11 20:51:51.0000004,7.72
2013-12-07 01:41:59.0000001,11.26
2013-12-07 01:41:59.0000003,14.35
2014-03-04 12:06:35.0000002,8.02
2014-03-04 12:06:35.0000004,8.64
2014-03-04 12:06:35.0000003,13.6
2014-03-04 12:06:35.0000001,8.09
2013-05-21 06:52:59.0000001,15.61
2013-05-21 06:52:59.0000004,7.25
2013-05-21 06:52:59.0000002,6.95
2009-09-09 08:09:19.0000002,6.69
2009-09-09 08:09:19.0000001,7.04
2012-06-22 20:50:55.0000001,19.2
2010-04-06 09:14:59.0000001,14.49
2010-04-06 09:14:59.0000003,5.15
2010-04-06 09:14:59.0000002,31.65
2009-04-03 07:49:39.0000002,9.41
2009-04-03 07:49:39.0000001,7.08
2011-08-28 16:06:43.0000001,11.48
2010-12-19 15:52:31.0000001,12.22
2010-12-19 15:52:31.0000002,5.02
2010-12-19 15:52:31.0000004,5.71
2010-12-19 15:52:31.0000003,5.72
2014-07-12 00:15:59.0000004,6.45
2014-07-12 00:15:59.0000003,6.1
2014-07-12 00:15:59.0000002,9.42
2009-03-31 10:27:19.0000004,9.86
2009-03-31 10:27:19.0000002,6.52
2009-03-31 10:27:19.0000001,17.17
2014-07-31 10:39:39.0000002,5.99
2012-06-02 07:16:31.0000001,4.96
2012-06-02 07:16:31.0000003,52.79
2012-06-02 07:16:31.0000002,15.48
2012-09-27 15:03:15.0000001,36.0
2012-07-05 02:23:47.0000001,5.8
2013-09-14 18:28:03.0000002,21.6
2013-09-14 18:28:03.0000003,19.68
2009-04-22 04:26:35.0000001,15.86
2015-02-14 09:08:11.0000003,16.29
2012-01-19 20:26:35.0000004,5.14
2012-01-19 20:26:35.0000005,11.15
2012-01-19 20:26:35.0000001,6.79
2015-03-13 13:04:59.0000001,12.25
2015-03-13 13:04:59.0000002,10.39
2015-03-13 13:04:59.0000006,9.96
2015-03-13 13:04:59.0000004,6.23
2015-03-13 13:04:59.0000007,15.41
2015-03-13 13:04:59.0000003,9.12
2015-03-13 13:04:59.0000005,6.16
2013-07-25 13:47:39.0000002,11.55
2013-07-25 13:47:39.0000001,10.85
2014-03-07 11:45:35.0000001,8.98
2014-03-07 11:45:35.0000002,26.46
2013-10-31 06:09:15.0000001,22.55
2014-09-11 06:41:15.0000001,6.1
2014-09-11 06:41:15.0000002,5.22
2014-09-11 06:41:15.0000004,8.75
2014-09-11 06:41:15.0000003,15.31
2012-06-04 09:50:39.0000005,31.74
2012-06-04 09:50:39.0000003,7.06
2012-06-04 09:50:39.0000001,11.65
2012-06-04 09:50:39.0000004,8.87
2012-06-04 09:50:39.0000002,6.52
2010-06-07 07:37:55.0000002,6.57
2010-06-07 07:37:55.0000003,5.33
2010-06-07 07:37:55.0000001,8.29
2010-06-07 07:37:55.0000004,5.8
2015-02-25 18:00:51.0000009,6.72
2015-02-25 18:00:51.0000006,6.62
2015-02-25 18:00:51.0000002,28.77
2015-02-25 18:00:51.0000003,6.98
2015-02-25 18:00:51.00000010,8.98
2015-02-25 18:00:51.0000004,9.41
2015-02-25 18:00:51.0000005,6.25
2015-02-08 08:44:03.0000001,13.49
2010-12-11 15:16:35.0000001,7.15
2010-12-11 15:16:35.0000002,5.19
2014-05-19 18:38:19.0000002,4.89
2014-05-19 18:38:19.0000001,9.06
2009-07-19 08:38:51.0000001,6.58
2013-08-20 12:05:47.0000001,9.69
2013-08-20 12:05:47.0000003,9.6
2013-08-20 12:05:47.0000004,8.76
2013-08-20 12:05:47.0000002,11.49
2014-03-11 19:48:15.0000007,9.09
2014-03-11 19:48:15.0000001,10.49
2014-03-11 19:48:15.0000005,7.21
2014-03-11 19:48:15.0000006,10.51
2014-03-11 19:48:15.0000004,11.2
2014-03-11 19:48:15.0000002,15.93
2014-03-11 19:48:15.0000003,11.71
2013-01-09 02:05:51.0000002,5.22
2009-08-08 11:41:51.0000001,5.18
2009-08-08 11:41:51.0000004,10.59
2009-08-08 11:41:51.0000002,6.07
2014-06-18 16:08:03.0000001,8.67
2014-06-18 16:08:03.0000002,20.8
2013-06-02 16:26:47.0000003,8.25
2013-06-02 16:26:47.0000002,5.63
2009-07-29 10:02:47.0000002,6.88
2009-07-29 10:02:47.0000001,6.35
2013-02-16 14:26:51.0000002,6.34
2012-05-11 03:48:31.0000001,6.1
2010-01-22 05:47:59.0000001,9.72
2012-11-12 11:57:03.0000002,57.64
2012-01-04 00:06:39.0000001,5.48
2010-12-28 20:17:27.0000002,5.35
2010-12-28 20:17:27.0000001,5.86
2010-12-28 20:17:27.0000004,5.92
2009-03-18 08:03:07.0000002,10.6
2009-03-18 08:03:07.0000001,4.94
2011-10-07 12:38:19.0000004,13.81
2011-10-07 12:38:19.0000003,4.87
2011-10-07 12:38:19.0000002,21.05
2011-10-07 12:38:19.0000005,9.78
2009-12-12 22:01:31.0000005,11.34
2009-12-12 22:01:31.0000002,8.45
2009-12-12 22:01:31.0000004,7.09
2009-12-12 22:01:31.0000006,5.96
2009-12-12 22:01:31.0000003,12.04
2015-04-19 20:44:15.0000003,16.16
2015-04-19 20:44:15.0000002,7.6
2015-04-19 20:44:15.0000004,11.76
2012-03-23 01:36:31.0000002,5.74
2012-03-23 01:36:31.0000001,4.82
2014-10-08 21:24:47.0000001,11.89
2014-10-08 21:24:47.0000002,15.82
2011-02-03 01:27:31.0000001,15.82
2011-05-20 23:42:59.0000002,6.02
2014-01-04 10:54:59.0000001,15.76
2014-01-04 10:54:59.0000003,11.92
2009-11-23 05:45:11.0000001,28.88
2013-01-22 16:25:11.0000003,10.15
2013-01-22 16:25:11.0000002,36.26
2013-01-22 16:25:11.0000001,11.41
2015-05-12 08:31:07.0000007,37.84
2015-05-12 08:31:07.0000008,5.96
2015-05-12 08:31:07.0000001,11.75
2015-05-12 08:31:07.0000009,10.08
2015-05-12 08:31:07.0000005,8.52
2015-05-12 08:31:07.0000006,7.65
2015-05-12 08:31:07.0000002,36.36
2015-05-12 08:31:07.0000004,13.3
2013-09-26 06:58:55.0000001,6.94
2013-09-26 06:58:55.0000002,14.13
2014-09-14 23:26:11.0000003,9.82
2014-09-14 23:26:11.0000002,13.14
2009-08-26 08:06:15.0000002,12.29
2009-08-26 08:06:15.0000003,34.23
2009-08-26 08:06:15.0000001,7.21
2014-10-13 06:14:51.0000001,7.99
2013-02-02 16:07:55.0000002,11.14
2013-02-02 16:07:55.0000001,6.89
2013-02-02 16:07:55.0000003,7.98
2014-04-05 01:52:27.0000005,5.47
2014-04-05 01:52:27.0000001,24.68
2010-02-23 20:29:51.0000002,6.88
2010-02-23 20:29:51.0000003,6.01
2011-01-25 00:01:03.0000002,6.9
2011-01-25 00:01:03.0000001,9.55
2013-11-01 13:07:47.0000002,8.5
2013-11-01 13:07:47.0000001,9.13
2013-11-01 13:07:47.0000005,9.98
2013-11-01 13:07:47.0000004,10.81
2015-03-07 15:25:59.0000004,5.69
2015-03-07 15:25:59.0000002,23.1
2015-03-07 15:25:59.0000001,11.11
2013-10-06 21:05:11.0000002,30.0
2013-10-06 21:05:11.0000001,12.43
2009-04-16 15:57:31.0000002,7.8
2012-02-21 20:45:03.0000002,7.47
2012-02-21 20:45:03.0000001,8.72
2010-01-10 12:55:43.0000002,8.78
2015-01-31 01:05:19.0000004,22.55
2015-01-31 01:05:19.0000007,25.87
2015-01-31 01:05:19.0000006,8.64
2015-01-31 01:05:19.0000001,9.37
2015-01-31 01:05:19.0000003,5.92
2015-01-31 01:05:19.0000002,16.68
2011-10-23 17:43:43.0000001,6.12
2015-03-16 21:12:19.0000003,24.32
2015-03-16 21:12:19.0000004,8.26
2015-03-16 21:12:19.0000005,12.36
2015-03-16 21:12:19.0000008,16.52
2015-03-16 21:12:19.0000001,14.3
2012-09-29 20:16:51.0000001,9.09
2012-09-29 20:16:51.0000002,24.15
2012-09-29 20:16:51.0000003,6.63
2012-09-29 20:16:51.0000005,12.47
2009-08-03 16:28:07.0000001,4.64
2009-08-03 16:28:07.0000003,6.0
2009-08-03 16:28:07.0000004,8.21
2009-08-03 16:28:07.0000002,14.29
2009-07-30 15:49:15.0000003,8.68
2009-07-30 15:49:15.0000001,9.34
2009-07-30 15:49:15.0000005,8.82
2015-01-18 14:06:23.0000005,19.21
2015-01-18 14:06:23.0000002,22.26
2015-03-02 14:08:03.0000002,5.71
2015-03-02 14:08:03.0000001,9.35
2009-09-07 19:35:39.0000003,6.4
2009-09-07 19:35:39.0000002,8.88
2014-07-01 15:15:23.0000004,9.27
2014-07-01 15:15:23.0000002,18.42
2014-07-01 15:15:23.0000005,16.8
2014-07-01 15:15:23.0000006,6.44
2014-07-01 15:15:23.0000001,34.02
2013-04-18 02:55:07.0000001,21.09
2010-02-10 16:57:19.0000001,8.85
2013-02-15 18:45:39.0000001,11.35
2011-06-22 01:50:11.0000001,18.52
2014-05-06 23:54:59.0000002,16.56
2014-05-06 23:54:59.0000004,4.52
2014-05-06 23:54:59.0000003,4.75
2014-05-06 23:54:59.0000001,14.2
2012-04-23 21:05:31.0000003,23.72
2012-04-23 21:05:31.0000004,10.95
2012-04-23 21:05:31.0000002,7.15
2012-04-23 21:05:31.0000006,5.38
2012-04-23 21:05:31.0000001,37.97
2012-04-23 21:05:31.0000005,6.39
2009-03-20 07:29:39.0000003,5.74
2009-03-20 07:29:39.0000001,14.26
2009-03-20 07:29:39.0000002,7.12
2014-06-25 15:08:19.0000001,7.42
2014-06-25 15:08:19.0000002,7.78
2011-06-09 14:51:15.0000003,9.38
2011-06-09 14:51:15.0000004,7.07
2011-06-09 14:51:15.0000001,8.04
2011-06-09 14:51:15.0000002,11.2
2015-01-27 13:08:24.0000001,7.16
2011-07-24 14:52:56.0000001,9.05
2011-10-08 11:53:44.0000001,14.8
2012-12-01 21:12:12.0000004,5.87
2013-11-22 15:43:12.0000001,6.05
2012-07-15 16:45:04.0000005,5.83
2012-07-15 16:45:04.0000001,6.92
2014-06-14 13:39:00.00000014,13.1
2014-06-14 13:39:00.000000113,10.03
2014-06-14 13:39:00.0000006,7.59
2014-06-14 13:39:00.000000139,9.66
2014-06-14 13:39:00.0000004,6.2
2014-06-14 13:39:00.000000171,11.24
2014-06-14 13:39:00.00000011,15.87
2014-06-14 13:39:00.00000064,5.65
2014-06-14 13:39:00.00000090,7.98
2014-06-14 13:39:00.00000041,6.24
2014-06-14 13:39:00.00000081,5.44
2014-06-14 13:39:00.000000164,11.3
2014-06-14 13:39:00.00000080,17.15
2014-06-14 13:39:00.00000026,31.23
2014-06-14 13:39:00.00000058,10.05
2014-06-14 13:39:00.000000150,15.14
2014-06-14 13:39:00.00000030,6.77
2014-06-14 13:39:00.00000091,5.85
2014-06-14 13:39:00.000000175,7.07
2014-06-14 13:39:00.000000101,19.09
2014-06-14 13:39:00.00000085,8.13
2014-06-14 13:39:00.000000105,8.3
2014-06-14 13:39:00.00000069,7.22
2014-06-14 13:39:00.000000149,91.51
2010-08-22 21:14:08.0000004,5.69
2011-06-24 20:34:48.0000003,8.98
2011-06-24 20:34:48.0000004,5.84
2011-03-28 20:38:36.0000001,9.71
2009-10-21 02:11:24.0000001,14.56
2011-05-21 13:16:20.0000002,10.12
2015-01-31 20:54:04.0000003,8.07
2010-05-10 10:37:04.0000001,7.26
2010-03-20 21:35:20.0000001,11.34
2010-03-20 21:35:20.0000002,6.05
2012-08-22 22:39:20.0000004,5.62
2012-08-22 22:39:20.0000002,10.9
2012-12-23 02:29:16.0000002,21.62
2011-10-02 23:36:00.00000031,6.57
2011-10-02 23:36:00.00000070,9.63
2011-10-02 23:36:00.00000068,12.67
2011-10-02 23:36:00.00000034,16.11
2011-10-02 23:36:00.00000042,9.93
2011-10-02 23:36:00.00000032,8.55
2011-10-02 23:36:00.00000028,5.63
2011-10-02 23:36:00.00000078,6.06
2011-10-02 23:36:00.00000027,8.12
2011-10-02 23:36:00.00000018,7.18
2011-10-02 23:36:00.00000061,10.29
2011-10-02 23:36:00.00000045,5.35
2011-10-02 23:36:00.00000016,5.77
2011-10-02 23:36:00.00000052,8.97
2011-10-02 23:36:00.00000098,7.37
2011-10-02 23:36:00.00000048,10.01
2013-03-21 12:47:28.0000004,8.64
2013-03-21 12:47:28.0000007,6.26
2010-09-05 22:31:32.0000001,8.97
2013-07-12 23:33:24.0000003,16.18
2015-06-08 20:02:56.0000002,15.66
2011-10-11 22:13:48.0000001,9.23
2011-10-11 22:13:48.0000004,5.51
2013-09-14 16:53:20.0000004,9.95
2013-09-14 16:53:20.0000003,21.07
2014-02-06 09:09:56.0000002,10.17
2009-06-10 16:55:00.00000028,7.69
2009-06-10 16:55:00.00000020,12.1
2009-06-10 16:55:00.0000001,6.6
2009-06-10 16:55:00.000000133,7.84
2009-06-10 16:55:00.00000026,6.85
2009-06-10 16:55:00.000000142,16.75
2009-06-10 16:55:00.00000038,8.37
2009-06-10 16:55:00.00000042,10.57
2009-06-10 16:55:00.000000112,6.46
2009-06-10 16:55:00.00000096,6.46
2009-06-10 16:55:00.00000050,8.75
2009-06-10 16:55:00.00000092,10.17
2009-06-10 16:55:00.000000167,6.7
2009-06-10 16:55:00.000000110,5.73
2009-06-10 16:55:00.00000015,13.49
2009-06-10 16:55:00.000000104,26.92
2009-06-10 16:55:00.00000019,49.66
2009-06-10 16:55:00.000000168,5.27
2009-06-10 16:55:00.00000059,9.68
2009-06-10 16:55:00.000000136,8.37
2009-06-10 16:55:00.00000087,32.58
2009-06-10 16:55:00.000000134,6.14
2009-06-10 16:55:00.00000032,7.4
2013-06-26 11:19:36.0000001,7.38
2009-05-02 20:11:32.0000002,5.81
2009-05-02 20:11:32.0000003,12.45
2011-06-24 12:03:00.00000031,7.98
2011-06-24 12:03:00.00000064,6.64
2011-06-24 12:03:00.000000153,14.57
2011-06-24 12:03:00.00000014,6.29
2011-06-24 12:03:00.000000192,27.1
2011-06-24 12:03:00.000000121,7.07
2011-06-24 12:03:00.000000140,5.56
2011-06-24 12:03:00.000000155,5.73
2011-06-24 12:03:00.00000016,5.69
2011-06-24 12:03:00.00000084,5.6
2011-06-24 12:03:00.00000080,5.05
2011-06-24 12:03:00.000000123,5.32
2011-06-24 12:03:00.000000125,7.17
2011-06-24 12:03:00.00000032,8.91
2011-06-24 12:03:00.000000178,13.99
2011-06-24 12:03:00.00000090,11.12
2011-06-24 12:03:00.000000166,41.73
2011-06-24 12:03:00.000000108,5.92
2011-06-24 12:03:00.00000098,8.87
2011-06-24 12:03:00.000000104,30.47
2011-06-24 12:03:00.00000027,11.45
2011-06-24 12:03:00.000000151,9.13
2011-06-24 12:03:00.00000099,13.89
2011-06-24 12:03:00.00000077,23.96
2011-06-24 12:03:00.00000019,9.07
2011-06-24 12:03:00.00000091,7.09
2011-06-24 12:03:00.000000132,11.52
2011-06-24 12:03:00.000000161,7.34
2011-06-24 12:03:00.00000024,6.34
2011-06-24 12:03:00.00000034,5.59
2011-06-24 12:03:00.00000050,17.04
2011-06-24 12:03:00.00000023,45.54
2011-06-24 12:03:00.00000049,8.05
2011-06-24 12:03:00.000000115,13.14
2011-06-24 12:03:00.0000008,6.44
2014-06-15 07:06:00.00000021,21.43
2014-06-15 07:06:00.00000032,8.0
2014-06-15 07:06:00.00000029,6.1
2014-06-15 07:06:00.00000043,32.3
2014-06-15 07:06:00.0000007,5.52
2014-06-15 07:06:00.00000038,14.72
2014-06-15 07:06:00.00000020,6.23
2014-06-15 07:06:00.00000027,57.34
2012-08-09 01:30:36.0000001,13.22
2015-05-30 21:29:04.0000002,13.32
2015-05-30 21:29:04.0000005,11.89
2009-10-26 12:01:36.0000004,30.11
2013-02-02 15:45:08.0000004,7.44
2010-12-14 23:27:36.0000003,7.41
2010-12-14 23:27:36.0000004,5.21
2010-12-14 23:27:36.0000002,7.91
2014-04-14 13:48:32.0000001,37.1
2014-04-14 13:48:32.0000002,8.9
2014-08-07 16:57:56.0000001,9.33
2009-09-14 02:19:00.00000022,8.51
2009-09-14 02:19:00.00000010,10.78
2009-09-14 02:19:00.0000004,6.77
2009-09-14 02:19:00.00000011,5.96
2009-09-14 02:19:00.00000023,7.19
2009-09-14 02:19:00.00000041,5.78
2009-09-14 02:19:00.00000013,11.14
2014-03-17 16:07:56.0000001,8.75
2011-06-12 11:31:48.0000003,5.33
2011-06-12 11:31:48.0000001,8.37
2011-06-12 11:31:48.0000002,13.36
2015-06-24 14:19:52.0000003,12.53
2010-08-21 22:21:32.0000003,7.25
2012-01-26 11:17:36.0000001,5.72
2015-02-27 14:15:52.0000001,14.27
2015-02-27 14:15:52.0000002,12.03
2014-09-14 17:22:12.0000004,11.46
2009-01-02 17:45:40.0000004,27.07
2009-01-02 17:45:40.0000001,6.8
2009-01-02 17:45:40.0000002,7.49
2009-01-02 17:45:40.0000003,5.71
2009-01-01 11:04:24.0000003,12.54
2009-01-01 11:04:24.0000001,7.72
2014-04-28 19:46:36.0000001,5.85
2011-06-01 07:37:00.000000192,19.14
2011-06-01 07:37:00.000000115,13.45
2011-06-01 07:37:00.00000089,6.96
2011-06-01 07:37:00.00000087,6.59
2011-06-01 07:37:00.000000173,5.92
2011-06-01 07:37:00.000000166,9.25
2011-06-01 07:37:00.00000081,6.09
2011-06-01 07:37:00.00000041,5.44
2011-06-01 07:37:00.000000102,4.85
2011-06-01 07:37:00.000000215,16.69
2011-06-01 07:37:00.0000006,22.96
2011-06-01 07:37:00.000000161,6.42
2011-06-01 07:37:00.000000123,6.2
2011-06-01 07:37:00.000000117,9.2
2011-06-01 07:37:00.0000004,17.79
2011-06-01 07:37:00.000000133,8.68
2011-06-01 07:37:00.000000160,6.98
2011-06-01 07:37:00.000000136,14.85
2011-06-01 07:37:00.000000214,9.76
2011-06-01 07:37:00.00000047,12.08
2011-06-01 07:37:00.0000001,6.3
2011-06-01 07:37:00.00000096,4.98
2011-06-01 07:37:00.000000150,17.84
2011-06-01 07:37:00.00000072,16.52
2011-06-01 07:37:00.00000064,7.28
2010-08-27 18:45:00.00000048,16.49
2010-08-27 18:45:00.000000210,15.59
2010-08-27 18:45:00.000000159,5.58
2010-08-27 18:45:00.00000083,9.99
2010-08-27 18:45:00.000000145,5.9
2010-08-27 18:45:00.00000096,8.04
2010-08-27 18:45:00.00000036,5.83
2010-08-27 18:45:00.00000088,8.19
2010-08-27 18:45:00.000000116,11.74
2010-08-27 18:45:00.000000193,7.44
2010-08-27 18:45:00.000000121,6.02
2010-08-27 18:45:00.00000074,15.86
2010-08-27 18:45:00.00000075,9.28
2010-08-27 18:45:00.000000130,14.06
2010-08-27 18:45:00.000000224,6.9
2010-08-27 18:45:00.00000072,6.04
2010-08-27 18:45:00.000000128,9.94
2010-08-27 18:45:00.000000163,10.67
2010-08-27 18:45:00.000000171,8.27
2010-08-27 18:45:00.000000157,10.37
2010-08-27 18:45:00.000000147,7.22
2010-08-27 18:45:00.000000119,9.96
2010-08-27 18:45:00.000000111,6.31
2010-08-27 18:45:00.00000015,22.26
2010-08-27 18:45:00.00000062,5.83
2010-08-27 18:45:00.000000127,5.94
2010-08-27 18:45:00.000000223,4.99
2010-08-27 18:45:00.000000112,8.3
2010-08-27 18:45:00.000000201,15.24
2010-08-27 18:45:00.000000135,14.74
2010-08-27 18:45:00.00000092,7.73
2010-08-27 18:45:00.00000056,6.05
2010-08-27 18:45:00.000000105,9.94
2010-08-27 18:45:00.000000222,5.48
2010-08-27 18:45:00.00000023,8.66
2011-02-12 00:43:24.0000002,7.05
2014-05-07 06:50:20.0000004,8.73
2010-08-14 02:13:00.000000131,10.77
2010-08-14 02:13:00.00000097,7.64
2010-08-14 02:13:00.00000086,5.09
2010-08-14 02:13:00.00000051,7.51
2010-08-14 02:13:00.000000128,7.44
2010-08-14 02:13:00.00000074,7.43
2010-08-14 02:13:00.000000169,4.95
2010-08-14 02:13:00.000000127,8.32
2010-08-14 02:13:00.00000036,5.78
2010-08-14 02:13:00.00000068,26.15
2010-08-14 02:13:00.00000042,21.99
2010-08-14 02:13:00.000000115,20.55
2010-08-14 02:13:00.00000029,6.4
2010-08-14 02:13:00.0000003,27.32
2010-08-14 02:13:00.00000037,18.86
2010-08-14 02:13:00.000000121,6.04
2010-08-14 02:13:00.00000031,4.9
2010-08-14 02:13:00.00000094,13.1
2010-08-14 02:13:00.000000136,9.45
2010-08-14 02:13:00.00000018,8.22
2010-08-14 02:13:00.000000125,8.28
2010-08-14 02:13:00.00000041,19.86
2010-08-14 02:13:00.000000163,17.45
2010-08-14 02:13:00.000000126,8.28
2010-08-14 02:13:00.0000008,10.64
2010-08-14 02:13:00.00000057,6.07
2010-08-14 02:13:00.00000050,16.33
2010-08-14 02:13:00.000000152,5.61
2014-03-25 23:47:00.00000083,6.86
2014-03-25 23:47:00.000000139,6.34
2014-03-25 23:47:00.000000122,21.37
2014-03-25 23:47:00.00000093,7.6
2014-03-25 23:47:00.00000039,10.17
2014-03-25 23:47:00.000000119,7.19
2014-03-25 23:47:00.00000067,14.39
2014-03-25 23:47:00.00000034,11.07
2014-03-25 23:47:00.00000040,13.05
2014-03-25 23:47:00.000000137,12.6
2014-03-25 23:47:00.00000076,23.81
2014-03-25 23:47:00.00000057,9.31
2014-03-25 23:47:00.000000104,8.9
2014-03-25 23:47:00.00000069,6.15
2015-06-05 08:38:56.0000008,20.24
2010-08-06 20:27:12.0000003,7.42
2012-08-03 12:33:08.0000001,6.61
2010-09-29 16:43:00.00000088,10.28
2010-09-29 16:43:00.00000034,12.03
2010-09-29 16:43:00.00000069,13.94
2010-09-29 16:43:00.000000172,5.61
2010-09-29 16:43:00.000000152,5.82
2010-09-29 16:43:00.00000084,7.78
2010-09-29 16:43:00.000000136,5.78
2010-09-29 16:43:00.000000126,10.91
2010-09-29 16:43:00.000000171,5.16
2010-09-29 16:43:00.000000139,6.12
2010-09-29 16:43:00.0000002,5.79
2010-09-29 16:43:00.00000070,9.23
2010-09-29 16:43:00.00000045,6.51
2010-09-29 16:43:00.0000009,9.48
2010-09-29 16:43:00.00000057,13.74
2010-09-29 16:43:00.000000118,7.54
2010-09-29 16:43:00.00000042,12.83
2010-09-29 16:43:00.000000130,8.74
2010-09-29 16:43:00.00000039,6.85
2010-09-29 16:43:00.00000032,9.08
2014-10-27 14:58:00.000000101,11.8
2014-10-27 14:58:00.00000023,12.49
2014-10-27 14:58:00.0000006,10.49
2014-10-27 14:58:00.000000113,6.61
2014-10-27 14:58:00.000000143,5.5
2014-10-27 14:58:00.00000090,6.23
2014-10-27 14:58:00.000000104,22.73
2014-10-27 14:58:00.000000148,41.5
2014-10-27 14:58:00.00000060,8.08
2014-10-27 14:58:00.000000129,25.77
2014-10-27 14:58:00.00000012,19.34
2014-10-27 14:58:00.00000035,19.21
2014-10-27 14:58:00.00000036,10.06
2014-10-27 14:58:00.000000150,8.86
2014-10-27 14:58:00.00000050,6.56
2014-10-27 14:58:00.000000103,8.53
2014-10-27 14:58:00.00000067,6.44
2014-10-27 14:58:00.00000066,5.94
2009-10-08 23:44:56.0000003,7.73
2012-11-03 17:11:00.00000064,15.79
2012-11-03 17:11:00.00000074,7.11
2012-11-03 17:11:00.000000132,53.98
2012-11-03 17:11:00.00000031,8.02
2012-11-03 17:11:00.00000028,11.36
2012-11-03 17:11:00.000000102,8.54
2012-11-03 17:11:00.00000067,8.63
2012-11-03 17:11:00.000000162,8.99
2012-11-03 17:11:00.00000054,14.24
2012-11-03 17:11:00.00000046,6.16
2012-11-03 17:11:00.000000113,30.8
2012-11-03 17:11:00.00000093,7.39
2012-11-03 17:11:00.00000032,11.27
2012-11-03 17:11:00.00000052,19.97
2012-11-03 17:11:00.000000147,10.25
2012-11-03 17:11:00.000000125,10.5
2012-11-03 17:11:00.00000086,6.63
2012-11-03 17:11:00.0000009,7.99
2012-11-03 17:11:00.000000136,7.65
2012-11-03 17:11:00.00000077,9.28
2012-11-03 17:11:00.00000099,19.23
2012-11-03 17:11:00.00000096,9.43
2012-11-03 17:11:00.000000161,8.58
2012-11-03 17:11:00.000000124,10.28
2012-11-03 17:11:00.00000016,18.88
2012-11-03 17:11:00.00000058,5.51
2012-11-03 17:11:00.00000083,10.67
2012-11-03 17:11:00.00000082,9.21
2012-11-03 17:11:00.00000075,45.86
2012-11-03 17:11:00.00000061,14.43
2012-11-03 17:11:00.00000012,9.04
2012-11-03 17:11:00.00000057,5.81
2012-11-03 17:11:00.00000037,6.3
2012-11-03 17:11:00.000000106,7.9
2009-05-07 13:58:32.0000002,28.68
2011-05-28 17:29:44.0000001,65.48
2011-05-28 17:29:44.0000004,32.74
2011-12-25 21:26:32.0000002,6.93
2009-05-06 01:49:12.0000002,16.82
2009-05-06 01:49:12.0000004,5.1
2011-03-11 01:44:00.00000030,7.93
2011-03-11 01:44:00.00000027,33.68
2011-03-11 01:44:00.0000009,7.22
2011-03-11 01:44:00.00000047,27.48
2011-03-11 01:44:00.00000092,5.8
2011-03-11 01:44:00.0000006,12.69
2011-03-11 01:44:00.00000056,14.37
2011-03-11 01:44:00.00000081,11.63
2011-03-11 01:44:00.00000039,7.06
2011-03-11 01:44:00.00000077,21.33
2011-03-11 01:44:00.00000059,14.92
2011-03-11 01:44:00.00000028,8.51
2011-03-11 01:44:00.00000036,13.64
2011-03-11 01:44:00.00000038,21.22
2011-03-11 01:44:00.00000065,17.74
2011-03-11 01:44:00.0000003,7.01
2013-01-27 00:09:12.0000003,5.98
2012-01-07 11:21:56.0000003,5.05
2012-01-07 11:21:56.0000001,6.31
2012-10-31 12:17:24.0000002,12.38
2012-10-20 02:05:08.0000003,6.56
2014-10-11 15:11:24.0000003,5.86
2009-08-17 12:27:08.0000002,12.02
2014-04-09 09:23:12.0000004,14.84
2009-11-25 19:32:52.0000004,6.74
2014-05-30 00:09:16.0000007,6.76
2014-05-30 00:09:16.0000006,18.07
2013-01-07 17:08:32.0000002,10.78
2013-02-18 17:37:28.0000001,6.33
2011-10-04 09:37:00.00000038,13.92
2011-10-04 09:37:00.00000095,9.72
2011-10-04 09:37:00.00000015,8.55
2011-10-04 09:37:00.00000022,29.77
2011-10-04 09:37:00.00000052,11.81
2011-10-04 09:37:00.000000141,10.2
2011-10-04 09:37:00.000000179,14.18
2011-10-04 09:37:00.000000148,7.0
2011-10-04 09:37:00.00000014,7.62
2011-10-04 09:37:00.00000085,5.75
2011-10-04 09:37:00.000000162,13.28
2011-10-04 09:37:00.00000034,30.75
2011-10-04 09:37:00.00000037,14.51
2011-10-04 09:37:00.000000111,12.5
2011-10-04 09:37:00.00000061,5.41
2011-10-04 09:37:00.000000199,7.47
2011-10-04 09:37:00.000000158,23.63
2011-10-04 09:37:00.000000149,6.76
2011-10-04 09:37:00.00000069,18.58
2011-10-04 09:37:00.00000077,6.39
2011-10-04 09:37:00.000000165,15.0
2011-10-04 09:37:00.00000044,10.23
2011-10-04 09:37:00.000000191,12.79
2011-10-04 09:37:00.000000164,5.52
2011-10-04 09:37:00.000000135,5.37
2011-10-04 09:37:00.000000190,14.71
2011-10-04 09:37:00.000000163,16.34
2011-10-04 09:37:00.00000054,25.78
2011-10-04 09:37:00.000000177,10.05
2011-10-04 09:37:00.00000064,6.31
2011-10-04 09:37:00.0000003,11.02
2011-10-04 09:37:00.000000196,27.45
2011-10-04 09:37:00.000000155,5.69
2012-10-23 14:15:04.0000002,11.75
2012-10-18 21:06:20.0000009,10.26
2012-10-18 21:06:20.0000007,13.58
2014-12-24 03:00:00.00000016,19.36
2014-12-24 03:00:00.00000025,9.36
2014-12-24 03:00:00.00000029,7.75
2014-12-24 03:00:00.00000040,13.86
2014-12-24 03:00:00.0000007,6.36
2014-12-24 03:00:00.00000019,6.82
2014-12-24 03:00:00.00000039,5.11
2010-10-07 10:54:20.0000003,52.96
2011-02-21 20:11:08.0000006,10.25
2009-10-04 22:54:56.0000002,12.28
2015-04-11 20:31:32.00000011,7.94
2015-04-11 20:31:32.0000005,14.28
2011-02-20 12:31:04.0000002,6.68
2013-01-01 22:04:56.0000002,9.37
2013-01-01 22:04:56.0000003,8.85
2013-04-23 17:52:44.0000003,55.62
2010-01-01 13:19:40.0000004,14.96
2010-03-06 23:51:08.0000003,11.98
2014-04-27 02:57:00.000000155,10.78
2014-04-27 02:57:00.00000072,10.95
2014-04-27 02:57:00.00000043,8.08
2014-04-27 02:57:00.00000073,14.86
2014-04-27 02:57:00.00000013,18.25
2014-04-27 02:57:00.000000191,6.63
2014-04-27 02:57:00.000000171,18.23
2014-04-27 02:57:00.000000162,22.11
2014-04-27 02:57:00.00000082,13.86
2014-04-27 02:57:00.00000023,7.72
2014-04-27 02:57:00.000000137,7.34
2014-04-27 02:57:00.00000057,17.84
2014-04-27 02:57:00.000000174,5.04
2014-04-27 02:57:00.00000012,5.73
2014-04-27 02:57:00.000000158,5.45
2014-04-27 02:57:00.000000138,33.34
2014-04-27 02:57:00.000000172,10.96
2014-04-27 02:57:00.000000195,11.68
2014-04-27 02:57:00.000000131,6.98
2014-04-27 02:57:00.000000140,15.16
2014-04-27 02:57:00.000000154,5.33
2014-04-27 02:57:00.00000036,6.98
2014-04-27 02:57:00.000000153,10.53
2014-04-27 02:57:00.000000164,6.65
2014-04-27 02:57:00.00000031,8.26
2014-04-27 02:57:00.000000116,28.68
2014-04-27 02:57:00.000000187,10.51
2011-01-18 10:26:40.0000001,12.59
2011-12-13 22:00:00.000000185,13.45
2011-12-13 22:00:00.000000117,30.3
2011-12-13 22:00:00.00000037,12.07
2011-12-13 22:00:00.000000171,7.73
2011-12-13 22:00:00.000000194,13.69
2011-12-13 22:00:00.000000237,5.59
2011-12-13 22:00:00.000000160,8.52
2011-12-13 22:00:00.000000145,5.57
2011-12-13 22:00:00.00000035,9.64
2011-12-13 22:00:00.00000081,5.36
2011-12-13 22:00:00.00000015,7.25
2011-12-13 22:00:00.000000118,8.95
2011-12-13 22:00:00.000000140,9.75
2011-12-13 22:00:00.00000092,21.92
2011-12-13 22:00:00.00000047,5.72
2011-12-13 22:00:00.000000119,7.31
2011-12-13 22:00:00.00000077,6.44
2011-12-13 22:00:00.00000096,8.7
2011-12-13 22:00:00.000000152,16.66
2011-12-13 22:00:00.000000198,9.57
2011-12-13 22:00:00.00000043,6.61
2011-12-13 22:00:00.000000115,5.56
2011-12-13 22:00:00.000000236,6.15
2011-12-13 22:00:00.000000200,6.44
2011-12-13 22:00:00.0000001,18.6
2011-12-13 22:00:00.000000251,6.53
2011-12-13 22:00:00.00000049,6.34
2011-12-13 22:00:00.00000034,9.26
2011-12-13 22:00:00.000000262,6.14
2011-12-13 22:00:00.00000018,23.97
2011-12-13 22:00:00.000000108,4.75
2011-12-13 22:00:00.00000084,6.17
2014-05-13 07:33:52.0000005,6.24
2011-06-30 09:37:08.0000001,8.19
2009-01-28 16:36:28.0000004,11.65
2010-07-21 22:06:12.0000004,13.87
2013-05-24 13:37:32.0000003,13.79
2013-05-24 13:37:32.0000002,6.77
2014-03-05 21:07:12.0000002,5.78
2014-03-05 21:07:12.0000005,5.87
2009-11-28 15:07:24.0000002,8.03
2010-07-31 15:47:28.0000002,12.61
2013-11-22 15:36:36.0000001,12.13
2011-06-26 18:48:08.0000003,8.28
2011-10-17 18:49:20.0000001,12.09
2011-10-17 18:49:20.0000004,6.73
2014-07-21 18:19:00.00000053,7.23
2014-07-21 18:19:00.00000085,8.96
2014-07-21 18:19:00.000000175,6.48
2014-07-21 18:19:00.00000076,10.95
2014-07-21 18:19:00.000000147,12.39
2014-07-21 18:19:00.0000001,18.38
2014-07-21 18:19:00.0000007,7.08
2014-07-21 18:19:00.000000234,10.56
2014-07-21 18:19:00.000000188,8.19
2014-07-21 18:19:00.00000024,11.09
2014-07-21 18:19:00.000000158,5.26
2014-07-21 18:19:00.00000093,12.53
2014-07-21 18:19:00.00000081,8.2
2014-07-21 18:19:00.000000206,7.91
2014-07-21 18:19:00.00000095,31.02
2014-07-21 18:19:00.000000164,5.72
2014-07-21 18:19:00.00000062,6.93
2014-07-21 18:19:00.000000140,13.07
2014-07-21 18:19:00.000000155,14.23
2014-07-21 18:19:00.000000170,9.88
2014-07-21 18:19:00.000000238,22.98
2014-07-21 18:19:00.000000207,8.74
2014-07-21 18:19:00.00000016,15.42
2014-07-21 18:19:00.000000237,14.32
2014-07-21 18:19:00.00000045,6.28
2014-07-21 18:19:00.000000110,6.04
2014-07-21 18:19:00.000000157,6.71
2014-07-21 18:19:00.000000236,11.18
2014-07-21 18:19:00.000000151,7.48
2014-07-21 18:19:00.000000192,5.74
2014-07-21 18:19:00.00000086,6.76
2014-07-21 18:19:00.00000040,6.77
2014-07-21 18:19:00.000000209,5.89
2014-07-21 18:19:00.000000138,13.07
2014-07-21 18:19:00.000000131,10.74
2014-07-21 18:19:00.000000243,9.44
2014-07-21 18:19:00.000000199,23.73
2014-07-21 18:19:00.00000041,11.99
2014-07-21 18:19:00.000000180,13.71
2014-07-21 18:19:00.00000052,8.37
2014-07-21 18:19:00.00000084,7.05
2011-06-13 09:55:04.0000006,8.94
2011-06-13 09:55:04.0000002,25.25
2014-12-27 22:31:56.0000001,12.0
2014-12-27 22:31:56.0000003,29.55
2010-09-20 16:48:00.00000050,8.84
2010-09-20 16:48:00.00000055,7.4
2010-09-20 16:48:00.000000154,8.75
2010-09-20 16:48:00.000000106,13.86
2010-09-20 16:48:00.000000163,18.06
2010-09-20 16:48:00.000000121,43.21
2010-09-20 16:48:00.000000111,49.75
2010-09-20 16:48:00.000000124,9.66
2010-09-20 16:48:00.000000143,5.73
2010-09-20 16:48:00.000000131,7.11
2010-09-20 16:48:00.000000137,30.49
2010-09-20 16:48:00.000000142,5.83
2010-09-20 16:48:00.00000036,7.58
2010-09-20 16:48:00.0000007,14.53
2010-09-20 16:48:00.000000112,11.27
2010-09-20 16:48:00.000000104,8.84
2010-09-20 16:48:00.00000056,16.61
2010-09-20 16:48:00.000000114,8.16
2010-09-20 16:48:00.000000152,6.01
2010-09-20 16:48:00.00000072,23.18
2010-09-20 16:48:00.0000004,10.9
2010-09-20 16:48:00.00000058,16.9
2010-09-20 16:48:00.00000081,8.41
2010-09-20 16:48:00.000000116,6.41
2010-09-20 16:48:00.00000040,12.07
2010-09-20 16:48:00.00000019,12.56
2010-09-20 16:48:00.000000134,9.72
2010-09-20 16:48:00.00000084,47.95
2010-09-20 16:48:00.00000016,8.23
2010-09-20 16:48:00.000000103,5.37
2012-08-20 14:47:36.0000001,8.14
2011-12-01 01:36:08.0000001,5.53
2014-03-29 14:59:28.0000001,12.13
2014-08-18 01:19:48.0000001,9.7
2012-04-30 20:04:20.0000001,5.22
2013-07-13 18:28:20.0000003,55.28
2014-10-07 19:04:08.0000003,5.75
2014-10-07 19:04:08.0000001,7.07
2013-08-21 09:32:24.0000001,6.8
2015-01-26 07:13:44.0000001,37.65
2011-03-06 21:01:00.0000003,12.8
2011-03-06 21:01:00.000000155,5.39
2011-03-06 21:01:00.000000164,5.4
2011-03-06 21:01:00.000000131,8.21
2011-03-06 21:01:00.00000091,9.09
2011-03-06 21:01:00.000000144,16.13
2011-03-06 21:01:00.000000132,5.31
2011-03-06 21:01:00.000000134,5.75
2011-03-06 21:01:00.000000110,4.76
2011-03-06 21:01:00.00000058,4.86
2011-03-06 21:01:00.00000081,17.65
2011-03-06 21:01:00.00000048,16.95
2011-03-06 21:01:00.00000079,8.61
2011-03-06 21:01:00.000000142,13.85
2011-03-06 21:01:00.00000090,9.16
2011-03-06 21:01:00.000000125,7.47
2011-03-06 21:01:00.000000119,4.85
2011-03-06 21:01:00.000000117,15.59
2011-03-06 21:01:00.00000065,9.7
2011-03-06 21:01:00.000000163,5.54
2011-03-06 21:01:00.000000159,8.3
2011-03-06 21:01:00.000000112,5.37
2011-03-06 21:01:00.00000013,28.78
2011-03-06 21:01:00.000000121,7.94
2011-03-06 21:01:00.000000152,4.97
2011-03-06 21:01:00.00000059,11.42
2011-03-06 21:01:00.00000041,6.57
2011-03-06 21:01:00.000000174,8.02
2011-03-06 21:01:00.000000171,6.99
2011-03-06 21:01:00.00000069,13.98
2011-03-06 21:01:00.00000050,4.96
2011-03-06 21:01:00.00000039,7.73
2011-03-06 21:01:00.00000082,8.2
2011-03-06 21:01:00.000000165,7.01
2011-03-06 21:01:00.000000103,4.89
2011-03-06 21:01:00.00000063,4.84
2011-03-06 21:01:00.000000100,16.12
2011-03-06 21:01:00.000000124,9.95
2011-03-06 21:01:00.000000126,5.98
2011-03-06 21:01:00.00000068,7.39
2011-03-06 21:01:00.00000030,6.36
2009-11-24 08:58:48.0000008,5.55
2009-11-24 08:58:48.0000004,9.57
2011-05-30 09:32:56.0000002,5.24
2010-01-02 12:20:32.0000001,7.31
2010-10-05 02:09:00.00000026,6.76
2010-10-05 02:09:00.00000016,5.68
2010-10-05 02:09:00.00000019,18.22
2010-10-05 02:09:00.00000014,6.72
2010-10-05 02:09:00.0000004,6.62
2010-10-05 02:09:00.00000025,16.29
2010-10-05 02:09:00.0000009,9.8
2012-01-25 22:43:44.0000005,5.67
2010-12-01 22:04:52.0000002,7.9
2013-06-23 02:54:32.0000001,19.96
2013-11-18 15:07:28.0000003,9.8
2013-08-06 23:56:32.0000002,7.74
2013-08-06 23:56:32.0000001,24.85
2012-03-10 02:36:04.0000004,6.67
2014-04-13 17:35:52.0000001,12.77
2013-09-14 16:03:12.0000001,15.26
2013-09-14 16:03:12.0000002,8.1
2013-09-14 16:03:12.0000003,6.3
2014-04-05 18:27:08.0000001,8.42
2014-04-05 18:27:08.0000002,6.64
2009-12-02 15:59:56.0000003,6.26
2010-01-03 02:03:40.0000001,4.71
2011-01-30 14:38:24.0000001,10.21
2011-04-16 21:23:16.0000005,7.53
2009-05-31 21:24:56.0000002,9.09
2009-07-14 17:59:12.0000002,12.23
2009-12-18 12:37:04.0000003,6.71
2012-11-21 15:12:48.0000002,6.98
2011-10-07 22:08:20.0000002,7.85
2011-10-07 22:08:20.0000001,9.75
2011-10-07 22:08:20.0000004,11.05
2013-09-24 21:16:40.0000008,6.11
2013-09-24 21:16:40.0000005,5.48
2014-01-25 12:36:52.0000003,10.31
2012-01-26 07:33:00.000000101,5.5
2012-01-26 07:33:00.00000057,14.38
2012-01-26 07:33:00.000000175,5.54
2012-01-26 07:33:00.00000024,7.47
2012-01-26 07:33:00.00000097,5.66
2012-01-26 07:33:00.000000115,15.87
2012-01-26 07:33:00.00000039,5.39
2012-01-26 07:33:00.000000161,7.14
2012-01-26 07:33:00.000000173,8.8
2012-01-26 07:33:00.000000183,10.25
2012-01-26 07:33:00.00000020,11.46
2012-01-26 07:33:00.00000022,9.19
2012-01-26 07:33:00.000000136,6.01
2012-01-26 07:33:00.0000008,17.51
2012-01-26 07:33:00.000000100,9.9
2012-01-26 07:33:00.00000023,5.66
2012-01-26 07:33:00.00000056,8.03
2012-01-26 07:33:00.00000018,8.21
2012-01-26 07:33:00.00000076,20.35
2012-01-26 07:33:00.00000080,6.73
2012-01-26 07:33:00.000000104,8.01
2012-01-26 07:33:00.00000082,4.84
2012-01-26 07:33:00.00000025,4.92
2012-01-26 07:33:00.000000181,7.35
2012-01-26 07:33:00.000000105,5.39
2015-03-20 23:34:40.0000001,10.2
2015-03-20 23:34:40.0000008,8.56
2015-03-20 23:34:40.0000003,18.32
2013-12-14 03:20:48.0000003,8.35
2010-12-09 07:29:00.000000164,12.05
2010-12-09 07:29:00.000000141,12.72
2010-12-09 07:29:00.00000073,10.97
2010-12-09 07:29:00.00000062,6.32
2010-12-09 07:29:00.000000139,6.9
2010-12-09 07:29:00.00000079,6.25
2010-12-09 07:29:00.000000145,8.65
2010-12-09 07:29:00.0000006,6.65
2010-12-09 07:29:00.00000066,5.48
2010-12-09 07:29:00.000000171,8.3
2010-12-09 07:29:00.000000136,8.02
2010-12-09 07:29:00.00000026,20.18
2010-12-09 07:29:00.00000044,5.9
2010-12-09 07:29:00.00000083,7.02
2010-12-09 07:29:00.00000028,8.03
2010-12-09 07:29:00.000000168,11.0
2010-12-09 07:29:00.000000180,5.94
2010-12-09 07:29:00.00000094,5.74
2010-12-09 07:29:00.00000080,50.9
2010-12-09 07:29:00.000000181,14.37
2010-12-09 07:29:00.00000086,9.76
2011-09-25 13:01:20.0000002,5.16
2014-02-20 18:49:04.0000001,12.12
2010-08-21 23:02:28.0000004,5.94
2010-08-21 23:02:28.0000001,13.67
2010-08-21 23:02:28.0000002,6.9
2012-05-08 03:50:00.00000017,23.87
2012-05-08 03:50:00.00000010,6.84
2012-05-08 03:50:00.0000005,5.81
2009-07-31 07:30:56.0000003,16.18
2012-03-06 07:33:04.0000001,12.48
2015-03-12 19:43:24.0000006,40.93
2014-01-18 17:43:28.0000001,11.2
2011-09-04 01:36:36.0000001,6.64
2010-08-09 08:53:56.0000001,5.8
2015-02-01 00:48:44.0000002,4.3
2014-01-26 15:28:52.0000001,10.69
2014-01-26 15:28:52.0000002,13.52
2011-12-06 11:07:40.0000004,12.92
2011-07-12 19:41:48.0000001,7.24
2010-09-16 14:27:16.0000002,8.24
2015-02-14 20:20:56.0000003,5.93
2009-01-22 12:27:20.0000002,15.71
2011-04-23 21:22:20.0000003,9.87
2011-04-23 21:22:20.0000004,14.26
2015-02-21 18:39:16.0000003,6.28
2015-02-21 18:39:16.0000004,8.56
2009-04-23 00:05:40.0000002,8.83
2013-03-09 21:40:52.0000001,10.81
2010-07-22 09:37:12.0000002,33.83
2012-07-31 02:46:40.0000001,9.37
2015-02-21 17:23:28.0000004,13.7
2012-11-19 22:15:32.0000001,8.25
2009-01-26 18:26:48.0000005,5.88
2009-09-22 11:47:24.0000001,10.18
2012-07-05 18:30:36.0000004,5.46
2012-11-20 21:54:00.000000225,6.59
2012-11-20 21:54:00.00000025,14.99
2012-11-20 21:54:00.00000036,14.99
2012-11-20 21:54:00.000000102,14.87
2012-11-20 21:54:00.000000105,26.06
2012-11-20 21:54:00.000000167,19.57
2012-11-20 21:54:00.000000186,8.62
2012-11-20 21:54:00.000000172,6.64
2012-11-20 21:54:00.000000202,16.16
2012-11-20 21:54:00.000000179,40.44
2012-11-20 21:54:00.000000110,8.75
2012-11-20 21:54:00.00000076,9.34
2012-11-20 21:54:00.000000195,22.16
2012-11-20 21:54:00.000000131,35.91
2012-11-20 21:54:00.0000002,15.14
2012-11-20 21:54:00.00000068,25.2
2012-11-20 21:54:00.000000138,10.76
2012-11-20 21:54:00.00000090,8.66
2012-11-20 21:54:00.000000169,9.03
2012-11-20 21:54:00.00000065,9.07
2012-11-20 21:54:00.000000121,24.07
2012-11-20 21:54:00.00000024,6.07
2012-11-20 21:54:00.000000123,13.24
2012-11-20 21:54:00.000000100,10.97
2012-11-20 21:54:00.0000004,7.04
2012-11-20 21:54:00.00000098,5.62
2012-11-20 21:54:00.000000205,6.32
2012-11-20 21:54:00.000000103,26.2
2012-11-20 21:54:00.00000092,17.02
2012-11-20 21:54:00.00000040,7.36
2012-11-20 21:54:00.00000069,25.3
2012-11-20 21:54:00.000000148,17.23
2012-11-20 21:54:00.000000233,5.67
2014-06-23 00:16:00.00000054,13.04
2014-06-23 00:16:00.00000059,36.26
2014-06-23 00:16:00.00000051,6.07
2014-06-23 00:16:00.00000012,10.09
2014-06-23 00:16:00.00000046,54.9
2014-06-23 00:16:00.00000032,7.89
2014-06-23 00:16:00.00000017,6.16
2014-06-23 00:16:00.0000006,5.36
2014-06-23 00:16:00.00000084,7.46
2014-06-23 00:16:00.00000021,47.31
2014-06-23 00:16:00.0000007,6.82
2014-06-23 00:16:00.00000045,7.45
2014-06-23 00:16:00.00000083,27.52
2014-06-23 00:16:00.00000048,29.6
2014-06-23 00:16:00.00000058,7.89
2014-06-23 00:16:00.00000075,7.41
2014-06-23 00:16:00.00000027,7.62
2014-06-23 00:16:00.00000031,7.1
2009-04-25 10:52:56.0000001,4.94
2009-04-25 10:52:56.0000003,5.62
2009-04-20 11:11:40.0000002,10.65
2009-10-22 21:57:36.0000001,16.82
2013-11-28 11:00:04.0000001,11.38
2014-05-25 15:07:04.0000001,6.82
2011-08-18 13:00:16.0000001,6.61
2013-09-25 22:00:00.000000167,9.62
2013-09-25 22:00:00.00000033,5.68
2013-09-25 22:00:00.000000122,14.02
2013-09-25 22:00:00.000000236,11.68
2013-09-25 22:00:00.000000193,15.01
2013-09-25 22:00:00.000000239,6.78
2013-09-25 22:00:00.00000086,14.12
2013-09-25 22:00:00.000000201,12.78
2013-09-25 22:00:00.000000170,17.35
2013-09-25 22:00:00.00000080,5.71
2013-09-25 22:00:00.00000021,6.04
2013-09-25 22:00:00.000000240,7.89
2013-09-25 22:00:00.00000046,16.98
2013-09-25 22:00:00.000000231,28.31
2013-09-25 22:00:00.00000027,8.22
2013-09-25 22:00:00.00000045,6.23
2013-09-25 22:00:00.000000108,7.61
2013-09-25 22:00:00.000000125,11.22
2013-09-25 22:00:00.000000232,7.47
2013-09-25 22:00:00.000000184,14.29
2013-09-25 22:00:00.00000096,11.58
2013-09-25 22:00:00.000000158,10.09
2013-09-25 22:00:00.000000131,17.76
2013-09-25 22:00:00.000000207,6.54
2013-09-25 22:00:00.00000068,8.53
2013-09-25 22:00:00.000000194,13.79
2013-09-25 22:00:00.00000011,54.4
2013-09-25 22:00:00.000000243,19.36
2013-09-25 22:00:00.000000138,15.52
2013-09-25 22:00:00.00000069,10.08
2013-09-25 22:00:00.00000067,7.09
2013-09-25 22:00:00.000000152,12.05
2013-07-20 12:06:44.0000002,12.82
2013-07-20 12:06:44.0000001,11.16
2014-07-11 12:36:08.0000003,56.73
2014-01-31 11:11:05.0000002,12.39
2014-08-31 04:03:29.0000002,10.39
2014-08-31 04:03:29.0000003,27.22
2014-08-01 18:38:09.0000004,21.62
2014-08-01 18:38:09.0000003,24.5
2009-05-16 14:53:41.0000005,13.76
2009-05-16 14:53:41.0000001,24.35
2009-05-16 14:53:41.0000004,23.58
2013-08-26 11:47:37.0000001,9.34
2010-10-30 13:31:13.0000001,5.17
2014-05-09 00:30:41.0000004,11.0
2012-03-05 13:24:37.0000002,5.71
2010-07-01 22:11:33.0000005,7.75
2010-07-01 22:11:33.0000006,25.1
2012-01-07 21:39:05.0000001,50.6
2012-05-26 00:31:25.0000001,4.9
2014-10-07 11:52:13.0000006,11.3
2015-06-13 19:17:09.0000005,7.05
2009-11-28 13:50:17.0000004,6.01
2009-11-28 13:50:17.0000002,6.32
2015-01-13 12:07:53.0000005,8.82
2015-01-13 12:07:53.0000003,9.18
2012-01-31 09:15:49.0000001,6.52
2011-03-22 12:59:49.0000002,28.9
2011-03-22 12:59:49.0000006,7.46
2013-07-05 00:58:17.0000001,5.84
2010-01-30 00:57:21.0000002,17.76
2009-10-16 16:14:41.0000002,7.01
2011-03-13 05:34:57.0000002,12.12
2015-02-26 23:20:13.00000010,9.96
2013-10-09 15:11:41.0000004,25.38
2011-09-01 09:53:49.0000004,5.37
2010-09-28 00:16:53.0000003,6.29
2010-07-25 04:03:17.0000003,16.59
2010-07-25 04:03:17.0000002,4.45
2013-09-19 21:24:21.0000001,10.7
2011-02-04 09:12:53.0000004,4.46
2012-03-08 12:33:25.0000003,14.85
2009-07-31 18:15:57.0000001,9.75
2009-07-10 20:17:05.0000003,5.36
2010-08-21 21:56:25.0000002,12.4
2010-10-09 17:11:17.0000001,8.31
2009-09-25 15:13:57.0000001,9.0
2009-09-25 15:13:57.0000003,6.39
2009-09-25 15:13:57.0000002,11.62
2010-05-03 08:36:41.0000004,7.32
2011-01-24 20:18:49.0000003,6.36
2010-01-23 14:32:17.0000003,6.34
2012-06-02 01:16:05.0000004,18.86
2011-10-20 13:46:33.0000003,9.63
2014-10-28 12:23:09.0000001,19.44
2011-07-11 20:43:33.0000004,12.98
2011-07-11 20:43:33.0000005,23.38
2011-07-11 20:43:33.0000001,6.37
2013-02-23 14:25:29.0000002,15.81
2010-01-30 18:58:33.0000008,9.77
2010-01-30 18:58:33.0000006,8.75
2010-01-30 18:58:33.0000001,7.5
2014-06-22 14:49:13.0000001,18.19
2014-06-22 14:49:13.0000005,15.9
2015-03-14 02:23:17.0000006,16.08
2015-03-14 02:23:17.0000002,6.49
2015-03-14 02:23:17.0000004,13.83
2012-03-12 01:08:09.0000001,8.25
2014-09-25 20:52:09.0000002,7.25
2014-09-25 20:52:09.0000005,23.65
2012-12-15 06:35:45.0000001,6.93
2012-01-05 05:51:01.0000001,8.23
2013-10-15 08:16:21.0000002,24.32
2014-08-26 23:35:49.0000002,5.15
2009-08-28 23:01:41.0000001,7.37
2009-08-28 23:01:41.0000006,5.53
2014-12-16 13:40:25.0000003,13.39
2012-12-09 22:30:13.0000006,7.16
2012-12-09 22:30:13.0000002,9.89
2012-12-09 22:30:13.0000004,16.98
2011-05-11 19:56:09.0000001,6.03
2014-08-08 00:02:41.0000004,11.28
2014-08-08 00:02:41.0000002,48.98
2013-09-12 12:50:13.0000007,12.74
2013-09-12 12:50:13.0000003,12.19
2013-09-12 12:50:13.0000001,19.63
2011-06-26 03:33:25.0000002,17.39
2011-09-18 18:33:13.0000003,5.67
2014-03-04 16:24:45.0000001,97.31
2014-11-10 10:52:41.0000001,38.07
2009-12-22 15:59:53.0000003,12.31
2014-05-08 21:23:41.0000001,11.4
2012-07-15 03:53:37.0000001,15.93
2012-07-15 03:53:37.0000002,12.46
2012-07-15 03:53:37.0000003,8.11
2013-06-10 11:29:13.0000001,11.91
2015-04-25 01:06:17.0000007,14.42
2015-04-25 01:06:17.0000003,14.32
2012-10-28 13:55:57.0000001,7.99
2011-06-12 01:07:57.0000003,6.21
2014-12-11 15:20:49.0000001,7.04
2011-06-19 04:08:49.0000002,9.96
2012-04-14 22:29:37.0000001,5.96
2015-06-02 09:11:17.0000007,10.62
2011-10-08 12:54:49.0000002,6.78
2009-06-02 08:34:33.0000001,6.9
2011-10-01 15:04:57.0000001,27.76
2013-06-22 01:59:25.0000002,13.56
2010-12-15 08:39:33.0000005,4.79
2012-05-26 11:54:53.0000001,6.98
2012-05-26 11:54:53.0000002,8.83
2014-01-11 19:20:17.0000001,6.05
2015-01-05 21:43:13.0000001,24.78
2011-07-19 22:20:41.0000002,14.42
2011-07-19 22:20:41.0000004,7.24
2011-07-19 22:20:41.0000001,16.31
2012-03-18 02:27:41.0000001,5.52
2009-01-19 19:48:17.0000001,4.77
2009-01-19 19:48:17.0000002,5.39
2013-01-13 00:20:53.0000001,9.68
2013-11-28 13:17:13.0000002,26.84
2012-06-10 00:46:17.0000006,5.67
2012-06-10 00:46:17.0000003,11.02
2012-06-10 00:46:17.0000005,8.86
2010-02-20 04:04:13.0000004,22.96
2014-01-01 16:33:01.0000005,14.85
2010-10-01 13:11:05.0000001,5.72
2012-04-14 14:20:33.0000001,11.36
2015-05-17 04:17:33.0000005,5.12
2014-07-26 23:31:41.0000003,15.59
2014-07-26 23:31:41.0000002,9.64
2009-11-07 16:37:49.0000004,8.33
2011-01-07 09:25:57.0000003,7.92
2012-07-18 16:28:21.0000001,8.85
2013-03-08 19:03:09.0000003,10.69
2009-12-10 22:45:01.0000004,12.64
2012-07-13 11:00:05.0000004,7.89
2013-04-28 10:36:37.0000001,6.69
2009-04-23 02:42:05.0000003,9.57
2013-06-08 16:55:13.0000003,9.65
2012-10-25 16:20:37.0000004,7.41
2012-10-25 16:20:37.0000003,31.66
2012-07-31 20:04:53.0000006,9.31
2012-07-31 20:04:53.0000002,5.79
2009-07-14 22:41:09.0000003,6.21
2011-09-03 19:22:17.0000001,7.45
2011-09-03 19:22:17.0000003,8.35
2011-09-03 19:22:17.0000002,16.9
2013-11-21 14:19:21.0000001,39.78
2015-01-02 11:55:57.0000003,18.66
2013-11-23 22:19:37.0000004,6.31
2013-11-23 22:19:37.0000003,8.13
2013-11-23 22:19:37.0000005,13.39
2011-04-04 19:54:33.0000001,4.5
2014-07-14 16:18:37.0000002,7.2
2014-03-18 19:55:17.0000001,8.11
2010-06-05 23:05:25.0000006,6.5
2014-09-09 22:48:37.0000001,8.59
2014-09-09 22:48:37.0000002,6.64
2014-03-28 21:55:17.0000003,6.17
2014-03-28 21:55:17.0000001,7.81
2009-09-24 22:41:17.0000001,7.81
2012-04-27 18:37:09.0000002,9.01
2014-04-05 18:11:33.0000002,15.22
2013-11-07 22:25:25.0000003,7.73
2013-11-07 22:25:25.0000001,5.97
2012-06-30 03:53:29.0000002,5.11
2011-05-19 16:01:41.0000001,6.94
2010-01-11 12:38:33.0000002,4.81
2010-10-16 09:26:33.0000001,9.64
2010-10-16 09:26:33.0000003,6.79
2014-07-25 18:06:37.0000007,7.38
2014-05-13 21:07:29.0000004,9.96
2014-05-13 21:07:29.0000001,30.01
2013-11-16 18:33:25.0000005,12.18
2009-08-02 14:01:33.0000004,7.81
2015-01-12 15:36:37.0000008,10.66
2013-05-26 15:18:37.0000005,22.82
2013-05-26 15:18:37.0000001,49.46
2013-05-26 15:18:37.0000003,14.87
2009-09-20 23:07:01.0000001,9.44
2009-09-25 21:43:49.0000004,9.35
2009-09-25 21:43:49.00000010,13.06
2009-03-22 20:58:33.0000003,14.55
2011-12-09 21:19:25.0000001,6.77
2013-07-05 20:44:49.0000001,12.06
2013-12-20 15:58:29.0000006,12.05
2013-12-20 15:58:29.0000001,8.55
2014-10-06 14:37:25.0000005,57.25
2015-01-18 23:09:25.0000001,5.92
2014-02-06 13:26:49.0000002,4.99
2013-02-27 19:25:13.0000001,16.47
2009-09-15 08:28:53.0000003,10.79
2012-07-18 22:34:53.0000003,7.5
2011-05-17 22:09:17.0000002,5.64
2010-09-19 17:13:29.0000008,31.9
2010-09-19 17:13:29.0000006,15.09
2013-03-19 18:08:29.0000002,6.67
2013-03-19 18:08:29.0000001,12.18
2011-04-23 11:01:49.0000001,10.62
2013-07-04 05:39:13.0000001,12.25
2010-11-08 10:01:37.0000003,6.58
2009-04-01 19:28:09.0000001,6.31
2011-11-26 02:04:29.0000004,4.73
2011-11-26 02:04:29.0000003,5.7
2009-01-11 07:56:01.0000001,5.71
2012-05-30 09:19:13.0000002,5.96
2014-10-28 22:42:33.0000003,13.0
2014-07-19 21:05:37.0000002,13.66
2012-10-02 14:17:13.0000001,6.67
2012-10-20 00:36:37.0000002,6.69
2014-06-19 22:37:09.0000006,7.91
2014-06-19 22:37:09.0000004,8.56
2011-05-11 13:24:37.0000002,9.28
2014-10-13 00:42:05.0000002,8.69
2013-12-08 10:41:05.0000007,9.52
2009-07-04 13:00:57.0000002,10.43
2015-06-30 04:09:45.0000001,36.07
2013-09-08 03:47:57.0000002,10.12
2009-05-15 21:19:13.0000004,29.38
2010-01-29 08:32:53.0000002,5.13
2015-05-15 01:51:49.0000003,5.94
2012-11-12 10:06:17.0000003,7.29
2013-12-01 22:23:57.0000003,43.13
2014-01-03 15:48:49.0000001,9.24
2013-01-19 20:19:45.0000002,5.85
2015-03-17 21:44:26.0000002,6.03
2009-01-06 07:36:34.0000005,5.39
2013-01-20 20:41:26.0000002,16.78
2015-06-07 00:38:14.0000001,10.27
2009-01-03 00:51:02.0000002,12.22
2009-01-03 00:51:02.0000001,11.21
2009-08-02 05:08:42.0000001,25.95
2013-10-18 09:06:14.0000002,6.88
2009-04-26 17:29:42.0000001,5.55
2015-02-25 22:00:38.0000002,17.25
2010-10-06 23:31:54.0000001,13.68
2009-01-21 20:04:30.0000006,9.32
2013-12-18 14:26:58.0000002,32.76
2014-04-26 18:02:26.0000003,6.26
2014-10-05 13:58:18.0000002,8.21
2014-10-05 13:58:18.0000001,8.04
2013-05-23 23:54:42.0000004,8.14
2009-11-23 19:06:14.0000005,13.2
2010-09-01 08:23:54.0000002,5.84
2011-12-10 23:39:06.0000001,12.63
2009-12-17 15:54:46.0000002,10.85
2010-06-16 18:41:54.0000003,8.48
2011-11-02 08:21:50.0000003,6.6
2011-11-02 08:21:50.0000001,9.1
2009-03-15 03:31:14.0000003,5.8
2014-09-08 19:07:46.0000001,7.52
2010-04-24 23:31:50.0000004,6.74
2010-04-24 23:31:50.0000002,10.43
2011-03-03 21:31:42.0000004,4.68
2011-03-03 21:31:42.0000002,13.51
2011-09-05 10:47:26.0000001,7.53
2012-09-16 12:48:06.0000002,6.74
2015-04-10 11:56:54.0000005,11.6
2013-10-15 23:31:26.0000002,20.27
2013-06-21 18:06:14.0000002,7.42
2009-05-19 15:44:30.0000001,9.01
2014-01-26 08:48:30.0000003,7.62
2014-12-25 21:32:58.0000002,9.25
2011-07-30 15:27:58.0000001,7.52
2010-09-24 22:40:06.0000007,5.29
2010-02-06 17:37:10.0000005,48.16
2010-02-06 17:37:10.0000001,13.2
2012-08-13 15:02:26.0000001,9.57
2013-01-14 18:42:54.0000004,6.95
2013-01-14 18:42:54.0000005,7.92
2009-11-11 21:20:18.0000002,6.68
2009-04-18 02:44:34.0000004,31.99
2009-04-18 02:44:34.0000001,7.41
2014-01-10 12:28:38.0000002,6.39
2014-10-11 00:26:38.0000004,23.05
2010-01-30 02:13:06.0000004,4.27
2009-08-26 23:55:38.0000001,7.25
2012-09-07 23:20:34.0000002,8.65
2012-09-07 23:20:34.0000005,8.33
2015-01-10 14:32:14.0000002,15.18
2010-05-31 20:43:42.0000001,5.36
2010-05-31 20:43:42.0000003,5.37
2014-05-18 14:43:26.0000004,8.6
2011-10-08 18:18:26.0000002,6.03
2011-10-08 18:18:26.0000003,14.46
2010-03-23 13:23:34.0000003,12.4
2010-12-21 08:46:02.0000001,10.49
2010-12-21 08:46:02.0000002,4.51
2010-06-19 22:52:30.0000003,7.68
2013-01-03 01:43:10.0000002,10.46
2013-11-24 03:44:46.0000001,14.51
2011-04-16 12:57:18.0000002,5.58
2012-10-11 22:24:18.0000002,7.64
2011-05-17 23:42:46.0000006,6.33
2011-05-17 23:42:46.0000003,6.08
2014-01-09 17:27:18.0000003,5.46
2014-01-09 17:27:18.0000004,9.71
2010-01-09 13:24:22.0000002,45.57
2010-01-09 13:24:22.0000001,7.91
2009-03-11 21:46:54.0000006,7.49
2012-08-22 20:54:46.0000004,12.15
2012-08-22 20:54:46.0000005,29.85
2009-02-21 20:49:34.0000002,10.73
2012-08-10 14:04:14.0000001,9.39
2009-10-17 03:52:42.0000005,9.92
2014-02-27 09:36:26.0000001,11.42
2014-03-11 20:24:02.0000005,12.26
2014-03-11 20:24:02.0000001,6.83
2015-05-07 15:33:26.0000004,5.74
2012-09-10 21:07:54.0000008,7.66
2012-04-20 00:06:10.0000003,4.94
2012-04-20 00:06:10.0000004,15.11
2012-06-12 23:10:42.0000004,10.05
2013-04-21 19:50:54.0000002,7.06
2013-02-06 18:21:18.0000005,18.23
2014-05-01 21:05:34.0000001,29.92
2011-04-22 19:23:54.0000004,4.98
2011-09-17 15:41:06.0000002,7.84
2015-03-05 13:21:58.0000001,56.43
2015-06-21 17:16:10.0000001,7.51
2010-06-02 22:04:10.0000002,25.26
2010-06-02 22:04:10.0000001,8.68
2015-02-27 19:36:02.0000008,15.29
2015-02-27 19:36:02.0000005,8.32
2013-04-06 19:16:10.0000002,7.65
2014-03-08 16:08:26.0000006,18.74
2014-03-08 16:08:26.0000005,5.26
2013-12-06 23:40:42.0000004,7.42
2013-12-06 23:40:42.0000005,15.38
2014-09-13 19:05:02.0000001,6.98
2015-03-12 13:01:54.0000003,5.91
2015-03-12 13:01:54.0000006,6.51
2014-10-04 21:48:22.0000001,11.93
2012-01-22 04:13:34.0000001,22.78
2012-01-22 04:13:34.0000003,9.65
2010-12-17 10:33:34.0000003,14.54
2010-12-17 10:33:34.0000001,28.58
2012-06-04 11:34:58.0000002,8.39
2012-12-08 20:08:38.0000001,16.78
2012-12-08 20:08:38.0000002,9.22
2013-12-29 01:20:50.0000002,20.38
2014-03-28 22:34:26.0000002,9.86
2013-09-07 19:43:18.0000002,16.09
2013-09-07 19:43:18.0000007,7.39
2010-03-07 00:47:26.0000002,12.43
2010-03-07 00:47:26.0000003,6.12
2010-10-31 18:45:58.0000004,5.67
2015-02-03 09:00:58.0000003,38.77
2012-08-08 08:58:50.0000002,6.86
2011-04-08 15:01:02.0000002,5.51
2015-01-10 09:38:54.0000006,6.99
2015-01-10 09:38:54.0000002,12.57
2015-01-10 09:38:54.0000005,13.97
2015-01-10 09:38:54.0000001,9.76
2014-10-03 00:50:06.0000003,5.97
2010-06-18 19:19:26.0000004,14.49
2013-06-21 00:00:34.0000004,8.69
2012-02-29 12:03:34.0000003,7.11
2013-09-16 14:16:34.0000002,30.84
2011-03-10 18:16:14.0000002,6.0
2011-05-19 02:06:46.0000001,7.93
2014-08-08 15:26:18.0000001,8.91
2009-03-11 12:01:30.0000003,5.5
2012-07-26 12:40:38.0000004,10.32
2014-05-26 22:57:10.0000001,10.65
2010-09-04 18:31:42.0000004,12.04
2011-09-22 20:05:22.0000002,6.4
2011-09-22 20:05:22.0000004,6.23
2014-08-09 01:27:30.0000001,14.14
2014-10-31 12:04:26.0000003,7.65
2013-04-10 21:03:42.0000006,12.49
2011-12-29 19:29:50.0000002,8.27
2013-03-14 21:43:46.0000002,4.94
2009-02-08 00:04:06.0000003,4.63
2012-02-04 22:47:18.0000002,5.01
2012-05-06 03:01:10.0000001,24.24
2014-07-08 08:56:58.0000002,5.65
2014-07-08 08:56:58.0000005,6.3
2014-07-08 08:56:58.0000004,15.52
2014-07-08 08:56:58.0000003,9.77
2011-02-19 10:14:58.0000001,9.36
2010-08-16 17:14:18.0000002,6.42
2012-12-27 21:01:54.0000002,16.41
2015-05-31 20:48:54.0000002,15.2
2013-01-06 12:39:54.0000006,5.48
2010-12-24 04:23:06.0000001,30.25
2010-11-10 23:21:50.0000001,8.34
2011-10-01 00:42:26.0000002,19.41
2013-03-31 00:09:58.0000001,23.21
2011-07-20 08:05:02.0000001,34.96
2009-05-03 16:02:54.0000004,5.21
2012-09-06 17:58:06.0000002,10.34
2014-04-06 16:47:14.0000001,14.53
2014-04-06 16:47:14.0000002,28.05
2014-09-06 03:52:50.0000001,7.94
2014-01-01 13:06:34.0000002,13.1
2011-12-25 15:35:54.0000002,5.18
2011-12-25 15:35:54.0000005,5.32
2011-12-25 15:35:54.0000001,5.61
2015-05-14 23:11:58.0000004,14.03
2015-04-22 09:54:06.0000001,7.0
2012-09-01 19:04:18.0000001,10.13
2013-06-06 02:54:50.0000001,37.16
2011-09-03 00:03:42.0000007,50.33
2013-07-02 22:27:14.0000002,5.66
2011-07-18 00:04:54.0000001,7.92
2011-04-03 03:46:18.0000001,5.27
2010-06-25 14:00:14.0000001,9.14
2014-09-10 16:40:02.0000001,8.87
2011-03-01 07:23:14.0000002,5.94
2011-06-24 13:23:18.0000005,11.71
2012-01-01 18:02:46.0000001,19.15
2015-03-28 19:31:26.0000004,9.97
2010-07-13 11:53:15.0000006,10.89
2010-07-13 11:53:15.0000005,7.1
2010-07-13 11:53:15.0000003,6.29
2013-02-07 13:47:59.0000002,15.41
2015-05-19 13:58:11.0000006,36.44
2015-05-19 13:58:11.0000009,15.91
2012-07-31 22:21:11.0000003,7.73
2013-01-03 08:50:31.0000003,7.78
2010-03-18 00:05:43.0000001,19.46
2009-04-14 17:43:23.0000001,51.7
2009-04-14 17:43:23.0000002,7.3
2015-06-15 14:34:03.0000001,12.7
2014-11-26 06:46:23.0000002,30.79
2010-12-19 16:25:15.0000002,7.36
2015-06-18 20:56:55.0000004,6.34
2015-06-18 20:56:55.0000008,18.39
2015-04-28 20:15:27.0000003,7.32
2013-01-23 13:49:19.0000001,8.58
2012-01-03 08:49:15.0000005,9.87
2012-06-09 19:03:11.0000005,8.29
2012-06-09 19:03:11.0000007,11.28
2009-05-27 02:00:51.0000001,17.93
2014-06-07 12:21:11.0000003,13.78
2011-09-08 22:37:43.0000001,6.73
2010-06-18 22:52:11.0000001,24.38
2011-09-13 13:31:51.0000001,12.19
2011-09-13 13:31:51.0000005,6.9
2014-10-06 09:24:11.0000005,25.68
2012-03-15 18:23:55.0000002,7.29
2013-12-22 21:24:47.0000002,6.12
2011-11-23 21:07:43.0000001,6.22
2010-11-17 19:10:23.0000003,6.33
2010-11-17 19:10:23.0000005,11.29
2015-02-14 13:15:19.0000007,7.23
2013-01-12 22:40:39.0000008,7.94
2013-01-12 22:40:39.0000009,18.59
2013-01-12 22:40:39.0000007,6.4
2010-02-15 14:20:31.0000002,25.34
2010-02-15 14:20:31.0000003,4.99
2013-03-23 15:41:07.0000003,10.86
2009-05-08 22:14:51.0000002,5.6
2010-01-31 00:33:03.0000005,7.41
2009-01-18 18:22:07.0000002,9.34
2009-01-28 11:27:19.0000001,7.02
2015-05-20 19:39:11.0000003,16.49
2014-01-11 17:47:47.0000001,9.83
2012-07-12 02:46:07.0000001,10.34
2014-03-05 23:16:07.0000001,14.89
2014-12-17 20:56:31.0000003,11.18
2010-10-09 15:48:51.0000003,30.77
2013-10-10 11:09:23.0000001,16.89
2014-10-12 09:23:55.0000001,12.99
2013-01-08 07:03:07.0000001,7.98
2012-10-28 17:21:19.0000001,7.93
2012-10-28 17:21:19.0000003,10.99
2014-12-26 20:46:23.0000001,14.46
2015-05-10 12:37:51.0000003,12.9
2010-12-11 13:31:11.0000003,7.51
2010-03-01 22:21:55.0000003,6.72
2010-03-01 22:21:55.0000002,15.7
2015-03-08 14:59:23.0000001,23.44
2015-03-08 14:59:23.0000003,38.89
2009-06-08 11:06:23.0000001,63.97
2014-01-26 13:51:39.0000001,9.59
2014-11-30 15:46:23.0000003,5.37
2011-08-20 15:50:39.0000001,10.67
2010-06-22 14:25:19.0000008,50.41
2010-06-22 14:25:19.0000001,6.6
2014-05-25 19:46:59.0000003,28.25
2014-04-04 05:47:11.0000002,14.32
2013-01-11 20:08:07.0000003,10.1
2013-01-11 20:08:07.0000001,5.54
2013-10-09 17:27:39.0000001,56.53
2015-01-12 17:05:51.0000004,8.05
2009-01-12 07:47:39.0000001,32.97
2011-04-28 19:39:43.0000003,13.73
2014-11-17 00:03:47.0000003,6.35
2014-11-17 00:03:47.0000001,9.76
2013-08-18 00:32:15.0000003,7.09
2013-05-23 12:09:23.0000005,8.05
2013-05-23 12:09:23.0000004,15.76
2014-12-11 08:20:39.0000001,24.3
2014-12-11 08:20:39.0000004,13.28
2013-12-10 14:00:35.0000002,5.96
2011-09-10 20:44:59.0000003,6.98
2011-04-28 09:50:03.0000001,6.09
2010-02-26 18:34:51.0000001,9.71
2013-12-05 23:29:15.0000002,5.87
2012-12-13 19:05:27.0000004,6.9
2012-11-09 18:17:35.0000002,12.68
2010-07-05 19:21:35.0000001,9.9
2011-11-29 22:19:51.0000003,7.52
2009-01-30 22:47:07.0000002,13.7
2009-01-30 22:47:07.0000005,5.88
2013-09-26 20:54:19.0000001,14.47
2014-09-16 18:22:23.0000001,8.0
2011-06-25 23:18:27.0000003,7.87
2011-06-25 23:18:27.0000002,11.28
2009-01-17 02:21:55.0000003,5.81
2014-11-01 15:31:15.0000001,6.8
2013-07-12 23:17:31.0000003,7.32
2013-07-12 23:17:31.0000002,10.65
2013-07-12 23:17:31.0000001,9.86
2009-09-24 04:23:47.0000001,6.11
2009-04-20 21:08:35.0000005,8.4
2009-04-20 21:08:35.0000004,8.3
2009-04-06 13:47:15.0000001,4.93
2013-11-29 21:36:07.0000002,21.96
2013-11-29 21:36:07.0000001,9.84
2012-04-14 11:59:11.0000003,11.23
2009-03-06 00:13:03.0000002,12.73
2010-04-23 00:00:03.0000001,24.18
2010-05-22 23:46:19.0000004,8.11
2012-06-09 22:57:15.0000004,7.94
2010-10-27 02:29:39.0000001,5.66
2010-10-22 20:56:51.0000003,11.4
2013-10-07 08:53:39.0000001,6.93
2011-10-04 11:48:35.0000001,9.38
2010-12-31 13:32:39.0000002,7.07
2010-08-21 20:25:07.0000002,7.77
2009-11-16 21:03:31.0000005,10.74
2009-11-16 21:03:31.0000006,6.39
2010-12-01 21:02:35.0000003,12.43
2010-04-20 11:53:23.0000001,6.33
2013-09-20 13:38:55.0000005,7.15
2013-09-20 13:38:55.0000004,58.84
2012-09-09 23:40:03.0000002,6.36
2012-09-09 23:40:03.0000004,12.61
2010-05-23 15:28:55.0000002,5.28
2012-10-15 20:10:31.0000005,17.36
2013-06-07 13:52:55.0000005,9.83
2009-06-04 19:34:15.0000005,8.61
2013-09-29 22:12:07.0000001,26.67
2010-05-02 12:39:55.0000003,5.59
2010-05-02 12:39:55.0000001,16.68
2015-05-20 00:59:15.0000001,7.47
2009-12-03 18:02:47.0000003,7.93
2009-12-03 18:02:47.0000002,49.42
2009-09-28 19:21:59.0000007,5.89
2009-09-28 19:21:59.0000006,9.47
2015-05-23 12:59:39.0000003,17.26
2014-01-11 23:10:59.0000006,9.1
2010-04-24 20:15:07.0000001,5.19
2013-05-24 07:22:51.0000001,9.81
2009-08-06 02:50:03.0000001,16.49
2014-08-08 17:32:47.0000003,8.67
2010-09-22 09:42:31.0000003,9.93
2013-08-19 19:39:23.0000002,16.87
2015-03-11 16:36:39.0000004,31.8
2015-05-29 18:59:35.0000006,16.19
2011-10-26 17:48:43.0000005,10.58
2009-11-03 19:53:27.0000002,7.11
2009-11-03 19:53:27.0000001,5.88
2009-12-19 21:56:15.0000004,5.84
2009-12-21 21:20:43.0000002,6.22
2009-08-21 15:35:07.0000001,13.97
2010-04-25 13:28:47.0000001,8.42
2010-11-02 18:49:59.0000004,7.98
2010-04-21 06:28:47.0000001,48.27
2015-02-11 20:51:51.0000001,5.18
2013-12-07 01:41:59.0000002,8.08
2013-05-21 06:52:59.0000003,30.77
2014-07-12 00:15:59.0000001,11.01
2010-06-13 19:39:51.0000002,11.13
2009-03-31 10:27:19.0000003,10.33
2013-09-14 18:28:03.0000001,5.92
2015-02-14 09:08:11.0000002,9.53
2012-01-19 20:26:35.0000002,6.38
2012-01-19 20:26:35.0000003,5.91
2012-01-19 20:26:35.0000006,16.63
2015-02-25 18:00:51.0000001,6.25
2015-02-25 18:00:51.0000007,6.75
2009-08-08 11:41:51.0000003,6.73
2013-06-02 16:26:47.0000001,7.53
2011-09-14 00:50:15.0000001,9.56
2013-02-16 14:26:51.0000003,5.94
2012-11-12 11:57:03.0000001,8.77
2012-01-04 00:06:39.0000002,5.11
2013-06-21 02:39:47.0000001,14.89
2010-12-28 20:17:27.0000005,9.52
2010-12-28 20:17:27.0000003,11.15
2009-12-12 22:01:31.0000001,6.03
2011-05-20 23:42:59.0000001,6.39
2014-01-04 10:54:59.0000005,9.18
2014-01-04 10:54:59.0000002,11.81
2012-02-11 04:52:35.0000001,3.89
2014-09-14 23:26:11.0000001,8.21
2014-04-05 01:52:27.0000002,26.63
2010-02-23 20:29:51.0000004,9.06
2013-11-01 13:07:47.0000003,18.25
2015-03-07 15:25:59.0000003,5.64
2009-04-16 15:57:31.0000001,9.83
2010-01-10 12:55:43.0000003,9.45
2010-01-10 12:55:43.0000004,23.73
2010-01-10 12:55:43.0000001,5.47
2015-03-16 21:12:19.0000002,6.04
2015-03-16 21:12:19.0000006,18.13
2012-09-29 20:16:51.0000004,5.91
2009-07-30 15:49:15.0000002,2.5
2009-07-30 15:49:15.0000004,9.45
2013-11-18 16:18:39.0000001,56.35
2015-01-18 14:06:23.0000001,10.32
2015-01-18 14:06:23.0000004,6.85
2015-01-18 14:06:23.0000003,6.95
2009-09-07 19:35:39.0000001,7.56
2014-06-14 13:39:00.000000155,5.29
2014-06-14 13:39:00.000000174,11.36
2014-06-14 13:39:00.000000104,9.93
2014-06-14 13:39:00.00000083,55.68
2014-06-14 13:39:00.00000056,5.86
2014-06-14 13:39:00.000000102,12.21
2014-06-14 13:39:00.00000065,23.47
2014-06-14 13:39:00.000000137,12.71
2014-06-14 13:39:00.0000002,56.33
2014-06-14 13:39:00.00000028,6.46
2014-06-14 13:39:00.000000194,5.95
2013-06-27 00:20:40.0000002,6.0
2014-12-30 20:29:24.0000001,6.87
2011-03-24 15:57:04.0000002,4.91
2012-06-09 16:53:44.0000001,8.9
2011-10-02 23:36:00.0000001,14.17
2011-10-02 23:36:00.00000050,25.17
2011-10-02 23:36:00.00000069,8.64
2011-10-02 23:36:00.00000093,9.53
2011-10-02 23:36:00.00000010,10.37
2011-10-02 23:36:00.00000017,10.55
2011-10-02 23:36:00.00000072,11.12
2011-10-02 23:36:00.00000025,8.35
2011-10-02 23:36:00.00000019,5.6
2013-03-21 12:47:28.0000001,11.42
2013-06-07 03:02:56.0000003,12.17
2009-06-10 16:55:00.000000123,6.01
2009-06-10 16:55:00.000000150,11.76
2009-06-10 16:55:00.00000064,8.26
2009-06-10 16:55:00.00000062,12.75
2009-06-10 16:55:00.0000005,5.13
2009-06-10 16:55:00.0000006,19.64
2009-06-10 16:55:00.000000130,8.81
2009-06-10 16:55:00.000000175,6.62
2009-06-10 16:55:00.00000041,50.13
2009-06-10 16:55:00.000000152,5.32
2009-06-10 16:55:00.000000155,6.05
2009-06-10 16:55:00.00000061,5.79
2011-06-24 12:03:00.000000131,5.77
2011-06-24 12:03:00.000000184,10.86
2011-06-24 12:03:00.00000081,8.69
2011-06-24 12:03:00.0000007,8.79
2011-06-24 12:03:00.00000028,5.76
2011-06-24 12:03:00.000000198,7.37
2014-06-15 07:06:00.0000004,14.13
2014-06-15 07:06:00.00000011,12.13
2014-06-06 16:22:20.0000001,8.45
2009-09-14 02:19:00.00000043,6.2
2009-09-14 02:19:00.00000027,8.21
2009-09-14 02:19:00.00000042,6.29
2009-09-14 02:19:00.00000034,18.29
2009-09-14 02:19:00.00000033,8.18
2010-08-21 22:21:32.0000001,10.2
2010-08-21 22:21:32.0000002,8.08
2012-05-06 23:37:24.0000003,11.06
2013-12-21 17:20:32.0000002,58.47
2014-04-28 19:46:36.0000002,9.63
2011-06-01 07:37:00.00000080,33.97
2011-06-01 07:37:00.000000164,10.94
2011-06-01 07:37:00.00000074,23.29
2011-06-01 07:37:00.00000085,19.27
2011-06-01 07:37:00.0000003,8.28
2011-06-01 07:37:00.000000159,19.37
2011-06-01 07:37:00.00000052,22.54
2011-06-01 07:37:00.000000218,17.24
2011-06-01 07:37:00.00000062,7.03
2011-06-01 07:37:00.00000031,6.76
2010-08-27 18:45:00.000000170,11.82
2010-08-27 18:45:00.00000044,16.78
2010-08-27 18:45:00.000000146,6.88
2010-08-27 18:45:00.00000035,7.55
2010-08-27 18:45:00.000000139,6.08
2010-08-27 18:45:00.00000051,5.58
2010-08-27 18:45:00.000000186,5.8
2010-08-27 18:45:00.000000102,7.46
2010-08-27 18:45:00.000000164,11.73
2010-08-27 18:45:00.000000199,13.9
2010-08-27 18:45:00.000000174,7.36
2010-08-27 18:45:00.000000187,6.46
2010-08-27 18:45:00.000000172,15.42
2010-08-14 02:13:00.000000105,10.3
2010-08-14 02:13:00.000000159,5.42
2010-08-14 02:13:00.00000040,5.54
2010-08-14 02:13:00.000000147,10.15
2010-08-14 02:13:00.000000145,6.09
2010-08-14 02:13:00.00000061,9.34
2010-08-14 02:13:00.000000150,15.14
2010-08-14 02:13:00.00000024,7.25
2010-08-14 02:13:00.000000167,8.95
2010-08-14 02:13:00.00000099,8.58
2010-08-14 02:13:00.000000120,11.27
2010-08-14 02:13:00.00000027,5.56
2010-08-14 02:13:00.00000063,11.66
2010-08-14 02:13:00.000000164,5.35
2010-08-14 02:13:00.000000143,16.61
2010-08-14 02:13:00.000000156,23.05
2010-08-14 02:13:00.000000123,15.86
2014-03-25 23:47:00.00000013,5.49
2014-03-25 23:47:00.000000116,11.18
2014-03-25 23:47:00.000000141,6.31
2014-03-25 23:47:00.000000107,7.27
2014-03-25 23:47:00.00000068,6.12
2014-03-25 23:47:00.00000098,18.75
2014-03-25 23:47:00.000000138,12.54
2014-03-25 23:47:00.000000120,12.17
2015-06-05 08:38:56.0000003,10.37
2010-09-29 16:43:00.000000154,37.49
2010-09-29 16:43:00.000000157,5.42
2010-09-29 16:43:00.00000099,8.91
2010-09-29 16:43:00.00000023,6.88
2010-09-29 16:43:00.000000148,16.43
2014-10-27 14:58:00.00000028,7.9
2014-10-27 14:58:00.00000069,10.22
2014-10-27 14:58:00.000000106,7.96
2014-10-27 14:58:00.00000070,6.44
2014-10-27 14:58:00.000000121,13.63
2014-10-27 14:58:00.00000022,13.97
2014-10-27 14:58:00.00000057,14.98
2009-10-08 23:44:56.0000002,6.47
2012-11-03 17:11:00.00000080,11.93
2012-11-03 17:11:00.00000030,6.34
2012-11-03 17:11:00.000000149,6.22
2012-11-03 17:11:00.00000078,11.11
2012-11-03 17:11:00.00000063,9.94
2012-11-03 17:11:00.000000142,6.99
2012-11-03 17:11:00.000000101,8.19
2011-05-28 17:29:44.0000003,7.13
2011-03-11 01:44:00.00000023,21.29
2011-03-11 01:44:00.00000014,5.57
2011-03-11 01:44:00.00000067,5.91
2011-03-11 01:44:00.00000019,6.47
2011-03-11 01:44:00.00000082,21.66
2011-03-11 01:44:00.00000084,5.1
2011-03-11 01:44:00.00000033,10.7
2011-03-11 01:44:00.00000051,14.41
2011-03-11 01:44:00.00000011,19.79
2013-12-16 19:06:44.0000001,6.35
2009-05-08 18:00:36.0000001,5.62
2013-01-27 00:09:12.0000008,11.53
2013-09-15 02:37:52.0000002,10.27
2009-04-05 09:48:20.0000001,5.31
2009-11-25 19:32:52.0000001,13.13
2011-10-04 09:37:00.00000099,6.74
2011-10-04 09:37:00.00000019,10.21
2011-10-04 09:37:00.000000132,17.29
2011-10-04 09:37:00.00000043,40.2
2011-10-04 09:37:00.000000122,29.36
2011-10-04 09:37:00.0000002,10.31
2011-10-04 09:37:00.000000109,6.77
2014-04-29 08:15:56.0000003,6.41
2014-12-24 03:00:00.00000035,6.21
2009-10-04 22:54:56.0000001,22.85
2015-04-11 20:31:32.0000008,9.5
2015-04-11 20:31:32.00000013,14.02
2011-02-06 17:08:24.0000003,6.0
2014-04-27 02:57:00.00000010,17.16
2014-04-27 02:57:00.00000053,8.35
2014-04-27 02:57:00.000000128,5.41
2014-04-27 02:57:00.0000008,10.37
2014-04-27 02:57:00.00000067,10.75
2014-04-27 02:57:00.0000009,6.13
2014-04-27 02:57:00.000000159,15.0
2014-04-27 02:57:00.000000127,10.28
2014-04-27 02:57:00.000000112,10.13
2011-12-13 22:00:00.000000147,14.27
2011-12-13 22:00:00.000000164,5.76
2011-12-13 22:00:00.00000078,4.98
2011-12-13 22:00:00.000000103,8.67
2011-12-13 22:00:00.000000226,5.72
2011-12-13 22:00:00.000000215,9.06
2011-12-13 22:00:00.00000013,8.99
2011-12-13 22:00:00.000000258,6.12
2011-12-13 22:00:00.00000087,45.68
2011-12-13 22:00:00.000000270,5.77
2011-12-13 22:00:00.00000073,9.56
2011-12-13 22:00:00.000000203,4.65
2011-12-13 22:00:00.000000184,5.25
2011-12-13 22:00:00.00000019,6.28
2011-12-13 22:00:00.000000101,25.55
2011-12-13 22:00:00.000000122,19.95
2011-12-13 22:00:00.000000190,8.46
2011-12-13 22:00:00.00000021,5.37
2011-12-13 22:00:00.00000051,37.62
2011-12-13 22:00:00.00000036,7.81
2011-12-13 22:00:00.00000022,6.22
2009-04-12 16:00:56.0000002,14.13
2014-03-05 21:07:12.0000001,5.66
2015-04-11 14:16:12.0000009,6.68
2014-07-21 18:19:00.000000203,8.68
2014-07-21 18:19:00.000000229,12.31
2014-07-21 18:19:00.000000146,6.21
2014-07-21 18:19:00.000000108,8.68
2014-07-21 18:19:00.000000171,6.01
2014-07-21 18:19:00.00000090,14.66
2014-07-21 18:19:00.00000020,6.6
2014-07-21 18:19:00.00000059,23.24
2014-07-21 18:19:00.000000185,7.95
2014-07-21 18:19:00.000000186,12.14
2014-07-21 18:19:00.000000201,11.92
2014-07-21 18:19:00.000000217,5.43
2014-07-21 18:19:00.00000017,7.17
2014-07-21 18:19:00.00000079,9.22
2014-07-21 18:19:00.00000087,9.08
2011-06-13 09:55:04.0000003,14.0
2010-09-20 16:48:00.00000025,11.82
2010-09-20 16:48:00.00000085,49.39
2010-09-20 16:48:00.00000069,29.3
2010-09-20 16:48:00.00000086,6.81
2010-09-20 16:48:00.00000021,6.01
2010-09-20 16:48:00.00000024,6.26
2010-09-20 16:48:00.000000100,9.32
2010-09-20 16:48:00.0000008,17.55
2010-09-20 16:48:00.00000074,13.33
2012-08-20 14:47:36.0000002,10.28
2014-12-01 00:12:44.0000002,28.07
2009-03-16 09:55:24.0000001,6.18
2011-03-06 21:01:00.00000017,7.22
2011-03-06 21:01:00.000000161,7.36
2011-03-06 21:01:00.000000170,7.56
2011-03-06 21:01:00.00000078,9.08
2011-03-06 21:01:00.000000160,9.55
2013-02-26 01:38:20.0000001,6.81
2014-09-22 07:14:16.0000001,6.43
2010-10-05 02:09:00.00000017,6.23
2010-10-05 02:09:00.00000024,14.98
2010-10-05 02:09:00.00000020,5.74
2011-04-16 21:23:16.0000001,6.48
2013-10-05 19:51:04.0000001,7.25
2011-10-07 22:08:20.0000005,7.74
2012-03-14 19:10:48.0000003,4.8
2009-06-21 04:28:48.0000001,14.66
2011-06-25 11:42:36.0000001,10.36
2012-01-26 07:33:00.000000145,7.74
2012-01-26 07:33:00.00000030,5.77
2012-01-26 07:33:00.000000121,5.01
2012-01-26 07:33:00.000000151,10.07
2012-01-26 07:33:00.00000044,7.77
2015-03-20 23:34:40.0000009,18.73
2015-03-20 23:34:40.0000005,7.84
2015-05-21 07:08:08.0000001,10.26
2010-12-09 07:29:00.000000156,5.74
2010-12-09 07:29:00.0000002,7.45
2010-12-09 07:29:00.00000081,14.72
2010-08-21 23:02:28.0000003,12.64
2009-10-29 10:48:40.0000003,6.0
2015-02-01 00:48:44.0000003,8.4
2015-02-01 00:48:44.0000005,5.33
2011-12-06 11:07:40.0000002,7.32
2011-12-06 11:07:40.0000003,14.83
2013-05-18 15:28:40.0000001,11.04
2013-09-01 17:57:04.0000001,7.87
2015-02-21 18:39:16.0000001,10.85
2013-07-22 15:05:16.0000005,10.99
2010-12-25 13:54:12.0000002,7.17
2013-11-29 20:09:12.0000001,16.98
2011-10-25 20:34:20.0000002,10.61
2012-11-20 21:54:00.000000152,5.99
2012-11-20 21:54:00.00000071,26.2
2012-11-20 21:54:00.00000078,11.21
2012-11-20 21:54:00.00000073,8.32
2012-11-20 21:54:00.00000066,11.36
2012-11-20 21:54:00.000000189,7.67
2012-11-20 21:54:00.00000016,15.22
2012-11-20 21:54:00.0000007,11.45
2012-11-20 21:54:00.000000161,16.75
2012-11-20 21:54:00.000000174,9.97
2012-11-20 21:54:00.00000084,9.24
2012-11-20 21:54:00.000000173,7.98
2014-06-23 00:16:00.00000086,8.47
2014-06-23 00:16:00.00000042,43.32
2014-06-23 00:16:00.00000010,6.82
2011-09-30 03:23:32.0000001,14.8
2011-01-03 21:51:28.0000003,7.9
2013-09-25 22:00:00.00000018,8.48
2013-09-25 22:00:00.00000071,10.89
2013-09-25 22:00:00.000000114,11.71
2013-09-25 22:00:00.000000191,7.9
2013-09-25 22:00:00.0000006,9.83
2013-09-25 22:00:00.000000113,5.57
2013-09-25 22:00:00.000000212,5.18
2013-09-25 22:00:00.00000066,5.94
2011-07-06 18:07:44.0000004,4.97
2014-07-11 12:36:08.0000001,16.75
2015-02-20 11:08:29.0000007,11.56
2009-05-16 14:53:41.0000003,5.63
2010-07-01 22:11:33.0000003,6.15
2014-10-07 11:52:13.0000008,8.33
2015-02-26 23:20:13.0000008,16.25
2011-11-28 14:13:37.0000002,7.32
2013-08-30 11:20:21.0000003,36.98
2014-10-25 23:23:05.0000001,10.77
2014-10-25 23:23:05.0000002,13.67
2011-07-02 00:38:01.0000001,7.46
2014-02-08 17:24:57.0000002,9.93
2013-02-16 16:03:17.0000001,14.59
2011-01-24 20:18:49.0000005,8.56
2012-04-07 12:14:05.0000001,11.51
2011-10-20 13:46:33.0000002,11.59
2013-11-29 15:09:45.0000003,7.97
2014-06-22 14:49:13.0000002,37.11
2009-08-28 23:01:41.0000002,7.13
2010-06-11 13:37:21.0000003,11.07
2013-06-17 06:37:49.0000002,6.15
2015-06-02 09:11:17.0000002,45.89
2014-12-07 19:56:45.0000001,15.53
2013-04-23 13:19:17.0000001,8.95
2013-11-28 13:17:13.0000003,7.51
2012-06-10 00:46:17.0000001,9.69
2010-02-27 22:55:09.0000001,5.87
2012-04-14 14:20:33.0000002,7.18
2013-03-08 19:03:09.0000002,6.52
2012-07-13 11:00:05.0000005,5.95
2014-07-01 11:05:21.0000003,9.88
2012-10-25 16:20:37.0000005,11.32
2011-03-24 17:44:01.0000002,9.47
2014-07-25 18:06:37.0000006,14.89
2009-08-02 14:01:33.0000005,8.77
2009-09-25 21:43:49.0000009,11.31
2011-12-09 21:19:25.0000003,5.7
2011-12-09 21:19:25.0000004,10.25
2012-02-08 11:14:49.0000003,16.55
2012-07-18 22:34:53.0000002,5.58
2012-07-18 22:34:53.0000004,7.11
2009-09-04 18:43:33.0000002,5.36
2011-04-23 11:01:49.0000002,32.12
2014-10-28 22:42:33.0000004,4.75
2010-06-20 12:42:37.0000002,6.25
2015-02-19 11:39:21.0000004,43.23
2013-12-08 10:41:05.0000002,6.28
2009-05-15 21:19:13.0000003,6.22
2011-08-18 08:36:13.0000005,5.56
2012-12-20 23:43:09.0000004,19.7
2009-06-13 18:40:13.0000001,14.94
2009-01-06 07:36:34.0000001,9.08
2015-04-12 21:56:22.0000003,9.99
2010-03-21 16:52:58.0000003,8.85
2013-07-09 21:59:42.0000001,27.11
2012-06-23 09:43:42.0000002,5.08
2012-06-23 09:43:42.0000004,5.28
2013-10-26 10:46:46.0000003,38.68
2013-09-14 18:51:46.0000001,7.1
2009-11-23 19:06:14.0000001,6.9
2010-01-24 14:09:58.0000002,5.44
2011-12-10 23:39:06.0000003,5.39
2011-01-15 04:13:38.0000001,5.89
2011-03-03 21:31:42.0000003,5.28
2012-08-04 23:34:58.0000003,12.98
2015-04-10 11:56:54.0000006,7.51
2015-05-05 12:32:14.0000008,17.14
2013-10-13 19:52:54.0000002,47.41
2015-06-25 01:01:46.0000004,12.2
2009-05-19 15:44:30.0000002,29.91
2010-02-06 17:37:10.0000002,6.32
2013-01-14 18:42:54.0000003,7.1
2014-01-05 17:47:02.0000001,12.56
2009-07-28 11:13:10.0000002,6.89
2012-01-12 18:05:10.0000002,22.89
2010-12-21 08:46:02.0000006,5.98
2013-11-24 03:44:46.0000003,19.69
2013-06-30 03:37:26.0000003,14.6
2011-05-26 21:36:54.0000004,7.33
2009-03-11 21:46:54.0000002,9.87
2012-12-26 17:12:30.0000002,13.75
2013-04-21 19:50:54.0000001,11.22
2013-02-06 18:21:18.0000001,8.97
2013-07-21 11:41:26.0000003,12.52
2011-09-17 15:41:06.0000004,13.67
2015-06-21 17:16:10.0000005,13.24
2015-02-27 19:36:02.00000013,7.94
2015-06-15 01:00:06.0000001,5.37
2014-03-08 16:08:26.0000001,5.15
2014-03-08 16:08:26.0000003,10.29
2014-09-13 19:05:02.0000002,8.43
2010-12-04 21:08:38.0000004,17.0
2010-03-07 00:47:26.0000001,5.05
2009-12-30 16:54:50.0000001,20.82
2009-03-11 16:02:14.0000007,12.5
2010-03-13 01:23:10.0000001,6.04
2012-05-30 02:28:50.0000002,7.63
2010-09-04 18:31:42.0000003,5.4
2009-11-20 23:19:58.0000003,7.65
2011-09-22 20:05:22.0000003,11.85
2009-02-08 00:04:06.0000001,22.05
2014-05-17 10:51:46.0000003,12.35
2010-05-06 11:35:26.0000002,11.26
2011-10-01 00:42:26.0000001,6.81
2014-12-26 20:19:38.0000001,6.43
2015-04-22 09:54:06.0000004,11.34
2009-01-25 21:17:18.0000001,11.82
2011-08-01 17:44:30.0000003,21.82
2012-03-25 04:50:39.0000001,26.81
2012-12-26 18:28:55.0000004,10.16
2011-07-06 19:56:23.0000005,13.81
2012-08-19 12:06:39.0000002,14.34
2015-04-28 20:15:27.0000004,7.18
2015-04-28 20:15:27.0000007,7.83
2014-06-07 12:21:11.0000002,36.69
2013-12-22 21:24:47.0000001,11.48
2011-11-23 21:07:43.0000004,9.14
2011-08-08 11:18:15.0000001,7.39
2015-05-20 19:39:11.0000004,9.26
2015-03-20 16:33:07.0000003,46.22
2015-04-26 21:44:23.0000002,6.05
2010-10-09 15:48:51.0000004,6.28
2012-04-27 22:32:19.0000002,7.14
2012-10-12 15:21:55.0000002,12.11
2009-12-26 09:23:19.0000001,7.12
2014-11-30 15:46:23.0000002,5.61
2010-06-22 14:25:19.0000007,9.48
2013-01-03 11:41:47.0000002,25.15
2015-01-12 17:05:51.0000005,36.77
2013-04-07 00:24:27.0000002,6.22
2010-01-13 08:28:59.0000002,5.3
2012-06-16 14:33:19.0000001,7.05
2009-03-25 01:20:55.0000002,10.25
2010-07-13 07:38:03.0000003,15.32
2012-11-09 18:17:35.0000004,6.41
2009-06-21 00:54:23.0000002,8.24
2009-12-23 20:14:19.0000004,7.93
2013-11-29 21:36:07.0000003,6.57
2012-06-09 22:57:15.0000003,5.66
2010-10-22 20:56:51.0000002,7.36
2011-02-21 23:46:07.0000002,16.46
2012-07-30 18:18:19.0000001,28.87
2010-06-02 19:45:19.0000003,6.54
2009-05-21 20:50:31.0000003,6.61
2014-11-11 12:10:59.0000001,13.73
2012-09-09 23:40:03.0000003,10.27
2011-04-28 01:29:51.0000001,5.84
2009-09-28 19:21:59.0000003,15.98
2012-10-21 19:47:23.0000002,16.62
2013-06-04 23:58:11.0000006,8.33
2014-08-08 17:32:47.0000005,56.39
2011-01-04 10:12:51.0000002,9.86
2011-10-26 17:48:43.0000006,13.68
2009-12-19 21:56:15.0000003,6.15
2010-06-13 19:39:51.0000001,6.3
2015-02-14 09:08:11.0000001,60.24
2015-02-14 09:08:11.0000004,10.15
2013-01-09 02:05:51.0000001,13.81
2013-06-21 02:39:47.0000002,6.17
2011-10-07 12:38:19.0000001,6.81
2013-02-02 16:07:55.0000004,14.47
2014-04-05 01:52:27.0000004,10.68
2014-04-05 01:52:27.0000003,16.17
2010-02-23 20:29:51.0000001,5.02
2014-07-01 15:15:23.0000003,6.77
2012-12-01 21:12:12.0000001,8.17
2014-06-14 13:39:00.00000071,6.74
2013-11-09 18:52:40.0000001,10.11
2013-11-09 18:52:40.0000003,12.35
2014-12-30 20:29:24.0000002,9.03
2010-05-10 10:37:04.0000004,12.49
2013-07-12 23:33:24.0000002,18.55
2009-06-10 16:55:00.000000132,8.68
2009-06-10 16:55:00.000000163,10.06
2009-06-10 16:55:00.00000084,16.63
2009-03-22 04:31:40.0000001,14.64
2011-06-24 12:03:00.0000009,9.49
2011-06-24 12:03:00.000000174,34.4
2011-06-24 12:03:00.000000158,11.31
2014-06-15 07:06:00.00000044,57.13
2015-05-30 21:29:04.0000006,10.2
2009-09-14 02:19:00.00000037,14.15
2011-10-02 22:31:44.0000001,20.47
2011-07-20 16:34:48.0000002,9.78
2011-06-01 07:37:00.00000012,15.42
2011-06-01 07:37:00.000000111,11.82
2011-06-01 07:37:00.00000014,9.16
2010-08-27 18:45:00.0000002,16.19
2010-08-27 18:45:00.000000118,7.32
2010-08-27 18:45:00.000000143,7.4
2010-08-27 18:45:00.000000233,20.26
2010-08-27 18:45:00.000000156,9.0
2010-08-27 18:45:00.000000167,7.52
2010-08-27 18:45:00.000000168,6.62
2010-08-27 18:45:00.000000149,7.04
2010-08-27 18:45:00.00000091,7.26
2010-08-27 18:45:00.000000126,7.87
2010-08-27 18:45:00.00000020,9.68
2010-08-14 02:13:00.000000154,6.75
2010-08-14 02:13:00.00000098,7.18
2015-04-16 22:32:48.0000003,21.0
2014-03-25 23:47:00.00000021,28.94
2014-03-25 23:47:00.00000084,14.98
2010-09-29 16:43:00.000000161,10.65
2010-09-29 16:43:00.00000093,33.08
2014-10-27 14:58:00.00000088,10.65
2014-10-27 14:58:00.00000092,58.74
2014-10-27 14:58:00.00000094,7.11
2012-11-03 17:11:00.00000013,7.07
2012-11-03 17:11:00.0000001,6.35
2012-11-03 17:11:00.000000150,9.96
2011-05-28 17:29:44.0000002,6.43
2013-09-28 00:06:20.0000005,8.32
2013-09-28 00:06:20.0000003,19.52
2011-03-11 01:44:00.00000095,5.86
2011-03-11 01:44:00.00000029,6.36
2011-10-04 09:37:00.00000080,31.89
2011-10-04 09:37:00.000000113,13.16
2011-10-04 09:37:00.000000160,7.84
2011-10-04 09:37:00.0000006,7.47
2014-12-24 03:00:00.00000020,91.84
2009-05-16 23:36:24.0000003,5.49
2014-04-27 02:57:00.00000064,28.81
2014-04-27 02:57:00.00000083,14.6
2014-04-27 02:57:00.00000069,20.17
2014-04-27 02:57:00.0000007,9.7
2011-12-13 22:00:00.000000102,14.37
2011-12-13 22:00:00.000000214,15.09
2011-12-13 22:00:00.000000128,9.08
2011-12-13 22:00:00.000000249,7.27
2011-12-13 22:00:00.00000052,14.59
2011-12-13 22:00:00.000000168,6.26
2011-12-13 22:00:00.00000079,8.82
2011-12-13 22:00:00.00000050,6.78
2015-04-11 14:16:12.0000005,6.64
2014-07-21 18:19:00.000000205,7.96
2014-07-21 18:19:00.00000023,21.2
2014-07-21 18:19:00.00000046,13.22
2014-07-21 18:19:00.00000096,16.2
2014-07-21 18:19:00.000000156,34.17
2010-09-20 16:48:00.0000002,8.67
2010-09-20 16:48:00.000000156,5.86
2010-09-20 16:48:00.00000041,8.73
2010-09-20 16:48:00.00000083,5.88
2010-09-20 16:48:00.000000122,13.61
2011-03-06 21:01:00.00000036,7.62
2011-03-06 21:01:00.00000019,6.3
2011-03-06 21:01:00.000000123,9.76
2011-03-06 21:01:00.000000166,8.28
2011-03-06 21:01:00.000000140,15.89
2011-03-06 21:01:00.00000060,7.94
2012-05-23 16:25:16.0000001,52.08
2011-04-16 21:23:16.0000003,5.01
2013-10-05 19:51:04.0000004,6.88
2012-03-14 19:10:48.0000007,6.78
2012-01-26 07:33:00.00000064,16.92
2012-01-26 07:33:00.000000131,4.91
2012-01-26 07:33:00.00000071,6.34
2012-01-26 07:33:00.00000028,15.93
2012-01-26 07:33:00.00000072,7.91
2010-12-09 07:29:00.00000093,11.42
2010-12-09 07:29:00.000000123,9.72
2010-12-09 07:29:00.00000056,8.52
2014-05-17 02:47:12.0000001,7.08
2009-01-22 12:27:20.0000001,14.82
2011-04-23 21:22:20.0000002,5.15
2012-11-20 21:54:00.00000062,8.47
2012-11-20 21:54:00.000000207,11.27
2012-11-20 21:54:00.00000014,5.83
2012-11-20 21:54:00.000000246,19.68
2012-11-20 21:54:00.000000164,54.45
2014-06-23 00:16:00.00000011,19.23
2014-06-23 00:16:00.00000091,8.63
2013-09-25 22:00:00.000000144,11.03
2013-09-25 22:00:00.000000100,55.66
2013-09-25 22:00:00.000000166,13.16
2013-09-25 22:00:00.000000105,15.7
2013-09-25 22:00:00.00000015,9.75
2011-07-06 18:07:44.0000002,47.87
2009-05-16 14:53:41.0000002,9.61
2013-10-17 22:21:57.0000003,12.07
2015-03-04 21:42:57.00000011,8.78
2011-03-22 12:59:49.0000001,12.91
2013-07-05 00:58:17.0000004,18.02
2010-01-30 00:57:21.0000001,5.43
2012-04-02 08:39:21.0000002,15.04
2010-07-25 04:03:17.0000001,26.78
2012-07-01 22:30:29.0000002,21.13
2014-02-08 17:24:57.0000003,17.53
2012-06-02 01:16:05.0000003,5.42
2012-06-02 01:16:05.0000001,6.19
2014-01-11 06:18:37.0000001,5.83
2012-12-09 22:30:13.0000005,6.92
2011-10-01 15:04:57.0000002,6.65
2012-01-01 00:37:29.0000004,8.01
2012-04-14 14:20:33.0000003,12.33
2010-02-01 20:28:45.0000004,7.72
2013-08-19 16:21:05.0000001,18.35
2014-06-05 22:56:05.0000004,8.85
2013-11-07 22:25:25.0000004,21.14
2010-06-19 03:06:33.0000001,16.81
2012-07-18 09:44:53.0000003,6.93
2009-09-25 21:43:49.0000002,8.39
2009-09-04 18:43:33.0000001,7.51
2012-10-20 00:36:37.0000001,7.3
2014-06-19 22:37:09.0000002,31.03
2012-12-20 23:43:09.0000001,21.05
2015-05-23 01:00:22.0000002,9.58
2012-11-18 14:55:42.0000001,9.64
2010-01-24 14:09:58.0000003,5.52
2014-07-27 11:25:18.0000003,18.65
2009-03-15 03:31:14.0000004,5.06
2010-09-24 22:40:06.0000004,5.87
2009-04-18 23:09:34.0000001,32.93
2014-08-26 16:39:54.0000001,17.92
2009-05-31 20:56:38.0000004,6.12
2015-05-29 10:02:42.0000002,7.74
2011-04-17 14:55:58.0000002,5.75
2011-05-26 21:36:54.0000003,7.54
2011-05-26 21:36:54.0000002,10.28
2013-11-23 16:33:30.0000002,11.43
2009-06-03 09:11:30.0000001,9.54
2010-12-04 21:08:38.0000005,7.92
2013-09-07 19:43:18.0000003,10.31
2011-03-10 18:16:14.0000005,6.08
2011-05-19 02:06:46.0000002,6.03
2009-08-03 17:06:06.0000002,16.23
2015-04-14 19:20:46.0000008,8.0
2011-09-08 13:39:06.0000002,9.61
2012-03-03 02:30:54.0000003,14.21
2012-12-27 21:01:54.0000004,5.72
2012-12-27 21:01:54.0000005,11.57
2014-06-20 02:16:34.0000002,6.0
2014-01-14 18:48:06.0000008,9.53
2011-09-03 00:03:42.0000008,7.62
2013-07-02 22:27:14.0000004,15.42
2013-07-02 22:27:14.0000001,9.35
2015-05-09 11:33:58.0000002,9.3
2015-03-28 19:31:26.0000003,14.76
2013-08-08 14:38:43.0000002,12.46
2009-11-19 22:48:27.0000001,45.8
2011-07-06 19:56:23.0000001,14.4
2015-06-18 20:56:55.0000002,6.55
2015-02-14 13:15:19.0000002,8.64
2013-01-12 22:40:39.0000002,7.6
2013-03-23 15:41:07.0000002,36.8
2010-01-31 00:33:03.0000006,7.36
2014-06-09 14:51:39.0000001,9.56
2015-03-20 16:33:07.0000004,17.89
2015-01-04 00:28:11.0000004,6.83
2010-10-04 16:17:03.0000001,9.35
2011-05-17 07:53:55.0000003,6.52
2012-12-26 20:55:27.0000001,6.62
2012-12-26 20:55:27.0000003,6.07
2011-12-17 16:19:47.0000002,11.36
2010-02-15 10:14:23.0000001,31.39
2010-12-11 16:12:35.0000003,6.47
2011-12-11 11:05:51.0000002,11.0
2014-06-14 12:32:11.0000001,10.68
2012-06-09 22:57:15.0000001,7.86
2009-05-21 20:50:31.0000004,5.36
2010-09-22 09:42:31.0000005,9.07
2014-07-08 10:21:39.0000007,20.81
2012-09-16 18:14:55.0000002,18.01
2013-10-05 13:45:39.0000001,7.94
2014-07-31 10:39:39.0000001,13.57
2013-02-16 14:26:51.0000001,12.37
2014-01-04 10:54:59.0000004,53.54
2015-03-07 15:25:59.0000005,10.11
2009-04-16 15:57:31.0000003,6.48
2011-10-23 17:43:43.0000002,7.64
2014-06-14 13:39:00.000000189,10.9
2014-06-14 13:39:00.000000153,9.21
2014-06-14 13:39:00.00000088,5.08
2014-06-14 13:39:00.000000157,14.3
2014-06-14 13:39:00.00000046,7.71
2014-06-14 13:39:00.000000110,7.63
2014-06-14 13:39:00.000000106,43.64
2014-06-14 13:39:00.00000019,14.44
2014-06-14 13:39:00.000000186,8.2
2014-06-14 13:39:00.00000037,8.75
2014-06-14 13:39:00.00000057,11.98
2014-06-14 13:39:00.000000127,12.88
2014-06-14 13:39:00.0000009,42.82
2014-06-14 13:39:00.000000173,7.56
2014-06-14 13:39:00.00000027,7.38
2014-06-14 13:39:00.000000100,7.87
2011-10-02 23:36:00.00000060,10.22
2011-10-02 23:36:00.00000057,18.28
2011-10-02 23:36:00.00000044,5.53
2011-10-02 23:36:00.00000087,20.58
2011-10-02 23:36:00.00000084,9.2
2011-10-02 23:36:00.00000046,12.11
2011-10-02 23:36:00.0000006,6.37
2011-10-02 23:36:00.00000033,39.68
2011-10-02 23:36:00.00000064,19.08
2011-10-02 23:36:00.00000094,6.12
2011-10-02 23:36:00.00000049,7.03
2011-10-02 23:36:00.00000066,9.22
2011-10-02 23:36:00.00000080,10.35
2011-10-02 23:36:00.00000029,25.45
2011-10-02 23:36:00.00000055,5.7
2011-10-02 23:36:00.00000079,16.9
2011-10-02 23:36:00.00000053,9.63
2009-06-10 16:55:00.00000014,7.36
2009-06-10 16:55:00.00000052,7.95
2009-06-10 16:55:00.00000065,9.37
2009-06-10 16:55:00.000000169,13.2
2009-06-10 16:55:00.000000172,7.09
2009-06-10 16:55:00.000000105,5.77
2009-06-10 16:55:00.00000073,5.11
2009-06-10 16:55:00.000000157,11.38
2009-06-10 16:55:00.000000156,5.98
2009-06-10 16:55:00.000000116,7.94
2009-06-10 16:55:00.00000022,5.53
2009-06-10 16:55:00.00000013,7.31
2009-06-10 16:55:00.000000126,5.9
2009-06-10 16:55:00.00000023,7.65
2009-06-10 16:55:00.00000086,7.04
2009-06-10 16:55:00.00000040,11.96
2009-06-10 16:55:00.00000058,7.27
2009-06-10 16:55:00.000000170,5.74
2009-06-10 16:55:00.00000027,11.24
2009-06-10 16:55:00.00000011,14.08
2009-06-10 16:55:00.000000129,6.66
2009-06-10 16:55:00.000000121,5.23
2009-06-10 16:55:00.00000080,7.41
2009-06-10 16:55:00.00000089,8.03
2009-06-10 16:55:00.000000103,8.55
2009-06-10 16:55:00.00000051,9.63
2009-06-10 16:55:00.00000063,28.22
2009-06-10 16:55:00.000000106,6.02
2009-06-10 16:55:00.00000091,7.02
2009-06-10 16:55:00.00000095,16.46
2009-06-10 16:55:00.000000137,6.36
2009-06-10 16:55:00.000000113,5.6
2009-06-10 16:55:00.000000173,7.02
2009-06-10 16:55:00.00000077,6.25
2009-06-10 16:55:00.00000036,6.58
2011-06-24 12:03:00.000000148,5.44
2011-06-24 12:03:00.00000070,5.77
2011-06-24 12:03:00.000000129,9.55
2011-06-24 12:03:00.000000130,5.63
2011-06-24 12:03:00.000000160,9.22
2011-06-24 12:03:00.000000167,28.9
2011-06-24 12:03:00.00000059,8.34
2011-06-24 12:03:00.000000128,9.54
2011-06-24 12:03:00.000000112,5.46
2011-06-24 12:03:00.000000134,6.68
2011-06-24 12:03:00.00000021,13.19
2011-06-24 12:03:00.00000039,11.05
2011-06-24 12:03:00.00000083,16.22
2011-06-24 12:03:00.00000029,6.33
2011-06-24 12:03:00.00000037,7.98
2011-06-24 12:03:00.0000004,12.71
2011-06-24 12:03:00.000000117,32.33
2011-06-24 12:03:00.000000147,5.32
2011-06-24 12:03:00.00000043,7.38
2011-06-24 12:03:00.000000172,10.27
2011-06-24 12:03:00.00000011,7.96
2011-06-24 12:03:00.00000036,4.88
2011-06-24 12:03:00.00000015,5.29
2011-06-24 12:03:00.00000065,7.64
2011-06-24 12:03:00.000000169,35.82
2011-06-24 12:03:00.000000164,12.86
2011-06-24 12:03:00.000000163,5.67
2011-06-24 12:03:00.00000096,7.99
2011-06-24 12:03:00.00000030,12.45
2014-06-15 07:06:00.00000018,9.89
2014-06-15 07:06:00.00000034,19.3
2014-06-15 07:06:00.00000022,56.02
2014-06-15 07:06:00.00000012,6.11
2014-06-15 07:06:00.0000005,10.55
2014-06-15 07:06:00.00000023,5.82
2014-06-15 07:06:00.0000001,10.9
2009-09-14 02:19:00.0000005,5.11
2009-09-14 02:19:00.00000032,5.03
2009-09-14 02:19:00.00000015,5.58
2009-09-14 02:19:00.00000029,6.13
2009-09-14 02:19:00.00000012,5.88
2009-09-14 02:19:00.00000019,13.53
2011-06-01 07:37:00.000000193,5.17
2011-06-01 07:37:00.000000135,5.01
2011-06-01 07:37:00.000000124,8.86
2011-06-01 07:37:00.00000071,7.54
2011-06-01 07:37:00.000000191,16.79
2011-06-01 07:37:00.00000073,5.73
2011-06-01 07:37:00.000000134,11.12
2011-06-01 07:37:00.000000195,10.15
2011-06-01 07:37:00.000000130,9.86
2011-06-01 07:37:00.00000039,8.28
2011-06-01 07:37:00.000000188,14.86
2011-06-01 07:37:00.00000030,9.15
2011-06-01 07:37:00.00000040,12.48
2011-06-01 07:37:00.00000011,10.31
2011-06-01 07:37:00.00000093,6.8
2011-06-01 07:37:00.000000121,50.3
2011-06-01 07:37:00.000000224,6.41
2011-06-01 07:37:00.000000153,6.85
2011-06-01 07:37:00.00000033,4.58
2011-06-01 07:37:00.000000213,8.56
2011-06-01 07:37:00.00000076,6.33
2011-06-01 07:37:00.00000018,7.11
2011-06-01 07:37:00.00000021,11.11
2011-06-01 07:37:00.000000126,13.4
2011-06-01 07:37:00.000000202,7.61
2011-06-01 07:37:00.00000035,8.89
2011-06-01 07:37:00.000000216,11.4
2011-06-01 07:37:00.00000067,8.84
2011-06-01 07:37:00.00000013,9.11
2011-06-01 07:37:00.00000024,9.81
2011-06-01 07:37:00.000000148,5.74
2011-06-01 07:37:00.000000200,5.76
2011-06-01 07:37:00.00000042,9.92
2011-06-01 07:37:00.00000066,13.14
2011-06-01 07:37:00.00000056,12.19
2011-06-01 07:37:00.00000063,16.09
2011-06-01 07:37:00.0000009,6.0
2011-06-01 07:37:00.000000187,7.39
2011-06-01 07:37:00.000000225,5.95
2010-08-27 18:45:00.0000009,35.41
2010-08-27 18:45:00.000000120,6.76
2010-08-27 18:45:00.00000019,8.16
2010-08-27 18:45:00.0000001,7.9
2010-08-27 18:45:00.00000080,5.81
2010-08-27 18:45:00.00000082,6.51
2010-08-27 18:45:00.000000180,10.21
2010-08-27 18:45:00.00000058,15.64
2010-08-27 18:45:00.000000178,28.64
2010-08-27 18:45:00.000000117,6.91
2010-08-27 18:45:00.00000079,12.02
2010-08-27 18:45:00.000000200,5.98
2010-08-27 18:45:00.000000108,6.11
2010-08-27 18:45:00.00000098,7.42
2010-08-27 18:45:00.00000059,49.67
2010-08-27 18:45:00.000000138,18.11
2010-08-27 18:45:00.000000232,7.47
2010-08-27 18:45:00.00000032,25.62
2010-08-27 18:45:00.00000047,8.16
2010-08-27 18:45:00.000000100,9.47
2010-08-27 18:45:00.000000154,7.17
2010-08-27 18:45:00.000000211,8.61
2010-08-27 18:45:00.000000114,7.11
2010-08-27 18:45:00.00000042,6.16
2010-08-27 18:45:00.000000104,18.45
2010-08-27 18:45:00.000000162,9.93
2010-08-27 18:45:00.00000095,6.45
2010-08-27 18:45:00.000000150,9.39
2010-08-27 18:45:00.00000052,16.37
2010-08-27 18:45:00.000000225,6.49
2010-08-27 18:45:00.00000064,7.74
2010-08-27 18:45:00.000000215,5.93
2010-08-27 18:45:00.000000206,5.78
2010-08-27 18:45:00.000000122,6.94
2010-08-27 18:45:00.000000221,10.2
2010-08-27 18:45:00.00000027,6.11
2010-08-27 18:45:00.000000115,6.59
2010-08-27 18:45:00.000000218,8.49
2010-08-27 18:45:00.000000212,11.96
2010-08-27 18:45:00.000000229,7.69
2010-08-27 18:45:00.000000213,10.14
2010-08-27 18:45:00.00000099,38.08
2010-08-27 18:45:00.000000176,14.51
2010-08-27 18:45:00.000000132,18.37
2010-08-27 18:45:00.0000007,7.71
2010-08-27 18:45:00.000000151,30.69
2010-08-27 18:45:00.000000137,14.75
2010-08-27 18:45:00.00000021,34.4
2010-08-27 18:45:00.000000185,5.21
2010-08-27 18:45:00.00000041,8.62
2010-08-14 02:13:00.000000129,8.4
2010-08-14 02:13:00.0000006,12.96
2010-08-14 02:13:00.00000045,9.56
2010-08-14 02:13:00.000000117,14.59
2010-08-14 02:13:00.00000079,15.38
2010-08-14 02:13:00.000000112,5.48
2010-08-14 02:13:00.00000088,21.47
2010-08-14 02:13:00.0000005,7.94
2010-08-14 02:13:00.00000016,10.82
2010-08-14 02:13:00.0000002,7.55
2010-08-14 02:13:00.00000071,26.01
2010-08-14 02:13:00.00000019,7.72
2010-08-14 02:13:00.000000113,5.64
2010-08-14 02:13:00.000000151,7.2
2010-08-14 02:13:00.000000104,13.63
2010-08-14 02:13:00.00000095,17.88
2010-08-14 02:13:00.00000053,6.91
2010-08-14 02:13:00.00000046,7.54
2010-08-14 02:13:00.00000011,17.88
2010-08-14 02:13:00.000000124,20.61
2010-08-14 02:13:00.000000153,20.84
2010-08-14 02:13:00.00000081,35.04
2010-08-14 02:13:00.00000062,10.75
2010-08-14 02:13:00.000000103,17.02
2010-08-14 02:13:00.000000144,7.34
2010-08-14 02:13:00.00000082,6.05
2010-08-14 02:13:00.00000093,5.27
2010-08-14 02:13:00.00000058,7.42
2010-08-14 02:13:00.000000107,5.37
2010-08-14 02:13:00.000000157,7.62
2010-08-14 02:13:00.00000013,5.18
2010-08-14 02:13:00.000000138,5.51
2010-08-14 02:13:00.000000119,13.65
2010-08-14 02:13:00.00000065,5.47
2010-08-14 02:13:00.00000039,5.08
2010-08-14 02:13:00.000000118,6.44
2010-08-14 02:13:00.00000048,14.11
2010-08-14 02:13:00.00000067,13.82
2010-08-14 02:13:00.00000096,19.33
2010-08-14 02:13:00.00000091,15.92
2010-08-14 02:13:00.000000114,5.77
2010-08-14 02:13:00.00000023,38.35
2010-08-14 02:13:00.000000106,6.44
2014-03-25 23:47:00.000000102,6.99
2014-03-25 23:47:00.00000026,21.82
2014-03-25 23:47:00.00000042,14.59
2014-03-25 23:47:00.00000051,5.03
2014-03-25 23:47:00.00000052,7.33
2014-03-25 23:47:00.00000031,12.66
2014-03-25 23:47:00.00000096,10.02
2014-03-25 23:47:00.000000134,4.98
2014-03-25 23:47:00.00000019,17.12
2014-03-25 23:47:00.00000020,9.12
2014-03-25 23:47:00.000000115,24.89
2014-03-25 23:47:00.00000035,4.29
2014-03-25 23:47:00.000000132,19.58
2014-03-25 23:47:00.00000085,31.06
2014-03-25 23:47:00.00000064,53.24
2014-03-25 23:47:00.00000011,7.76
2014-03-25 23:47:00.000000124,7.94
2014-03-25 23:47:00.000000112,7.7
2014-03-25 23:47:00.000000127,23.19
2014-03-25 23:47:00.00000028,18.2
2014-03-25 23:47:00.00000055,8.74
2014-03-25 23:47:00.00000036,7.89
2014-03-25 23:47:00.000000135,33.48
2014-03-25 23:47:00.000000108,9.6
2014-03-25 23:47:00.00000012,15.88
2010-09-29 16:43:00.000000162,9.46
2010-09-29 16:43:00.00000078,10.54
2010-09-29 16:43:00.00000015,9.3
2010-09-29 16:43:00.0000001,15.54
2010-09-29 16:43:00.000000119,9.15
2010-09-29 16:43:00.000000140,10.71
2010-09-29 16:43:00.00000041,7.66
2010-09-29 16:43:00.000000135,12.59
2010-09-29 16:43:00.000000117,6.51
2010-09-29 16:43:00.00000059,13.74
2010-09-29 16:43:00.00000014,7.37
2010-09-29 16:43:00.00000012,12.05
2010-09-29 16:43:00.000000170,5.74
2010-09-29 16:43:00.00000013,9.22
2010-09-29 16:43:00.000000145,9.25
2010-09-29 16:43:00.000000174,13.83
2010-09-29 16:43:00.000000164,7.58
2010-09-29 16:43:00.00000037,14.04
2010-09-29 16:43:00.000000159,6.18
2010-09-29 16:43:00.000000113,12.76
2010-09-29 16:43:00.00000094,5.11
2010-09-29 16:43:00.00000011,5.37
2010-09-29 16:43:00.000000168,5.9
2010-09-29 16:43:00.000000114,50.69
2010-09-29 16:43:00.00000019,5.8
2010-09-29 16:43:00.00000022,8.19
2010-09-29 16:43:00.00000040,7.12
2010-09-29 16:43:00.00000016,6.82
2010-09-29 16:43:00.000000144,6.44
2010-09-29 16:43:00.00000044,8.53
2010-09-29 16:43:00.00000062,10.63
2010-09-29 16:43:00.00000074,32.23
2010-09-29 16:43:00.00000064,16.63
2010-09-29 16:43:00.000000110,11.95
2010-09-29 16:43:00.000000122,7.16
2010-09-29 16:43:00.000000142,5.25
2010-09-29 16:43:00.00000080,5.85
2014-10-27 14:58:00.000000149,58.29
2014-10-27 14:58:00.000000125,11.83
2014-10-27 14:58:00.000000130,9.18
2014-10-27 14:58:00.000000146,6.63
2014-10-27 14:58:00.00000040,7.08
2014-10-27 14:58:00.000000136,6.48
2014-10-27 14:58:00.000000123,11.63
2014-10-27 14:58:00.000000115,7.72
2014-10-27 14:58:00.00000046,6.09
2014-10-27 14:58:00.0000009,60.81
2014-10-27 14:58:00.00000059,52.29
2014-10-27 14:58:00.000000111,7.49
2014-10-27 14:58:00.00000054,57.93
2014-10-27 14:58:00.00000024,8.33
2014-10-27 14:58:00.00000065,12.47
2014-10-27 14:58:00.00000087,13.53
2014-10-27 14:58:00.00000099,7.5
2014-10-27 14:58:00.000000144,5.33
2014-10-27 14:58:00.00000081,5.47
2014-10-27 14:58:00.00000056,10.81
2012-11-03 17:11:00.000000115,7.6
2012-11-03 17:11:00.00000079,9.08
2012-11-03 17:11:00.00000081,5.75
2012-11-03 17:11:00.00000085,16.92
2012-11-03 17:11:00.000000128,5.34
2012-11-03 17:11:00.000000160,8.22
2012-11-03 17:11:00.000000118,6.67
2012-11-03 17:11:00.00000076,9.09
2012-11-03 17:11:00.000000114,8.89
2012-11-03 17:11:00.00000091,7.85
2012-11-03 17:11:00.00000060,11.95
2012-11-03 17:11:00.000000155,9.52
2012-11-03 17:11:00.000000117,12.06
2012-11-03 17:11:00.000000105,5.29
2012-11-03 17:11:00.0000007,24.33
2012-11-03 17:11:00.00000055,7.78
2012-11-03 17:11:00.000000103,8.11
2012-11-03 17:11:00.00000053,9.09
2011-03-11 01:44:00.00000064,5.73
2011-03-11 01:44:00.00000016,5.64
2011-03-11 01:44:00.00000072,13.63
2011-03-11 01:44:00.00000057,5.14
2011-03-11 01:44:00.00000040,7.41
2011-03-11 01:44:00.00000021,18.55
2011-03-11 01:44:00.00000046,10.33
2011-03-11 01:44:00.00000034,7.25
2011-03-11 01:44:00.00000083,55.43
2011-03-11 01:44:00.00000032,8.88
2011-03-11 01:44:00.00000075,7.75
2011-03-11 01:44:00.00000085,8.27
2011-03-11 01:44:00.00000044,6.16
2011-03-11 01:44:00.0000005,9.67
2011-03-11 01:44:00.00000074,15.45
2011-03-11 01:44:00.00000041,11.36
2011-03-11 01:44:00.00000042,8.6
2011-03-11 01:44:00.00000035,12.72
2011-03-11 01:44:00.00000052,4.66
2011-10-04 09:37:00.000000194,6.69
2011-10-04 09:37:00.000000183,7.41
2011-10-04 09:37:00.000000157,30.78
2011-10-04 09:37:00.000000176,6.91
2011-10-04 09:37:00.000000170,9.74
2011-10-04 09:37:00.00000036,7.99
2011-10-04 09:37:00.00000017,5.09
2011-10-04 09:37:00.000000114,15.37
2011-10-04 09:37:00.000000184,13.96
2011-10-04 09:37:00.00000047,6.3
2011-10-04 09:37:00.00000055,7.42
2011-10-04 09:37:00.00000031,6.53
2011-10-04 09:37:00.00000049,50.55
2011-10-04 09:37:00.0000005,4.79
2011-10-04 09:37:00.00000067,6.16
2011-10-04 09:37:00.000000134,10.96
2011-10-04 09:37:00.00000025,5.27
2011-10-04 09:37:00.000000185,7.04
2011-10-04 09:37:00.000000180,7.75
2011-10-04 09:37:00.00000088,7.05
2011-10-04 09:37:00.000000108,10.74
2011-10-04 09:37:00.000000107,12.21
2011-10-04 09:37:00.00000062,20.48
2011-10-04 09:37:00.00000045,5.2
2011-10-04 09:37:00.00000028,10.93
2011-10-04 09:37:00.00000057,5.68
2011-10-04 09:37:00.00000013,8.76
2011-10-04 09:37:00.00000056,13.03
2011-10-04 09:37:00.000000106,6.79
2011-10-04 09:37:00.000000136,8.29
2014-12-24 03:00:00.0000005,22.17
2014-12-24 03:00:00.00000017,21.34
2014-12-24 03:00:00.00000036,17.8
2014-12-24 03:00:00.00000033,5.12
2014-12-24 03:00:00.00000026,19.05
2014-12-24 03:00:00.00000031,18.72
2014-12-24 03:00:00.00000015,10.26
2015-02-12 05:37:56.0000001,5.41
2014-04-27 02:57:00.000000124,14.89
2014-04-27 02:57:00.00000017,18.9
2014-04-27 02:57:00.000000151,5.28
2014-04-27 02:57:00.000000168,4.74
2014-04-27 02:57:00.00000039,5.17
2014-04-27 02:57:00.00000097,15.69
2014-04-27 02:57:00.00000033,5.57
2014-04-27 02:57:00.000000129,10.56
2014-04-27 02:57:00.000000141,7.32
2014-04-27 02:57:00.00000074,13.18
2014-04-27 02:57:00.00000047,16.76
2014-04-27 02:57:00.00000076,9.91
2014-04-27 02:57:00.000000142,6.39
2014-04-27 02:57:00.000000143,16.82
2014-04-27 02:57:00.00000090,22.34
2014-04-27 02:57:00.000000106,19.54
2014-04-27 02:57:00.000000167,16.48
2014-04-27 02:57:00.000000145,13.93
2011-12-13 22:00:00.00000085,12.04
2011-12-13 22:00:00.000000264,7.53
2011-12-13 22:00:00.000000138,11.08
2011-12-13 22:00:00.000000135,5.43
2011-12-13 22:00:00.000000197,4.08
2011-12-13 22:00:00.000000143,11.66
2011-12-13 22:00:00.000000134,4.06
2011-12-13 22:00:00.00000033,12.26
2011-12-13 22:00:00.00000058,6.28
2011-12-13 22:00:00.000000205,9.31
2011-12-13 22:00:00.000000173,8.94
2011-12-13 22:00:00.000000248,6.35
2011-12-13 22:00:00.00000074,5.43
2011-12-13 22:00:00.00000098,4.06
2011-12-13 22:00:00.00000095,11.2
2011-12-13 22:00:00.000000229,18.42
2011-12-13 22:00:00.000000186,11.58
2011-12-13 22:00:00.0000005,27.08
2011-12-13 22:00:00.000000246,15.91
2011-12-13 22:00:00.000000180,6.55
2011-12-13 22:00:00.00000044,5.6
2011-12-13 22:00:00.000000110,6.42
2011-12-13 22:00:00.000000231,5.93
2011-12-13 22:00:00.000000144,10.58
2011-12-13 22:00:00.00000070,32.1
2011-12-13 22:00:00.000000116,6.63
2011-12-13 22:00:00.000000156,6.34
2011-12-13 22:00:00.000000148,7.8
2011-12-13 22:00:00.00000072,8.9
2011-12-13 22:00:00.00000028,10.47
2011-12-13 22:00:00.00000066,9.56
2011-12-13 22:00:00.000000121,11.86
2011-12-13 22:00:00.00000094,42.95
2011-12-13 22:00:00.000000266,9.0
2015-04-11 14:16:12.0000004,12.47
2015-05-10 19:54:00.0000002,13.5
2014-07-21 18:19:00.00000054,9.71
2014-07-21 18:19:00.000000230,7.68
2014-07-21 18:19:00.000000187,16.6
2014-07-21 18:19:00.000000100,9.47
2014-07-21 18:19:00.00000071,12.03
2014-07-21 18:19:00.000000172,10.41
2014-07-21 18:19:00.00000025,5.81
2014-07-21 18:19:00.000000191,11.0
2014-07-21 18:19:00.00000034,9.42
2014-07-21 18:19:00.000000176,5.84
2014-07-21 18:19:00.00000037,6.19
2014-07-21 18:19:00.000000160,8.14
2014-07-21 18:19:00.00000077,11.12
2014-07-21 18:19:00.00000013,11.09
2014-07-21 18:19:00.000000184,6.75
2014-07-21 18:19:00.000000232,7.93
2014-07-21 18:19:00.000000116,9.19
2014-07-21 18:19:00.00000048,7.63
2014-07-21 18:19:00.00000067,10.2
2014-07-21 18:19:00.00000099,4.38
2014-07-21 18:19:00.000000223,6.62
2014-07-21 18:19:00.000000162,15.54
2014-07-21 18:19:00.00000068,10.03
2014-07-21 18:19:00.000000144,9.73
2014-07-21 18:19:00.00000035,28.86
2014-07-21 18:19:00.00000029,6.41
2014-07-21 18:19:00.00000032,4.69
2014-07-21 18:19:00.00000082,6.39
2014-07-21 18:19:00.000000132,6.02
2014-07-21 18:19:00.000000152,6.31
2014-07-21 18:19:00.00000039,6.02
2014-07-21 18:19:00.000000241,5.95
2014-07-21 18:19:00.00000088,8.0
2010-09-20 16:48:00.000000159,30.79
2010-09-20 16:48:00.0000006,9.51
2010-09-20 16:48:00.000000166,7.74
2010-09-20 16:48:00.000000110,7.21
2010-09-20 16:48:00.000000139,25.16
2010-09-20 16:48:00.00000015,9.7
2010-09-20 16:48:00.00000068,14.43
2010-09-20 16:48:00.000000158,50.51
2010-09-20 16:48:00.00000035,15.88
2010-09-20 16:48:00.000000148,5.96
2010-09-20 16:48:00.00000023,14.8
2010-09-20 16:48:00.00000027,8.9
2010-09-20 16:48:00.00000092,25.52
2010-09-20 16:48:00.000000151,28.07
2010-09-20 16:48:00.00000071,9.63
2010-09-20 16:48:00.000000132,7.95
2010-09-20 16:48:00.00000099,15.29
2010-09-20 16:48:00.0000001,5.03
2010-09-20 16:48:00.0000005,18.37
2011-03-06 21:01:00.00000037,5.23
2011-03-06 21:01:00.00000028,16.21
2011-03-06 21:01:00.00000025,7.61
2011-03-06 21:01:00.000000139,6.22
2011-03-06 21:01:00.00000083,8.4
2011-03-06 21:01:00.000000173,18.18
2011-03-06 21:01:00.00000051,20.68
2011-03-06 21:01:00.000000116,12.59
2011-03-06 21:01:00.00000057,6.17
2011-03-06 21:01:00.000000168,8.8
2011-03-06 21:01:00.000000138,15.75
2011-03-06 21:01:00.00000043,8.64
2011-03-06 21:01:00.000000127,4.86
2011-03-06 21:01:00.00000096,16.37
2011-03-06 21:01:00.00000074,5.84
2011-03-06 21:01:00.000000113,7.57
2011-03-06 21:01:00.000000120,25.4
2011-03-06 21:01:00.00000018,5.4
2011-03-06 21:01:00.00000071,7.18
2011-03-06 21:01:00.000000137,5.28
2011-03-06 21:01:00.00000011,15.72
2011-03-06 21:01:00.000000146,6.41
2011-03-06 21:01:00.000000149,5.22
2011-03-06 21:01:00.00000056,5.59
2011-03-06 21:01:00.00000052,12.39
2011-03-06 21:01:00.000000109,5.14
2012-01-26 07:33:00.000000167,7.83
2012-01-26 07:33:00.000000114,14.97
2012-01-26 07:33:00.00000031,9.3
2012-01-26 07:33:00.000000133,19.98
2012-01-26 07:33:00.000000180,5.62
2012-01-26 07:33:00.000000120,10.75
2012-01-26 07:33:00.000000168,7.88
2012-01-26 07:33:00.000000122,7.53
2012-01-26 07:33:00.000000166,12.8
2012-01-26 07:33:00.000000186,6.4
2012-01-26 07:33:00.00000068,7.43
2012-01-26 07:33:00.00000085,21.6
2012-01-26 07:33:00.000000103,4.74
2012-01-26 07:33:00.00000081,22.87
2012-01-26 07:33:00.00000099,11.52
2012-01-26 07:33:00.00000051,9.76
2012-01-26 07:33:00.000000160,4.6
2012-01-26 07:33:00.00000091,6.56
2012-01-26 07:33:00.00000089,9.75
2012-01-26 07:33:00.000000189,7.32
2010-12-09 07:29:00.0000003,9.56
2010-12-09 07:29:00.00000078,9.63
2010-12-09 07:29:00.000000127,7.0
2010-12-09 07:29:00.00000050,8.21
2010-12-09 07:29:00.000000135,6.45
2010-12-09 07:29:00.000000196,12.98
2010-12-09 07:29:00.000000183,8.54
2010-12-09 07:29:00.000000152,9.56
2010-12-09 07:29:00.00000098,29.07
2010-12-09 07:29:00.00000090,10.01
2010-12-09 07:29:00.00000025,13.8
2010-12-09 07:29:00.000000150,9.51
2010-12-09 07:29:00.00000041,8.48
2010-12-09 07:29:00.000000143,7.93
2010-12-09 07:29:00.000000148,6.54
2010-12-09 07:29:00.000000151,6.72
2010-12-09 07:29:00.0000007,6.22
2010-12-09 07:29:00.00000069,11.62
2010-12-09 07:29:00.00000036,6.02
2010-12-09 07:29:00.00000046,17.26
2010-12-09 07:29:00.000000195,6.61
2010-12-09 07:29:00.000000115,19.55
2010-12-09 07:29:00.000000134,6.12
2010-12-09 07:29:00.00000067,10.64
2010-12-09 07:29:00.000000112,6.87
2010-12-09 07:29:00.00000015,7.46
2010-12-09 07:29:00.00000031,10.33
2010-12-09 07:29:00.000000193,9.41
2010-12-09 07:29:00.00000012,10.61
2010-12-09 07:29:00.0000005,50.29
2010-12-09 07:29:00.00000038,9.7
2010-12-09 07:29:00.00000097,5.75
2010-12-09 07:29:00.000000102,5.92
2010-12-09 07:29:00.00000089,9.4
2010-12-09 07:29:00.00000068,8.44
2010-12-09 07:29:00.00000071,11.46
2010-12-09 07:29:00.000000186,8.87
2012-05-08 03:50:00.0000009,18.8
2012-05-08 03:50:00.0000001,5.11
2012-05-08 03:50:00.00000012,12.76
2012-05-08 03:50:00.0000006,17.48
2015-03-12 19:43:24.0000005,5.57
2015-02-01 00:48:44.0000001,30.57
2015-02-21 18:39:16.0000005,7.0
2011-01-24 20:47:04.0000001,9.72
2010-12-25 13:54:12.0000001,15.56
2015-04-07 14:31:12.0000001,9.07
2012-11-20 21:54:00.00000086,16.4
2012-11-20 21:54:00.000000150,7.4
2012-11-20 21:54:00.000000184,6.8
2012-11-20 21:54:00.00000080,28.98
2012-11-20 21:54:00.00000021,6.44
2012-11-20 21:54:00.00000019,9.46
2012-11-20 21:54:00.00000087,5.27
2012-11-20 21:54:00.00000077,12.9
2012-11-20 21:54:00.000000216,9.53
2012-11-20 21:54:00.00000010,7.09
2012-11-20 21:54:00.000000104,8.12
2012-11-20 21:54:00.00000048,5.34
2012-11-20 21:54:00.000000221,20.08
2012-11-20 21:54:00.00000030,11.41
2012-11-20 21:54:00.00000085,5.18
2012-11-20 21:54:00.000000133,6.28
2012-11-20 21:54:00.000000144,8.08
2012-11-20 21:54:00.00000047,6.35
2012-11-20 21:54:00.000000229,5.98
2012-11-20 21:54:00.00000015,6.73
2012-11-20 21:54:00.000000101,8.2
2012-11-20 21:54:00.000000238,7.74
2012-11-20 21:54:00.00000097,21.17
2012-11-20 21:54:00.00000049,6.36
2012-11-20 21:54:00.000000209,17.19
2012-11-20 21:54:00.00000012,9.29
2012-11-20 21:54:00.000000132,8.95
2012-11-20 21:54:00.000000197,6.39
2012-11-20 21:54:00.000000211,13.34
2012-11-20 21:54:00.00000083,8.09
2012-11-20 21:54:00.000000127,9.41
2012-11-20 21:54:00.000000223,42.02
2012-11-20 21:54:00.000000130,14.09
2012-11-20 21:54:00.000000149,10.3
2012-11-20 21:54:00.000000196,11.58
2012-11-20 21:54:00.00000056,6.42
2012-11-20 21:54:00.00000026,13.15
2012-11-20 21:54:00.00000055,9.33
2012-11-20 21:54:00.000000135,26.92
2014-06-23 00:16:00.00000023,10.43
2014-06-23 00:16:00.00000014,7.56
2014-06-23 00:16:00.00000080,6.63
2014-06-23 00:16:00.0000003,10.88
2014-06-23 00:16:00.00000029,14.18
2014-06-23 00:16:00.00000055,29.5
2014-06-23 00:16:00.00000050,8.73
2014-06-23 00:16:00.0000002,16.58
2014-06-23 00:16:00.00000072,6.32
2014-06-23 00:16:00.00000020,11.3
2013-09-25 22:00:00.00000052,11.26
2013-09-25 22:00:00.000000129,6.89
2013-09-25 22:00:00.000000226,51.25
2013-09-25 22:00:00.00000029,15.38
2013-09-25 22:00:00.000000141,7.54
2013-09-25 22:00:00.000000206,15.12
2013-09-25 22:00:00.00000051,9.17
2013-09-25 22:00:00.000000238,10.72
2013-09-25 22:00:00.000000251,11.92
2013-09-25 22:00:00.00000031,6.69
2013-09-25 22:00:00.000000124,8.9
2013-09-25 22:00:00.000000102,7.7
2013-09-25 22:00:00.000000198,24.91
2013-09-25 22:00:00.000000208,5.54
2013-09-25 22:00:00.00000087,13.66
2013-09-25 22:00:00.000000116,4.89
2013-09-25 22:00:00.00000034,15.32
2013-09-25 22:00:00.000000104,11.9
2013-09-25 22:00:00.00000088,8.92
2013-09-25 22:00:00.000000218,28.24
2013-09-25 22:00:00.00000065,15.64
2013-09-25 22:00:00.000000115,11.95
2013-09-25 22:00:00.00000042,10.97
2013-09-25 22:00:00.000000234,7.12
2013-09-25 22:00:00.000000247,5.32
2013-09-25 22:00:00.000000147,14.0
2013-09-25 22:00:00.000000248,7.42
2013-09-25 22:00:00.000000162,16.44
2013-09-25 22:00:00.000000130,11.69
2013-09-25 22:00:00.000000174,5.18
2015-03-04 21:42:57.0000006,6.26
2015-04-25 01:06:17.0000005,18.58
2015-02-19 11:39:21.0000001,24.45
2015-01-29 13:15:50.0000001,5.64
2015-05-07 15:33:26.0000005,6.97
2015-02-09 07:16:26.0000005,18.03
2015-04-16 18:45:22.0000004,17.64
2015-05-31 20:48:54.0000006,39.47
2015-05-31 20:48:54.0000003,5.44
2015-06-18 20:56:55.0000001,22.34
2015-02-14 13:15:19.0000005,6.44
2015-05-10 12:37:51.0000007,7.92
2015-05-10 12:37:51.0000005,11.74
2015-05-20 00:59:15.0000002,12.11
2015-05-29 18:59:35.0000003,10.91
2015-02-25 18:00:51.0000008,9.27
2015-02-08 08:44:03.0000002,6.76
2015-05-12 08:31:07.0000003,8.75
2015-03-16 21:12:19.0000007,10.74
2014-06-14 13:39:00.000000117,7.42
2014-06-14 13:39:00.000000187,8.89
2014-06-14 13:39:00.00000099,7.83
2014-06-14 13:39:00.000000112,23.42
2014-06-14 13:39:00.00000039,12.34
2014-06-14 13:39:00.00000078,54.1
2014-06-14 13:39:00.00000084,7.68
2014-06-14 13:39:00.000000166,8.98
2014-06-14 13:39:00.00000089,6.41
2014-06-14 13:39:00.00000047,8.03
2014-06-14 13:39:00.0000001,20.48
2015-01-31 20:54:04.0000002,10.13
2011-10-02 23:36:00.0000002,6.92
2011-10-02 23:36:00.00000051,12.34
2011-06-24 12:03:00.000000182,6.65
2011-06-24 12:03:00.000000103,7.65
2011-06-24 12:03:00.0000003,6.25
2011-06-01 07:37:00.00000050,6.57
2010-08-27 18:45:00.000000216,5.48
2010-08-14 02:13:00.000000135,9.83
2014-03-25 23:47:00.00000022,6.72
2014-03-25 23:47:00.000000128,19.82
2014-03-25 23:47:00.000000105,9.03
2014-03-25 23:47:00.00000091,5.37
2014-03-25 23:47:00.00000054,8.18
2014-03-25 23:47:00.000000129,6.37
2014-03-25 23:47:00.00000063,33.7
2014-03-25 23:47:00.00000060,5.26
2014-03-25 23:47:00.00000075,20.57
2010-09-29 16:43:00.00000083,5.7
2014-10-27 14:58:00.000000145,41.29
2014-10-27 14:58:00.0000007,13.79
2014-10-27 14:58:00.00000031,13.99
2014-10-27 14:58:00.000000128,24.64
2014-10-27 14:58:00.00000097,5.23
2014-10-27 14:58:00.00000078,34.59
2014-10-27 14:58:00.000000135,9.38
2012-11-03 17:11:00.00000044,6.35
2012-11-03 17:11:00.00000050,13.9
2012-11-03 17:11:00.00000024,7.87
2012-11-03 17:11:00.00000072,12.65
2012-11-03 17:11:00.000000159,10.8
2012-11-03 17:11:00.000000126,5.87
2012-11-03 17:11:00.00000090,11.14
2011-03-11 01:44:00.00000062,31.8
2015-02-22 09:48:32.0000004,18.67
2011-10-04 09:37:00.000000102,8.99
2011-10-04 09:37:00.00000023,8.58
2014-12-24 03:00:00.0000003,5.3
2014-12-24 03:00:00.00000014,4.47
2014-12-24 03:00:00.0000002,13.1
2014-12-24 03:00:00.00000027,14.95
2015-04-11 20:31:32.0000004,7.9
2014-04-27 02:57:00.000000123,6.76
2014-04-27 02:57:00.00000078,4.22
2014-04-27 02:57:00.00000075,11.78
2014-04-27 02:57:00.000000178,4.5
2014-04-27 02:57:00.0000004,8.95
2014-04-27 02:57:00.000000166,11.59
2014-04-27 02:57:00.00000091,16.06
2014-04-27 02:57:00.000000173,7.64
2014-04-27 02:57:00.00000066,24.81
2014-04-27 02:57:00.000000183,4.73
2014-04-27 02:57:00.000000179,11.93
2014-04-27 02:57:00.000000144,7.58
2014-04-27 02:57:00.00000025,20.88
2014-04-27 02:57:00.00000052,6.74
2014-04-27 02:57:00.00000094,5.38
2014-04-27 02:57:00.000000189,21.7
2011-12-13 22:00:00.00000040,12.55
2011-12-13 22:00:00.000000228,5.08
2011-12-13 22:00:00.000000130,28.0
2011-12-13 22:00:00.000000141,5.8
2011-12-13 22:00:00.000000149,6.24
2011-12-13 22:00:00.000000224,5.05
2011-12-13 22:00:00.000000154,6.08
2011-12-13 22:00:00.000000131,8.55
2011-12-13 22:00:00.0000002,5.33
2011-12-13 22:00:00.000000221,7.85
2011-12-13 22:00:00.00000056,5.98
2011-12-13 22:00:00.000000195,7.48
2011-12-13 22:00:00.000000191,5.88
2011-12-13 22:00:00.00000059,5.43
2015-02-26 15:55:48.0000001,21.08
2014-07-21 18:19:00.000000197,6.06
2014-07-21 18:19:00.000000153,5.93
2014-07-21 18:19:00.000000159,6.5
2014-07-21 18:19:00.000000212,38.29
2014-07-21 18:19:00.00000091,6.43
2014-07-21 18:19:00.0000002,6.58
2014-07-21 18:19:00.000000142,6.08
2014-07-21 18:19:00.000000141,13.48
2014-07-21 18:19:00.000000149,7.92
2014-07-21 18:19:00.00000065,6.41
2014-07-21 18:19:00.00000033,5.55
2010-09-20 16:48:00.000000146,8.77
2010-09-20 16:48:00.00000047,13.98
2010-09-20 16:48:00.000000129,9.96
2015-01-26 07:13:44.0000005,53.84
2011-03-06 21:01:00.00000033,6.77
2012-01-26 07:33:00.00000090,5.26
2012-01-26 07:33:00.00000087,9.04
2012-01-26 07:33:00.00000012,13.12
2012-01-26 07:33:00.000000171,6.78
2012-01-26 07:33:00.00000065,31.38
2012-01-26 07:33:00.00000088,7.97
2012-01-26 07:33:00.000000119,20.63
2015-03-20 23:34:40.0000004,28.38
2010-12-09 07:29:00.0000001,9.99
2012-05-08 03:50:00.00000013,5.35
2015-03-12 19:43:24.0000003,17.86
2012-11-20 21:54:00.00000034,10.1
2012-11-20 21:54:00.000000170,9.53
2012-11-20 21:54:00.000000108,13.21
2012-11-20 21:54:00.00000031,10.22
2012-11-20 21:54:00.000000171,12.52
2012-11-20 21:54:00.00000023,8.69
2012-11-20 21:54:00.00000074,6.52
2012-11-20 21:54:00.000000122,12.43
2012-11-20 21:54:00.0000006,7.97
2012-11-20 21:54:00.000000160,10.47
2012-11-20 21:54:00.00000042,27.61
2012-11-20 21:54:00.00000039,11.44
2012-11-20 21:54:00.00000043,10.65
2012-11-20 21:54:00.000000219,6.12
2012-11-20 21:54:00.00000020,5.74
2012-11-20 21:54:00.000000222,6.66
2012-11-20 21:54:00.0000005,7.16
2012-11-20 21:54:00.000000154,11.36
2014-06-23 00:16:00.00000060,16.95
2014-06-23 00:16:00.0000008,7.39
2014-06-23 00:16:00.00000035,24.09
2014-06-23 00:16:00.00000052,11.57
2014-06-23 00:16:00.00000053,6.43
2013-09-25 22:00:00.00000056,23.94
2013-09-25 22:00:00.00000083,6.19
2013-09-25 22:00:00.000000128,6.42
2013-09-25 22:00:00.00000037,15.77
2013-09-25 22:00:00.00000013,6.35
2013-09-25 22:00:00.000000168,7.34
2013-09-25 22:00:00.000000181,6.97
2013-09-25 22:00:00.00000016,15.32
2013-09-25 22:00:00.00000063,16.38
2013-09-25 22:00:00.00000047,8.0
2013-09-25 22:00:00.000000220,16.16
2013-09-25 22:00:00.000000163,9.85
2013-09-25 22:00:00.00000077,12.76
2013-09-25 22:00:00.00000060,38.83
2013-09-25 22:00:00.000000213,18.12
2013-09-25 22:00:00.000000150,18.87
2013-09-25 22:00:00.00000010,8.68
2013-09-25 22:00:00.000000146,5.26
2013-09-25 22:00:00.00000041,8.91
2013-09-25 22:00:00.000000109,9.79
2013-09-25 22:00:00.000000210,18.63
2013-09-25 22:00:00.000000151,8.98
2013-09-25 22:00:00.000000190,14.61
2013-09-25 22:00:00.000000153,10.75
2013-09-25 22:00:00.000000241,28.04
2013-09-25 22:00:00.000000127,11.15
2015-02-20 11:08:29.0000001,17.47
2015-01-12 15:36:37.0000002,5.77
2015-06-07 00:38:14.0000002,20.38
2015-04-12 21:56:22.0000005,8.54
2015-04-10 11:56:54.0000004,9.05
2015-06-25 01:01:46.0000002,10.94
2015-05-29 10:02:42.0000001,11.54
2015-06-30 20:03:50.0000002,40.02
2015-02-27 19:36:02.0000006,24.9
2015-06-15 01:00:06.0000002,4.49
2015-02-03 09:00:58.0000001,41.78
2015-05-19 13:58:11.0000001,7.88
2015-05-10 12:37:51.0000002,10.38
2015-01-12 17:05:51.0000001,10.85
2015-04-19 20:44:15.0000001,53.35
2015-01-31 01:05:19.0000005,19.49
2015-01-18 14:06:23.0000006,8.0
